,GeoUID,Type,Region Name,Area (sq km),Population ,Dwellings ,Households ,v_CA16_5005: Total - Income statistics in 2015 for persons aged 15 years and over not in economic families in private households - 25% sample data,v_CA16_3852: Total - Aboriginal identity for the population in private households - 25% sample data,v_CA16_3999: Total - Ethnic origin for the population in private households - 25% sample data,v_CA16_3438: Total - Age at immigration for the immigrant population in private households - 25% sample data,v_CA16_3390: Total - Citizenship for the population in private households - 25% sample data,"v_CA16_5096: Total - Highest certificate, diploma or degree for the population aged 25 to 64 years in private households - 25% sample data","v_CA16_5051: Total - Highest certificate, diploma or degree for the population aged 15 years and over in private households - 25% sample data",v_CA16_5621: Total population aged 15 years and over by work activity during the reference year - 25% sample data,v_CA16_5762: Total - Place of work status for the employed labour force aged 15 years and over in private households - 25% sample data,v_CA16_5807: Bicycle
0,5350001.0,CT,Toronto,6.62211,595,274,247,120,575,575,175,580,455,505,505,380,30
1,5350002.0,CT,Toronto,3.2947,620,279,270,100,655,650,150,655,340,600,600,370,75
2,5350003.0,CT,Toronto,0.94253,749,267,258,150,455,455,180,455,345,420,425,315,20
3,5350004.0,CT,Toronto,0.34347,6686,3609,3455,2565,6350,6350,2860,6350,4360,5705,5705,3535,385
4,5350005.0,CT,Toronto,0.37611999999999995,6424,3729,3424,2380,6105,6105,2390,6105,4200,5530,5530,3650,320
5,5350006.0,CT,Toronto,0.01288,0,0,0,x,x,x,x,x,x,x,x,x,x
6,5350007.01,CT,Toronto,0.19931,3237,1827,1747,1275,3160,3160,1390,3160,2280,2840,2840,1980,185
7,5350007.02,CT,Toronto,0.43656999999999996,4753,2653,2506,1665,4590,4590,2105,4590,3075,4090,4090,2540,235
8,5350008.01,CT,Toronto,0.29723,7503,5192,4954,3525,7635,7635,1950,7635,6655,7335,7335,6605,325
9,5350008.02,CT,Toronto,1.8393700000000002,9942,6390,6060,4240,9880,9885,3475,9880,7875,9235,9235,7395,400
10,5350009.0,CT,Toronto,0.10317,567,169,166,165,280,275,95,275,190,260,265,135,10
11,5350010.01,CT,Toronto,0.26263000000000003,5428,3281,3147,2020,5245,5245,1315,5240,4115,4730,4730,3925,225
12,5350010.02,CT,Toronto,0.54735,7740,4628,4447,3165,7400,7400,2165,7395,5795,6830,6830,5425,370
13,5350011.0,CT,Toronto,0.9803700000000001,17549,15207,11891,9545,17415,17415,5235,17420,14175,16940,16935,14350,450
14,5350012.01,CT,Toronto,0.41877,11658,7449,6881,5395,11630,11630,4340,11630,8600,10840,10840,8455,380
15,5350012.03,CT,Toronto,0.46643,8865,5997,5311,4030,8750,8745,3335,8745,6795,8275,8275,6785,140
16,5350012.04,CT,Toronto,0.233,4899,3258,2956,2135,4920,4920,2065,4925,3755,4670,4670,3660,90
17,5350013.01,CT,Toronto,0.34314,6290,4499,4059,2910,6330,6330,2250,6325,4700,5985,5985,4655,40
18,5350013.02,CT,Toronto,0.41796000000000005,8126,5270,4725,2960,8050,8050,3665,8045,5785,7535,7535,5400,65
19,5350014.0,CT,Toronto,0.47266,1242,975,691,375,1185,1185,430,1185,880,1115,1115,825,10
20,5350015.0,CT,Toronto,0.28599,3663,2451,2226,1470,3650,3650,1240,3650,2635,3490,3490,2475,25
21,5350016.0,CT,Toronto,0.65971,10101,6527,6180,4225,9715,9715,2970,9720,7680,9120,9120,7330,350
22,5350017.0,CT,Toronto,1.37531,7906,5250,4663,3105,7875,7875,2765,7875,5445,7145,7145,4790,330
23,5350018.0,CT,Toronto,0.35178000000000004,2456,1319,1248,715,2390,2390,570,2390,1745,2080,2080,1510,135
24,5350019.0,CT,Toronto,0.24894000000000002,3258,1410,1365,730,3080,3080,930,3075,2030,2670,2670,1670,120
25,5350020.0,CT,Toronto,0.7386199999999999,2390,1028,1014,340,2420,2415,665,2420,1390,2005,2005,1275,35
26,5350021.0,CT,Toronto,0.8680700000000001,5199,2830,2661,1460,5165,5165,1140,5165,3200,4425,4425,3005,180
27,5350022.0,CT,Toronto,0.55462,3883,1577,1504,415,4020,4015,590,4020,2220,3150,3150,2145,85
28,5350023.0,CT,Toronto,0.68635,3208,1355,1286,430,3045,3050,590,3045,1725,2565,2560,1670,55
29,5350024.0,CT,Toronto,0.70927,6887,3136,2963,1235,6795,6790,1235,6795,4075,5480,5480,3880,215
30,5350025.0,CT,Toronto,0.5284300000000001,3456,1659,1610,755,3380,3375,640,3375,2195,2800,2800,1890,105
31,5350026.0,CT,Toronto,0.7771899999999999,6486,2894,2695,1255,6470,6470,1840,6470,4170,5330,5325,3525,250
32,5350027.0,CT,Toronto,0.48531,4390,1818,1724,715,4330,4330,1215,4330,2750,3635,3630,2290,165
33,5350028.01,CT,Toronto,0.20715999999999998,1387,728,684,315,1375,1370,300,1375,1005,1150,1150,950,50
34,5350028.02,CT,Toronto,0.46335,6198,3007,2836,1510,5900,5905,1665,5905,4040,5060,5060,3645,240
35,5350029.0,CT,Toronto,0.6866899999999999,6987,3099,2962,1625,6770,6765,2415,6770,4250,5790,5790,3670,325
36,5350030.0,CT,Toronto,0.38708000000000004,4529,2319,2195,1520,4445,4440,1660,4440,2845,3830,3830,2460,190
37,5350031.0,CT,Toronto,0.26375,6274,2864,2765,1465,6235,6235,3350,6235,3710,5215,5215,2660,110
38,5350032.0,CT,Toronto,0.4197,5363,2976,2641,2280,4240,4245,1660,4245,2890,3985,3980,2260,225
39,5350033.0,CT,Toronto,0.31956999999999997,5042,3010,2733,2045,4495,4495,1840,4495,2855,3925,3925,1890,115
40,5350034.01,CT,Toronto,0.12455,4554,2884,2268,1915,4125,4125,1740,4125,2665,3910,3915,2595,70
41,5350034.02,CT,Toronto,0.39824,5147,3409,3055,2440,4875,4880,1775,4880,3425,4560,4555,3030,95
42,5350035.0,CT,Toronto,0.66273,9876,6772,5707,4700,9845,9845,4165,9845,5970,9145,9145,5390,120
43,5350036.0,CT,Toronto,0.38343,5487,3641,3272,2615,5515,5510,2340,5510,3550,5185,5180,3300,210
44,5350037.0,CT,Toronto,0.45102,4494,2463,2116,2375,4250,4250,1600,4250,2300,4005,4005,2295,290
45,5350038.0,CT,Toronto,0.36616,3772,1820,1638,1695,3555,3550,1510,3555,2110,3285,3285,1925,275
46,5350039.0,CT,Toronto,0.31773,4192,1821,1709,1230,4145,4145,2170,4145,2375,3680,3675,1765,165
47,5350040.0,CT,Toronto,0.36873,4568,1961,1788,1250,4545,4545,1820,4545,2900,4015,4010,2410,305
48,5350041.0,CT,Toronto,0.31711999999999996,3453,1588,1453,1065,3430,3430,1300,3430,2280,3090,3090,2095,310
49,5350042.0,CT,Toronto,0.48994,4570,2150,1965,1430,4455,4455,1370,4450,2935,4015,4015,2695,450
50,5350043.0,CT,Toronto,0.55392,3965,1863,1704,1130,3805,3800,1315,3805,2530,3365,3365,2240,315
51,5350044.0,CT,Toronto,0.49063999999999997,8825,5124,4629,3645,8400,8400,2295,8400,6280,7785,7785,6170,740
52,5350045.0,CT,Toronto,0.29514,3453,1567,1468,865,3210,3215,1160,3210,2260,2895,2895,1965,290
53,5350046.0,CT,Toronto,0.42036,3281,1404,1330,790,3445,3445,1385,3445,2055,2975,2975,1825,230
54,5350047.02,CT,Toronto,0.28694000000000003,3791,2083,1947,1395,3710,3705,1665,3705,2290,3245,3245,1800,215
55,5350047.03,CT,Toronto,0.11809000000000001,703,376,361,205,795,800,160,800,585,675,675,505,85
56,5350047.04,CT,Toronto,0.27379000000000003,2846,1253,1180,605,2890,2885,805,2890,1845,2375,2380,1725,215
57,5350048.0,CT,Toronto,0.3349,3557,1660,1560,930,3480,3480,720,3475,2275,2915,2915,2045,265
58,5350049.0,CT,Toronto,0.46479,3663,1506,1426,680,3090,3090,610,3090,1955,2570,2575,1940,230
59,5350050.01,CT,Toronto,1.46504,8746,4553,4336,2030,8765,8770,2955,8770,5405,7580,7575,5040,140
60,5350050.03,CT,Toronto,1.92412,1109,606,590,245,1045,1045,320,1045,730,925,920,700,10
61,5350050.04,CT,Toronto,0.77861,5008,2291,2212,995,4985,4980,1445,4985,2845,4070,4070,2610,105
62,5350051.0,CT,Toronto,0.69119,5399,2570,2313,1350,5460,5465,1230,5460,3460,4670,4670,3370,325
63,5350052.0,CT,Toronto,0.50129,4077,1933,1839,915,4000,4000,1045,4000,2625,3355,3355,2345,295
64,5350053.0,CT,Toronto,0.6831699999999999,5982,2840,2712,1635,5855,5855,2180,5855,4010,5195,5195,3525,355
65,5350054.0,CT,Toronto,0.70239,5803,2975,2724,1840,5850,5855,2215,5855,3850,5235,5240,3475,420
66,5350055.0,CT,Toronto,0.27636,2763,1403,1320,1000,2610,2615,730,2610,1795,2325,2325,1710,320
67,5350056.0,CT,Toronto,0.50948,4772,2170,2018,1550,4845,4845,1650,4845,3100,4365,4365,2935,495
68,5350057.0,CT,Toronto,0.26644,2311,1226,1108,915,2225,2230,560,2225,1535,2085,2085,1460,210
69,5350058.0,CT,Toronto,0.38414,3980,2063,1888,1555,4075,4075,1165,4075,2640,3715,3715,2540,445
70,5350059.0,CT,Toronto,0.36663,3837,1621,1447,1305,3185,3185,880,3180,1870,2940,2940,1980,390
71,5350060.0,CT,Toronto,0.27159,2685,1669,1471,1265,2750,2750,775,2755,1690,2540,2540,1720,150
72,5350061.0,CT,Toronto,0.76722,1085,536,475,370,740,740,355,740,400,690,690,340,15
73,5350062.01,CT,Toronto,0.10685,5595,3852,3302,2335,5515,5510,2080,5510,3190,5045,5045,2705,90
74,5350062.02,CT,Toronto,0.58534,9084,6837,5374,4620,9060,9060,3790,9060,4715,8635,8635,4530,105
75,5350063.03,CT,Toronto,0.09337999999999999,5104,3640,3405,2620,4975,4970,1885,4975,3725,4820,4820,3525,135
76,5350063.04,CT,Toronto,0.14093,3370,2409,2264,1980,3080,3080,985,3080,2205,3015,3015,2010,115
77,5350063.05,CT,Toronto,0.12992,4331,3429,2943,2460,4435,4440,1635,4435,3070,4315,4320,3030,120
78,5350063.06,CT,Toronto,0.19221,5171,3761,3519,2950,5165,5165,1665,5165,3800,4985,4985,3320,130
79,5350064.0,CT,Toronto,0.19472,4311,2898,2683,2085,4110,4110,1420,4105,3205,3955,3950,2915,175
80,5350065.01,CT,Toronto,0.08613,2483,1496,1394,1210,2435,2430,1140,2435,1775,2235,2235,1605,70
81,5350065.02,CT,Toronto,0.14340999999999998,11821,5715,5481,3575,11810,11815,6920,11815,7250,9885,9885,5200,230
82,5350066.0,CT,Toronto,0.32848,7608,4597,4425,3370,6940,6945,2635,6945,4680,6575,6575,4240,325
83,5350067.0,CT,Toronto,0.6634399999999999,1694,868,814,385,1685,1685,500,1690,995,1475,1475,995,125
84,5350068.0,CT,Toronto,0.43058,2367,1296,1203,665,2360,2360,645,2360,1515,2135,2135,1450,260
85,5350069.0,CT,Toronto,0.8727299999999999,4923,2011,1894,775,4910,4910,1345,4910,2950,4045,4045,2805,305
86,5350070.0,CT,Toronto,0.44642,3512,1774,1712,970,3345,3345,795,3345,2105,2910,2905,2035,125
87,5350071.0,CT,Toronto,0.46398,3481,1521,1402,490,3420,3420,785,3415,1930,2780,2780,1945,185
88,5350072.01,CT,Toronto,0.40518000000000004,4586,1949,1864,755,4470,4465,1470,4465,2570,3650,3655,2050,160
89,5350072.02,CT,Toronto,0.5369,3141,1320,1261,555,3220,3220,950,3220,1945,2625,2630,1690,145
90,5350073.0,CT,Toronto,0.35718,2605,1077,1007,495,2620,2620,935,2620,1575,2260,2260,1355,80
91,5350074.0,CT,Toronto,0.3998,3848,1710,1598,840,3925,3925,1225,3925,2490,3245,3245,2015,205
92,5350075.0,CT,Toronto,0.49858,4083,1839,1760,815,3985,3985,1320,3985,2345,3350,3350,2115,125
93,5350076.0,CT,Toronto,0.45743999999999996,4415,1993,1937,870,4620,4620,1290,4615,2735,3755,3755,2405,115
94,5350077.0,CT,Toronto,0.6104,4670,1968,1907,765,4435,4430,995,4435,2775,3555,3555,2425,160
95,5350078.0,CT,Toronto,0.77495,6016,2980,2854,1305,5915,5915,1340,5910,3650,4980,4980,3190,135
96,5350079.0,CT,Toronto,1.01839,7327,2986,2887,1000,7145,7145,1485,7145,4095,5665,5665,3900,135
97,5350080.01,CT,Toronto,0.47192,3352,1496,1428,680,3360,3360,755,3360,2135,2815,2810,1905,45
98,5350080.02,CT,Toronto,0.39054,4686,2073,2011,1060,4590,4595,2345,4595,2745,3835,3835,2135,50
99,5350081.0,CT,Toronto,0.36798000000000003,2848,1140,1076,435,2850,2850,770,2850,1645,2305,2305,1595,75
100,5350082.0,CT,Toronto,0.3084,2766,1060,1027,480,2740,2740,790,2740,1635,2225,2225,1470,95
101,5350083.0,CT,Toronto,0.44642,4052,1908,1822,875,4005,4010,1290,4005,2255,3420,3425,2040,125
102,5350084.0,CT,Toronto,0.40903,3810,1613,1498,685,3665,3665,855,3670,2030,2970,2965,1975,120
103,5350085.0,CT,Toronto,0.49901,3994,2154,2078,1285,3975,3980,940,3975,2615,3520,3520,2405,135
104,5350086.0,CT,Toronto,1.1385,2661,965,921,300,2505,2505,425,2505,1255,2050,2050,1300,25
105,5350087.0,CT,Toronto,1.60971,5155,2652,2491,1185,5185,5180,1255,5180,2555,4555,4555,2505,135
106,5350088.0,CT,Toronto,0.22973000000000002,3249,1997,1821,1095,3160,3160,1510,3165,1845,2970,2970,1775,40
107,5350089.0,CT,Toronto,0.32969,3896,2995,2345,1485,3665,3665,1315,3665,2160,3505,3510,2090,35
108,5350090.0,CT,Toronto,0.39427,4144,2584,2347,1430,3930,3925,1235,3930,2375,3635,3635,2275,55
109,5350091.01,CT,Toronto,0.51145,6031,3639,3224,2275,5165,5165,1480,5165,3060,4915,4915,3055,245
110,5350091.02,CT,Toronto,0.32714,3525,2288,2009,1605,3495,3490,1015,3490,2370,3210,3210,2140,230
111,5350092.0,CT,Toronto,0.62885,7278,4113,3718,2895,6990,6985,1830,6990,4695,6345,6350,4595,560
112,5350093.0,CT,Toronto,0.61785,5652,2490,2291,1420,5400,5405,1395,5405,3255,4680,4685,3150,550
113,5350094.0,CT,Toronto,0.6389199999999999,4950,2177,2048,1090,4825,4830,1750,4830,3015,4220,4220,2755,370
114,5350095.0,CT,Toronto,0.31549,3095,1392,1319,1030,3180,3180,1100,3175,2075,2875,2875,1950,270
115,5350096.01,CT,Toronto,0.20052999999999999,1658,694,658,420,1695,1690,635,1690,1025,1490,1490,850,135
116,5350096.02,CT,Toronto,0.34918000000000005,3336,1494,1398,820,3285,3285,1375,3285,2115,2965,2965,1850,240
117,5350097.01,CT,Toronto,0.3825,4322,1758,1621,1010,3985,3985,1800,3985,2585,3435,3435,2260,215
118,5350097.03,CT,Toronto,0.17179,1207,783,679,555,1215,1220,560,1215,790,1080,1085,520,45
119,5350097.04,CT,Toronto,0.32489,5462,2528,2392,1615,5505,5505,2160,5510,3750,4895,4895,3355,230
120,5350098.0,CT,Toronto,0.71535,7099,3123,3002,1550,7095,7095,2745,7090,4565,6095,6095,3925,305
121,5350099.0,CT,Toronto,0.5813,6585,3380,3241,1875,6550,6555,2165,6550,4400,5620,5620,3900,230
122,5350100.0,CT,Toronto,0.28925,2956,1492,1432,875,2740,2740,730,2735,1905,2360,2355,1685,135
123,5350101.0,CT,Toronto,0.43013999999999997,3128,1595,1464,845,3240,3235,745,3240,2190,2810,2810,2080,155
124,5350102.02,CT,Toronto,0.11565999999999999,4313,2688,2535,1695,4305,4310,1880,4310,3020,3945,3950,2545,65
125,5350102.03,CT,Toronto,0.13087000000000001,3682,2178,2095,1180,3700,3700,1665,3700,2535,3330,3335,2330,80
126,5350102.04,CT,Toronto,0.10128999999999999,671,309,285,135,615,615,180,610,390,510,510,355,15
127,5350102.05,CT,Toronto,0.11899000000000001,861,359,340,135,825,830,200,825,490,670,670,455,30
128,5350103.0,CT,Toronto,0.83794,6050,2627,2527,1030,5810,5815,1585,5810,3325,4895,4900,3155,145
129,5350104.0,CT,Toronto,0.73732,5525,2141,2054,580,5635,5635,1165,5635,3230,4470,4470,3080,130
130,5350105.0,CT,Toronto,0.55453,4509,1917,1790,685,4480,4485,1145,4485,2690,3750,3755,2555,200
131,5350106.0,CT,Toronto,1.37076,3773,1427,1343,590,3620,3620,1930,3615,2285,3080,3085,2065,35
132,5350107.0,CT,Toronto,0.71899,5085,1880,1751,530,5085,5085,2515,5080,3025,4325,4325,2590,70
133,5350108.0,CT,Toronto,0.73607,6013,2679,2475,1260,6005,6010,2860,6010,3630,5095,5095,2870,135
134,5350109.0,CT,Toronto,0.62602,5496,2299,2203,980,5415,5415,2255,5415,3545,4705,4705,3255,170
135,5350110.0,CT,Toronto,0.5455399999999999,3577,1557,1434,615,3660,3660,1635,3665,2305,3165,3165,2080,60
136,5350111.0,CT,Toronto,0.45581000000000005,2507,968,902,225,2450,2450,1205,2450,1405,2125,2125,1210,25
137,5350112.0,CT,Toronto,0.5017199999999999,5295,2181,2035,870,5315,5320,2445,5315,3280,4585,4585,2840,140
138,5350113.0,CT,Toronto,0.38225,2754,1197,1118,510,2680,2680,815,2680,1645,2325,2325,1585,130
139,5350114.0,CT,Toronto,0.62462,5349,2471,2369,1455,5165,5165,1665,5160,2870,4420,4425,2725,190
140,5350115.0,CT,Toronto,0.37543000000000004,4372,1670,1597,645,3935,3935,1580,3935,2395,3415,3415,2185,240
141,5350116.0,CT,Toronto,0.67913,4628,2044,1921,1065,4150,4150,1105,4155,2650,3550,3545,2560,180
142,5350117.0,CT,Toronto,0.39107,2211,1165,1106,665,2195,2190,480,2195,1320,1930,1925,1280,70
143,5350118.0,CT,Toronto,0.69384,4127,2183,1990,950,4130,4130,1055,4130,2110,3655,3655,2230,100
144,5350119.0,CT,Toronto,0.8519,4630,2485,2310,1305,4565,4560,1345,4565,2495,4060,4055,2540,45
145,5350120.0,CT,Toronto,0.25722,1381,697,654,300,1325,1320,275,1325,705,1120,1120,755,30
146,5350121.0,CT,Toronto,0.29736,2659,1629,1448,830,2475,2475,600,2475,1450,2290,2290,1425,10
147,5350122.0,CT,Toronto,0.53381,6220,3655,3443,2065,6235,6235,1785,6235,3530,5575,5570,3535,90
148,5350123.0,CT,Toronto,0.07501000000000001,2268,1494,1467,1050,2260,2265,920,2265,1715,2115,2110,1540,25
149,5350124.0,CT,Toronto,0.55675,5416,3470,3278,2135,5245,5250,1580,5245,3010,4845,4850,2930,75
150,5350125.0,CT,Toronto,1.12047,4442,1618,1543,330,4520,4520,730,4520,2230,3580,3580,2305,50
151,5350126.0,CT,Toronto,1.44927,4248,1746,1693,575,4350,4345,985,4345,2380,3355,3355,2220,60
152,5350127.0,CT,Toronto,0.74046,5450,2325,2236,840,5350,5350,1330,5350,3070,4345,4345,2975,65
153,5350128.02,CT,Toronto,0.51869,8705,5052,4766,2890,8355,8355,3050,8355,5675,7550,7550,5300,70
154,5350128.04,CT,Toronto,0.16199000000000002,4698,2994,2927,2015,4585,4585,1690,4585,3050,4195,4200,2860,30
155,5350128.05,CT,Toronto,0.18162999999999999,945,366,304,145,670,670,170,670,435,580,575,430,20
156,5350128.06,CT,Toronto,0.08584,4199,2601,2523,1740,4215,4215,1855,4215,3055,3860,3860,2745,45
157,5350129.0,CT,Toronto,0.9274100000000001,5770,2787,2622,1235,5725,5725,1370,5725,3385,4775,4775,3310,75
158,5350130.0,CT,Toronto,1.27901,3543,1365,1279,390,3375,3375,730,3375,1790,2860,2860,1810,35
159,5350131.0,CT,Toronto,1.04439,5310,2505,2360,1140,5365,5360,1360,5360,2965,4640,4635,2880,85
160,5350132.0,CT,Toronto,0.92464,5467,2155,2038,805,5330,5335,1805,5330,2890,4350,4350,2970,45
161,5350133.0,CT,Toronto,0.66745,7339,3629,3408,1785,7340,7340,3170,7335,4215,6260,6265,3990,50
162,5350134.0,CT,Toronto,0.41703999999999997,2959,1076,1033,245,2870,2865,525,2865,1630,2280,2280,1580,45
163,5350135.0,CT,Toronto,0.71622,6047,3316,3054,1635,6080,6080,1810,6080,3795,5225,5225,3505,70
164,5350136.01,CT,Toronto,0.19196,6128,4023,3779,2530,6135,6135,2385,6135,4470,5685,5680,4010,50
165,5350136.02,CT,Toronto,0.21013,4983,3459,3198,2295,4965,4965,2150,4965,3450,4685,4685,3105,35
166,5350137.0,CT,Toronto,0.9142100000000001,7077,3644,3509,1935,7060,7060,2205,7055,4195,6080,6080,3855,90
167,5350138.0,CT,Toronto,0.96546,3103,1250,1181,390,3050,3050,605,3050,1510,2575,2575,1430,15
168,5350139.01,CT,Toronto,0.7736,4167,1904,1824,740,4220,4220,1190,4225,2375,3460,3465,2275,30
169,5350139.02,CT,Toronto,0.50952,2542,961,920,280,2670,2670,495,2670,1365,2120,2120,1325,20
170,5350140.0,CT,Toronto,0.57204,2408,826,791,160,2305,2305,360,2305,1170,1835,1830,1140,25
171,5350141.01,CT,Toronto,0.5504100000000001,4320,1685,1620,445,4305,4305,1065,4305,2345,3370,3375,2295,30
172,5350141.02,CT,Toronto,0.6875899999999999,4477,1624,1561,325,4575,4570,950,4575,2285,3495,3495,2260,35
173,5350142.0,CT,Toronto,1.0439200000000002,5810,2313,2237,770,5685,5680,1325,5680,3050,4410,4405,2890,20
174,5350150.0,CT,Toronto,1.10899,4201,1640,1586,565,4235,4235,925,4235,2415,3415,3415,2300,65
175,5350151.0,CT,Toronto,0.65559,3784,1577,1535,470,3750,3745,1475,3750,1940,2870,2870,1585,60
176,5350152.0,CT,Toronto,0.8546299999999999,4545,1846,1764,540,4435,4435,1165,4430,2590,3550,3550,2455,135
177,5350153.0,CT,Toronto,0.92761,4462,1783,1685,605,4375,4380,2040,4380,2630,3760,3760,2230,55
178,5350154.0,CT,Toronto,2.15888,6157,2899,2818,1380,6235,6235,2815,6235,3460,5465,5465,2985,10
179,5350155.0,CT,Toronto,0.81296,3128,1316,1206,505,3030,3030,1400,3030,1725,2415,2410,1215,0
180,5350156.01,CT,Toronto,0.60545,5688,2365,2273,970,5765,5760,3320,5760,2905,4715,4715,2345,20
181,5350156.02,CT,Toronto,0.59201,2811,1124,1073,420,2830,2830,1455,2830,1620,2380,2380,1405,0
182,5350157.0,CT,Toronto,0.48528000000000004,2635,1107,1016,330,2655,2655,1410,2660,1585,2195,2190,1340,15
183,5350158.0,CT,Toronto,0.63989,2848,1346,1250,695,2960,2955,1660,2955,1545,2560,2560,1225,15
184,5350159.01,CT,Toronto,0.49246999999999996,3487,1386,1223,385,3395,3390,1915,3390,1970,2885,2885,1625,10
185,5350159.02,CT,Toronto,0.5753199999999999,4723,1843,1709,520,4690,4695,2615,4690,2720,3980,3980,2315,25
186,5350160.0,CT,Toronto,0.73445,3116,1246,1143,475,2975,2975,1560,2975,1760,2495,2495,1545,15
187,5350161.0,CT,Toronto,0.81126,6839,2689,2537,910,6935,6935,3725,6935,4165,5925,5925,3605,55
188,5350162.0,CT,Toronto,0.57575,5119,2059,1952,840,4845,4850,2570,4845,2680,4110,4115,2510,50
189,5350163.0,CT,Toronto,0.45421999999999996,4358,1882,1762,880,4435,4435,1910,4435,2675,3800,3800,2380,125
190,5350164.0,CT,Toronto,0.6282300000000001,6258,2629,2515,995,6085,6085,2600,6085,3690,5150,5150,3250,195
191,5350165.0,CT,Toronto,0.48493,4370,2031,1943,1030,4290,4290,1310,4295,2570,3605,3600,2500,135
192,5350166.0,CT,Toronto,0.78603,4180,1691,1625,640,4185,4185,1085,4185,2315,3375,3380,2215,35
193,5350167.01,CT,Toronto,0.13410999999999998,1879,1483,1312,885,1855,1860,670,1860,1055,1790,1790,1075,30
194,5350167.02,CT,Toronto,0.60145,5815,3143,2998,1825,5745,5745,2270,5750,3760,5090,5090,3550,110
195,5350168.0,CT,Toronto,0.56552,5475,2665,2458,1305,5595,5595,2880,5600,3005,4775,4775,2780,60
196,5350169.01,CT,Toronto,0.3781,3472,1457,1334,645,3510,3510,2110,3515,2110,3015,3015,1875,10
197,5350169.02,CT,Toronto,0.43778,7464,3318,3202,1495,7310,7310,4450,7310,4585,6410,6410,4070,40
198,5350170.0,CT,Toronto,1.01423,3321,1305,1201,425,3385,3385,2000,3385,1910,2930,2935,1680,10
199,5350171.0,CT,Toronto,0.6081,4055,1613,1522,575,3800,3795,2095,3800,2035,3130,3125,1565,10
200,5350172.0,CT,Toronto,1.21015,2522,1183,1128,545,2575,2570,1335,2570,1530,2125,2130,1200,10
201,5350173.0,CT,Toronto,0.60145,3694,1528,1438,630,3785,3785,1965,3785,2070,3025,3025,1585,0
202,5350174.0,CT,Toronto,1.06328,7264,2751,2723,1110,6815,6815,4055,6815,3940,5645,5645,3230,10
203,5350175.01,CT,Toronto,0.8012600000000001,6036,2551,2406,1110,6025,6020,3175,6025,3440,4940,4940,2620,0
204,5350175.02,CT,Toronto,0.74248,7679,3813,3585,1975,7635,7635,4160,7635,4370,6235,6235,3290,10
205,5350176.0,CT,Toronto,1.00471,4277,1697,1609,585,4030,4030,1340,4030,2375,3430,3430,2195,20
206,5350180.0,CT,Toronto,0.6138,6556,2875,2765,1285,6365,6365,2650,6365,4005,5280,5280,3210,35
207,5350181.01,CT,Toronto,0.57055,4313,1940,1858,815,4305,4300,1145,4305,2830,3680,3680,2485,105
208,5350181.02,CT,Toronto,0.60182,3552,1664,1591,740,3545,3545,1055,3550,2105,3010,3005,1900,70
209,5350182.0,CT,Toronto,0.7605,5531,2297,2186,710,5345,5345,1615,5345,3225,4400,4405,2860,110
210,5350183.01,CT,Toronto,0.52409,2603,1048,1007,355,2650,2650,885,2650,1465,2230,2230,1355,65
211,5350183.02,CT,Toronto,0.42813,3938,1584,1522,495,4050,4050,1035,4050,2400,3245,3245,2115,130
212,5350184.01,CT,Toronto,0.47406000000000004,5108,2346,2307,1050,5030,5035,2035,5030,2895,4180,4175,2435,95
213,5350184.02,CT,Toronto,0.56201,3768,1694,1642,775,3690,3685,1390,3685,2275,3180,3185,1905,50
214,5350185.01,CT,Toronto,0.49918999999999997,6810,3507,3394,1855,6845,6850,2945,6845,4310,5925,5925,3595,205
215,5350185.02,CT,Toronto,1.2288700000000001,4689,2305,2269,1260,4480,4480,1850,4480,2760,3950,3950,2440,90
216,5350186.0,CT,Toronto,1.9107599999999998,2416,949,913,305,2390,2390,530,2390,1220,1935,1935,1165,30
217,5350187.0,CT,Toronto,1.21045,3448,1424,1351,455,3525,3525,1025,3525,2025,2910,2910,1900,55
218,5350188.0,CT,Toronto,0.55199,2017,842,797,300,2005,2000,610,2000,1070,1645,1645,1060,40
219,5350189.0,CT,Toronto,1.2395100000000001,5462,2226,2180,960,5370,5375,1970,5370,2925,4535,4535,2430,25
220,5350190.01,CT,Toronto,0.40226999999999996,9127,3577,3507,1525,9120,9120,6060,9120,5315,7250,7250,3820,20
221,5350190.02,CT,Toronto,0.5813,4765,2102,2026,925,4705,4705,1980,4705,2690,3835,3835,2060,20
222,5350191.0,CT,Toronto,0.8230299999999999,4229,1853,1779,780,4280,4280,1430,4275,2630,3675,3670,2270,40
223,5350192.0,CT,Toronto,0.92037,905,462,440,270,915,915,390,915,495,770,770,395,0
224,5350193.0,CT,Toronto,1.41592,3314,1070,1043,245,3230,3230,1120,3230,1680,2580,2580,1460,10
225,5350194.01,CT,Toronto,0.2315,5498,1482,1463,415,5725,5725,3900,5720,2715,3765,3765,1600,25
226,5350194.02,CT,Toronto,0.34635,6240,1934,1923,615,5760,5760,3585,5760,2920,4180,4185,1915,10
227,5350194.03,CT,Toronto,0.25016,2933,1238,1229,610,2805,2805,1970,2805,1400,2250,2250,1130,0
228,5350194.04,CT,Toronto,2.29209,6437,2571,2508,920,6550,6550,3820,6555,3610,5050,5050,2765,20
229,5350195.01,CT,Toronto,0.9462,4483,1656,1604,475,4455,4455,960,4455,2405,3510,3510,2340,60
230,5350195.02,CT,Toronto,0.37813,2317,920,894,300,2380,2380,525,2380,1240,1860,1860,1215,45
231,5350196.01,CT,Toronto,0.3774,1977,811,775,235,1870,1865,410,1870,965,1555,1555,935,25
232,5350196.02,CT,Toronto,1.10548,5635,2376,2250,750,5550,5545,945,5550,2945,4505,4505,2840,75
233,5350200.01,CT,Toronto,0.6408,5614,3143,3055,1720,5570,5565,2790,5570,3440,5025,5025,2870,70
234,5350200.02,CT,Toronto,0.14209000000000002,981,680,649,480,1035,1035,365,1035,720,975,975,685,15
235,5350201.0,CT,Toronto,0.75952,5371,2989,2776,1565,5435,5435,2200,5435,3345,4755,4755,3000,50
236,5350202.0,CT,Toronto,0.33589,1647,653,631,240,1655,1655,455,1660,1015,1345,1340,935,25
237,5350203.0,CT,Toronto,0.58927,3160,1507,1431,690,2935,2935,955,2935,1940,2565,2565,1710,25
238,5350204.0,CT,Toronto,0.74088,4537,2310,2210,1085,4615,4610,1205,4615,2710,3820,3815,2510,105
239,5350205.0,CT,Toronto,0.7337199999999999,149,0,0,x,x,x,x,x,x,x,x,x,x
240,5350206.01,CT,Toronto,1.13878,4217,2151,2041,1095,4145,4140,1510,4140,2565,3595,3590,2350,45
241,5350206.02,CT,Toronto,1.08513,5867,2994,2774,1490,5920,5925,1935,5925,3640,5135,5135,3375,65
242,5350207.0,CT,Toronto,0.67366,2605,1285,1181,780,2550,2545,865,2545,1655,2310,2310,1470,25
243,5350208.0,CT,Toronto,1.29403,4172,2062,1981,1105,4125,4125,1895,4125,2395,3550,3550,1920,25
244,5350209.0,CT,Toronto,0.69308,2718,1338,1252,740,2610,2610,945,2610,1480,2285,2285,1310,20
245,5350210.01,CT,Toronto,2.96012,3083,1008,971,230,2670,2670,1170,2670,1680,2225,2225,1515,20
246,5350210.02,CT,Toronto,0.94935,11390,9168,7016,4185,11410,11405,4565,11405,8250,10665,10665,7815,85
247,5350211.0,CT,Toronto,3.27116,6350,2512,2447,815,6345,6340,2315,6340,3620,5490,5490,3330,40
248,5350212.0,CT,Toronto,1.7065400000000002,5704,2220,2169,740,5685,5685,1655,5690,3350,4775,4775,3080,25
249,5350213.01,CT,Toronto,0.94226,2666,1021,990,290,2660,2660,985,2660,1510,2290,2290,1370,15
250,5350213.02,CT,Toronto,7.044739999999999,6045,3246,3134,1625,5805,5800,2830,5805,4120,5275,5280,3840,0
251,5350214.0,CT,Toronto,2.8237799999999997,5069,2466,2389,1075,5110,5110,1935,5105,3295,4485,4490,3140,15
252,5350215.0,CT,Toronto,2.60049,6748,2991,2789,1050,6625,6625,2510,6625,3960,5710,5710,3750,55
253,5350216.0,CT,Toronto,1.9993,5532,2238,2163,610,5440,5440,1320,5440,3040,4545,4540,2960,50
254,5350217.0,CT,Toronto,1.33055,5692,2917,2756,1415,5690,5690,2910,5690,3555,4825,4825,2915,50
255,5350218.0,CT,Toronto,0.6829999999999999,2652,1060,1025,240,2640,2635,535,2640,1340,2100,2100,1335,30
256,5350219.0,CT,Toronto,1.36063,4427,1690,1644,485,4500,4500,1370,4500,2365,3660,3660,2155,50
257,5350220.0,CT,Toronto,1.32212,4177,1597,1584,485,4250,4245,1705,4250,2350,3575,3575,2245,20
258,5350221.01,CT,Toronto,1.64542,6377,2751,2725,915,6205,6205,2185,6200,2985,5535,5535,2870,20
259,5350221.02,CT,Toronto,0.80501,5202,2167,2064,870,4855,4855,2440,4855,3005,4145,4150,2730,50
260,5350222.01,CT,Toronto,1.28483,6699,2626,2557,850,6695,6700,3140,6700,3695,5630,5625,3545,0
261,5350222.02,CT,Toronto,1.2002,5141,1830,1782,475,4910,4910,2155,4910,2665,3890,3890,2230,15
262,5350223.01,CT,Toronto,0.8724200000000001,1522,536,530,95,1510,1510,540,1505,785,1265,1270,790,10
263,5350223.02,CT,Toronto,0.8724700000000001,2136,793,771,185,2115,2115,615,2120,1140,1835,1830,1135,0
264,5350224.0,CT,Toronto,1.04417,1696,578,573,75,1695,1695,450,1695,915,1400,1405,875,0
265,5350225.01,CT,Toronto,0.93466,4981,2387,2316,995,4980,4980,2280,4985,2680,4435,4435,2485,10
266,5350225.02,CT,Toronto,0.3048,9706,5006,4859,2695,9445,9440,5095,9440,6165,8300,8300,5270,25
267,5350226.0,CT,Toronto,0.9533299999999999,3167,1262,1212,300,3030,3030,660,3025,1550,2495,2495,1435,0
268,5350227.0,CT,Toronto,0.49183999999999994,1750,637,626,135,1850,1855,315,1850,965,1525,1525,995,0
269,5350228.0,CT,Toronto,0.883,3131,1418,1362,510,3050,3050,725,3050,1485,2665,2665,1430,30
270,5350229.0,CT,Toronto,0.32031,1223,393,384,65,1235,1235,255,1235,615,895,900,570,0
271,5350230.01,CT,Toronto,1.50655,2537,1109,1082,395,2340,2340,765,2335,1290,2020,2020,1210,10
272,5350230.02,CT,Toronto,0.9858399999999999,6537,2775,2606,910,6395,6395,3355,6395,3510,5550,5545,3330,10
273,5350231.0,CT,Toronto,3.02848,6461,2722,2566,845,6460,6460,1820,6460,3485,5505,5505,3365,20
274,5350232.0,CT,Toronto,2.04605,3825,1348,1306,210,3740,3745,1000,3740,1805,3175,3170,1795,0
275,5350233.0,CT,Toronto,2.0806,5530,2032,1982,370,5610,5610,1915,5605,2925,4695,4695,2855,0
276,5350234.0,CT,Toronto,2.11718,4524,1645,1600,325,4445,4445,1700,4445,2225,3660,3660,2160,0
277,5350235.01,CT,Toronto,1.40707,2841,1009,997,240,2830,2835,1085,2835,1510,2420,2420,1500,10
278,5350235.02,CT,Toronto,1.07805,5277,2039,2010,565,5340,5335,2535,5335,2900,4655,4660,2700,15
279,5350236.01,CT,Toronto,0.98685,6646,2560,2519,845,6615,6615,3365,6615,3615,5625,5625,3185,15
280,5350236.02,CT,Toronto,4.07421,5946,2284,2256,635,5905,5905,2880,5905,3120,5155,5160,3005,10
281,5350237.01,CT,Toronto,1.1853200000000002,6816,2468,2410,750,6815,6810,3995,6815,3325,5370,5370,2745,0
282,5350237.02,CT,Toronto,0.9550299999999999,2986,1077,1061,240,3035,3035,1245,3035,1555,2505,2500,1385,0
283,5350237.03,CT,Toronto,1.0689799999999998,5638,2626,2544,1100,5580,5585,2500,5580,2850,4905,4905,2500,10
284,5350238.01,CT,Toronto,1.03807,3350,1259,1231,295,3425,3420,1110,3425,1795,2960,2960,1725,0
285,5350238.02,CT,Toronto,0.98177,5244,2070,1953,615,5285,5285,2570,5285,2890,4335,4335,2515,10
286,5350239.0,CT,Toronto,2.55782,6481,2511,2383,695,6430,6430,2875,6430,3310,5190,5195,2845,25
287,5350240.01,CT,Toronto,1.2726899999999999,3366,1291,1263,285,3285,3285,1185,3290,1580,2845,2845,1580,10
288,5350240.02,CT,Toronto,1.04495,6043,2621,2558,975,5745,5740,2855,5745,2960,5005,5000,2620,0
289,5350241.0,CT,Toronto,1.0982,3231,1030,1003,270,2790,2790,1070,2790,1510,2365,2365,1450,10
290,5350242.0,CT,Toronto,0.67084,1674,610,575,155,1580,1580,725,1575,810,1290,1295,670,0
291,5350243.01,CT,Toronto,0.31518,6658,2236,2142,985,6570,6570,3980,6570,2985,5035,5040,2040,10
292,5350243.02,CT,Toronto,1.2154,3617,1342,1304,440,3695,3700,2005,3695,1935,3175,3180,1845,0
293,5350244.01,CT,Toronto,1.45046,5677,2009,1945,650,5705,5700,2790,5700,3060,4730,4730,2695,10
294,5350244.02,CT,Toronto,1.46584,3779,1335,1274,460,3745,3745,1940,3745,1865,2910,2910,1480,10
295,5350245.0,CT,Toronto,1.42111,6934,2672,2567,885,6845,6845,3410,6845,3860,5690,5685,3220,25
296,5350246.0,CT,Toronto,1.0727,3595,1317,1279,505,3515,3515,1560,3510,1895,3035,3035,1660,0
297,5350247.01,CT,Toronto,17.35024,8727,2931,2748,930,8630,8630,5065,8630,4790,7275,7275,4400,10
298,5350247.02,CT,Toronto,3.22582,7167,2537,2385,745,7165,7165,3830,7165,3865,6055,6055,3530,20
299,5350248.02,CT,Toronto,1.23696,5671,1864,1784,635,5595,5595,3135,5595,2570,4270,4270,1830,0
300,5350248.03,CT,Toronto,3.7960800000000003,2619,789,754,295,2600,2600,1630,2600,1365,2160,2160,1315,0
301,5350248.04,CT,Toronto,1.51177,4771,1671,1496,900,4715,4715,2700,4715,2430,4050,4050,2345,30
302,5350248.05,CT,Toronto,1.15519,4332,1413,1310,610,4085,4085,2535,4085,2180,3585,3585,1865,0
303,5350249.01,CT,Toronto,0.82975,4650,1428,1341,300,4515,4515,2915,4515,2305,3835,3830,2035,0
304,5350249.03,CT,Toronto,2.96801,5696,1704,1592,375,5695,5690,3470,5690,3065,4720,4725,2685,0
305,5350249.04,CT,Toronto,0.6863199999999999,3344,999,952,265,3480,3480,2220,3480,1860,2870,2870,1530,15
306,5350249.05,CT,Toronto,0.64364,5476,1584,1534,315,5430,5430,3905,5430,2920,4225,4230,2115,0
307,5350250.01,CT,Toronto,1.40913,5432,1618,1545,510,5100,5100,3005,5100,2745,4295,4295,2215,0
308,5350250.02,CT,Toronto,1.99197,4928,1854,1735,550,5020,5020,2455,5025,2620,4100,4100,2320,15
309,5350250.04,CT,Toronto,0.50556,6206,2057,1994,655,6275,6270,3960,6275,3350,4605,4605,2600,10
310,5350250.05,CT,Toronto,0.70576,7607,2288,2270,675,7535,7535,5360,7535,4020,5925,5930,2860,10
311,5350260.01,CT,Toronto,0.7288,6748,2431,2398,885,6600,6600,4465,6600,3530,5555,5555,2995,10
312,5350260.04,CT,Toronto,0.1881,4147,1498,1480,530,4170,4175,2775,4175,2170,3185,3180,1525,10
313,5350260.05,CT,Toronto,0.2543,4020,1369,1332,370,4035,4035,2170,4035,1870,2835,2840,1065,10
314,5350260.06,CT,Toronto,0.95204,3348,1132,1116,415,3295,3295,2105,3295,1965,2650,2650,1580,0
315,5350260.07,CT,Toronto,0.35736999999999997,3670,1534,1504,550,3810,3810,2510,3810,2005,3310,3310,1695,20
316,5350261.0,CT,Toronto,1.92395,5501,2284,2194,960,5180,5180,3040,5180,2640,4465,4465,2025,0
317,5350262.01,CT,Toronto,0.67091,5736,2752,2728,1270,5845,5845,2850,5845,3395,4890,4890,2910,0
318,5350262.02,CT,Toronto,2.16555,6273,2526,2490,965,6160,6155,3290,6160,3405,5195,5195,2810,20
319,5350263.02,CT,Toronto,2.00598,3471,1680,1629,735,3445,3445,1675,3445,1775,3035,3030,1640,15
320,5350263.03,CT,Toronto,1.56059,4906,2106,2060,920,4475,4475,2190,4475,2710,3825,3825,2465,15
321,5350263.04,CT,Toronto,0.69962,6531,3616,3536,1805,6380,6375,3485,6380,3610,5765,5770,3070,0
322,5350264.0,CT,Toronto,3.4653400000000003,1301,482,435,85,1305,1305,625,1305,600,1135,1140,595,0
323,5350265.0,CT,Toronto,2.6864,4756,1855,1742,470,4650,4650,1355,4645,2315,3820,3820,2070,25
324,5350266.0,CT,Toronto,2.7633799999999997,3209,1141,1064,205,3235,3235,1165,3235,1625,2790,2790,1495,10
325,5350267.0,CT,Toronto,2.71113,6368,2133,2062,410,6415,6415,3120,6415,3165,5270,5270,3065,10
326,5350268.0,CT,Toronto,3.0571,6419,2938,2837,1185,6285,6285,2735,6285,3065,5495,5490,2765,25
327,5350269.01,CT,Toronto,0.75312,5056,2354,2081,955,5010,5010,3035,5010,2885,4280,4280,2330,0
328,5350269.02,CT,Toronto,1.76908,2569,951,923,185,2610,2605,1010,2605,1375,2185,2190,1345,10
329,5350270.01,CT,Toronto,1.1240700000000001,4980,2117,1953,755,5030,5030,2440,5035,2865,4240,4240,2525,0
330,5350270.02,CT,Toronto,0.75775,4264,1636,1611,460,4200,4200,1435,4200,2205,3330,3335,2000,0
331,5350271.01,CT,Toronto,0.8935,2429,899,893,230,2550,2550,930,2550,1365,2155,2155,1305,15
332,5350271.02,CT,Toronto,0.7092,4815,1765,1749,540,4685,4685,2105,4685,2410,3795,3795,2010,10
333,5350272.01,CT,Toronto,0.4552,5987,2408,2342,975,5925,5925,3495,5925,3340,4845,4845,2730,0
334,5350272.02,CT,Toronto,0.99884,4705,1791,1763,555,4710,4710,2755,4715,2565,4060,4060,2325,10
335,5350273.01,CT,Toronto,3.2065799999999998,4014,1311,1231,215,3865,3860,1745,3860,1930,3245,3250,1850,10
336,5350273.02,CT,Toronto,1.28882,4160,1530,1477,400,4180,4180,2230,4185,2090,3565,3565,1910,10
337,5350274.01,CT,Toronto,1.52481,4900,1788,1756,550,4820,4815,2420,4820,2665,4005,4010,2465,0
338,5350274.02,CT,Toronto,1.3313700000000002,4738,2056,1964,665,4815,4815,2435,4815,2645,4225,4225,2255,0
339,5350275.0,CT,Toronto,1.9755900000000002,5836,2451,2347,890,5900,5905,1570,5900,2800,5035,5035,2825,30
340,5350276.01,CT,Toronto,1.22609,6446,2764,2642,1140,6260,6260,1950,6260,3160,5010,5010,3045,10
341,5350276.02,CT,Toronto,1.28263,6870,2514,2398,720,6720,6720,2045,6725,3490,5370,5375,3370,30
342,5350277.0,CT,Toronto,1.02778,4084,1323,1220,375,4225,4225,1240,4225,1910,3145,3145,1945,20
343,5350278.0,CT,Toronto,1.3337,7734,2944,2679,1135,7355,7355,2640,7355,3530,5790,5790,3290,20
344,5350279.01,CT,Toronto,1.21444,4028,1665,1523,560,4060,4055,2105,4060,2205,3515,3510,1970,20
345,5350279.02,CT,Toronto,1.57835,6503,2195,2117,735,5815,5810,3185,5810,3115,4955,4960,2705,0
346,5350280.0,CT,Toronto,2.1417200000000003,7333,2993,2920,1065,7290,7290,3985,7285,4015,6030,6035,3535,15
347,5350281.01,CT,Toronto,0.96206,6484,2324,2256,690,6475,6475,3680,6475,3625,5280,5280,3040,10
348,5350281.02,CT,Toronto,0.41638000000000003,3940,1350,1306,430,3945,3940,2065,3945,2075,3030,3035,1615,0
349,5350282.0,CT,Toronto,2.22534,4480,1663,1607,445,4380,4375,1730,4375,2545,3795,3795,2390,0
350,5350283.01,CT,Toronto,0.9285,5399,1965,1938,710,5080,5080,2855,5080,2635,4100,4105,2080,0
351,5350283.02,CT,Toronto,1.1671200000000002,4542,1761,1712,480,4675,4675,2250,4675,2080,3720,3720,1650,0
352,5350284.0,CT,Toronto,1.41266,6840,2427,2349,760,6610,6610,3605,6610,3670,5550,5550,3225,10
353,5350285.0,CT,Toronto,1.1118,3271,1269,1207,410,3255,3250,1645,3255,1710,2820,2815,1500,0
354,5350286.0,CT,Toronto,3.24625,4273,1987,1704,690,4155,4155,1985,4155,2235,3595,3595,1995,10
355,5350287.02,CT,Toronto,1.0580399999999999,6732,2401,2246,985,6340,6345,3585,6345,3235,4940,4940,2980,40
356,5350287.03,CT,Toronto,0.48415,3432,1444,1305,575,3355,3355,1390,3355,1620,2600,2605,1195,10
357,5350287.04,CT,Toronto,0.5939399999999999,4474,2069,2017,1030,4830,4825,2165,4825,2365,3750,3750,2330,15
358,5350288.0,CT,Toronto,2.6307099999999997,9970,4165,4002,1835,9925,9930,4515,9925,5875,8220,8215,5545,65
359,5350289.0,CT,Toronto,1.3028,4713,1779,1725,675,4465,4460,2395,4465,2460,3835,3835,2180,0
360,5350290.01,CT,Toronto,0.94404,3620,1515,1475,590,3755,3755,2235,3755,2115,3115,3120,1895,0
361,5350290.02,CT,Toronto,0.34585,1534,782,717,295,1715,1715,870,1715,1070,1440,1440,1000,0
362,5350291.02,CT,Toronto,1.1464299999999998,4947,2010,1927,860,4795,4790,2650,4795,2545,4025,4030,2040,0
363,5350291.03,CT,Toronto,0.41741000000000006,2302,945,903,340,2320,2315,1235,2315,1220,2025,2020,1010,0
364,5350291.04,CT,Toronto,0.51571,1585,680,654,255,1620,1620,980,1620,895,1390,1390,755,0
365,5350292.0,CT,Toronto,3.7421800000000003,6721,2893,2247,840,6700,6700,3890,6705,3795,5435,5435,3180,10
366,5350293.0,CT,Toronto,2.0619,6242,2197,2103,585,6335,6335,3200,6335,3470,5180,5180,3125,10
367,5350294.01,CT,Toronto,0.8592299999999999,4386,1586,1547,410,4510,4505,2360,4505,2350,3610,3610,2000,0
368,5350294.02,CT,Toronto,1.02545,4504,1453,1384,480,4450,4450,2605,4450,2355,3810,3810,2000,0
369,5350295.0,CT,Toronto,1.0824,5180,2035,1907,700,5055,5055,2880,5050,2840,4325,4325,2530,0
370,5350296.0,CT,Toronto,4.6433,64,19,19,x,70,75,30,70,45,70,70,40,0
371,5350297.01,CT,Toronto,1.13952,7313,3119,3027,1385,7160,7155,4360,7155,4080,6185,6185,3710,15
372,5350297.02,CT,Toronto,1.50956,6502,2716,2552,1075,6495,6495,2965,6495,3485,5435,5435,3165,15
373,5350298.0,CT,Toronto,2.27223,4661,1605,1566,465,4745,4750,1690,4750,2625,3760,3760,2470,10
374,5350299.01,CT,Toronto,2.8929099999999996,6256,2319,2207,770,6075,6075,2360,6080,3450,5025,5025,3185,20
375,5350299.02,CT,Toronto,0.1593,5247,3019,2815,1510,5240,5240,3025,5240,3400,4865,4865,2875,0
376,5350300.0,CT,Toronto,1.03364,13667,7532,6956,3685,13660,13660,7535,13660,9455,12170,12170,7940,10
377,5350301.01,CT,Toronto,0.90166,2915,1087,1071,275,2950,2950,1475,2950,1660,2435,2435,1460,0
378,5350301.03,CT,Toronto,0.2736,6949,2944,2789,1430,6760,6755,4225,6755,4060,5610,5610,3190,10
379,5350301.04,CT,Toronto,1.42622,5859,2615,2502,1265,5995,6000,3820,6000,3705,5165,5165,3065,10
380,5350302.01,CT,Toronto,1.2292100000000001,6253,2406,2358,760,6250,6250,3690,6250,3330,5515,5515,2950,20
381,5350302.02,CT,Toronto,1.08389,6140,2092,2037,715,6155,6155,3885,6155,3240,5280,5280,2790,15
382,5350302.03,CT,Toronto,0.69385,3425,1205,1124,435,3400,3395,2200,3400,1890,2965,2965,1565,0
383,5350303.0,CT,Toronto,1.0632700000000002,5355,1893,1819,605,5270,5275,3730,5270,3005,4375,4375,2430,0
384,5350304.01,CT,Toronto,0.24931,4541,1633,1610,510,4625,4625,3090,4625,2650,3720,3715,2180,0
385,5350304.02,CT,Toronto,1.21224,4777,1885,1832,580,4465,4460,2540,4465,2535,3950,3950,2205,0
386,5350304.03,CT,Toronto,0.9954700000000001,2898,994,968,170,2930,2925,1745,2930,1630,2475,2475,1420,0
387,5350304.04,CT,Toronto,0.23444,3724,1415,1404,435,3760,3760,2580,3755,2230,3055,3050,1825,10
388,5350304.05,CT,Toronto,0.703,2847,1112,1096,555,2910,2910,1955,2910,1350,2625,2625,1135,10
389,5350304.06,CT,Toronto,0.74893,5807,2258,2207,910,5800,5800,3980,5795,3235,5045,5045,2770,0
390,5350305.01,CT,Toronto,2.44425,4451,1626,1564,355,4345,4345,2580,4345,2260,3860,3865,1990,10
391,5350305.03,CT,Toronto,0.71145,4914,2338,2178,875,4955,4960,2895,4955,2765,4340,4340,2450,10
392,5350305.04,CT,Toronto,1.00966,9133,5153,4822,2585,8905,8905,5405,8905,6175,8050,8050,5110,10
393,5350306.01,CT,Toronto,1.17222,4574,1586,1478,295,4685,4680,2745,4685,2485,3995,3995,2085,0
394,5350306.02,CT,Toronto,1.1185200000000002,4793,1831,1714,700,4670,4670,2915,4675,2630,4030,4030,2265,10
395,5350307.03,CT,Toronto,0.11010999999999999,5039,2359,2238,1045,5105,5105,3640,5100,2920,4520,4515,1985,0
396,5350307.04,CT,Toronto,0.15295,7035,3530,3360,1610,6960,6960,4445,6960,4395,6240,6240,3360,10
397,5350307.05,CT,Toronto,0.10463,3581,2038,1926,1080,3550,3550,2205,3555,2445,3265,3265,1945,10
398,5350307.06,CT,Toronto,0.10419,5424,2374,2266,935,5325,5325,3795,5325,3355,4630,4635,2445,0
399,5350307.07,CT,Toronto,1.22458,6321,2651,2366,1035,6305,6300,3755,6300,3585,5480,5480,2730,10
400,5350308.02,CT,Toronto,1.42465,4310,1688,1588,500,4305,4305,1880,4305,2370,3645,3645,2075,40
401,5350308.03,CT,Toronto,0.39669,1147,425,385,155,1095,1095,470,1095,570,925,925,530,0
402,5350308.04,CT,Toronto,1.08521,11479,5941,5576,3070,11270,11270,7040,11270,6560,10290,10290,5160,15
403,5350309.0,CT,Toronto,0.74182,6383,2354,2308,970,6255,6255,4385,6255,3580,5365,5365,3220,10
404,5350310.01,CT,Toronto,1.42763,3512,1271,1204,365,3395,3395,1175,3395,1790,2850,2855,1740,0
405,5350310.02,CT,Toronto,2.23548,5048,2028,1858,720,5025,5030,2480,5030,2840,4230,4230,2550,0
406,5350311.02,CT,Toronto,0.89054,5823,2308,2141,865,5780,5780,3405,5780,3055,4865,4865,2525,25
407,5350311.03,CT,Toronto,0.79713,2651,923,863,285,2685,2690,1410,2685,1365,2360,2360,1305,10
408,5350311.04,CT,Toronto,0.95755,6552,2436,2247,665,6550,6550,4065,6550,3520,5520,5520,3105,25
409,5350311.05,CT,Toronto,0.34549,6823,2681,2593,1580,6605,6610,3900,6605,3715,5585,5585,3200,35
410,5350311.06,CT,Toronto,10.24442,5744,2703,2326,2135,5945,5945,2805,5945,3535,5190,5195,3100,20
411,5350312.02,CT,Toronto,0.524,3448,1185,1077,445,3230,3230,2005,3230,1725,2630,2625,1375,10
412,5350312.03,CT,Toronto,1.48726,6420,2219,2164,695,6240,6235,3555,6235,3195,5125,5125,2660,10
413,5350312.04,CT,Toronto,0.72554,5763,1820,1718,550,5685,5685,3380,5685,2795,4355,4355,1995,15
414,5350312.05,CT,Toronto,0.34586999999999996,3836,1348,1295,455,4045,4040,2275,4040,1975,2980,2975,1360,10
415,5350312.06,CT,Toronto,0.45843999999999996,3444,1086,1058,325,3495,3495,2025,3495,1710,2785,2785,1310,10
416,5350312.07,CT,Toronto,0.6247,3076,1312,1221,515,3070,3070,1955,3070,1320,2740,2740,1190,0
417,5350313.0,CT,Toronto,2.89834,5554,1945,1808,580,5550,5550,2900,5550,2870,4585,4580,2700,10
418,5350314.01,CT,Toronto,0.4281,5036,1741,1676,575,5050,5050,3345,5050,2660,3855,3855,1980,0
419,5350314.02,CT,Toronto,1.12467,4955,1704,1568,440,4930,4930,3185,4935,2610,4145,4145,2180,10
420,5350315.01,CT,Toronto,1.51758,3368,1223,1122,295,3250,3245,1860,3245,1580,2880,2880,1445,10
421,5350315.02,CT,Toronto,0.42796000000000006,3543,1170,1076,320,3485,3490,2220,3490,1675,2860,2865,1375,0
422,5350315.03,CT,Toronto,6.01015,5505,1895,1699,470,5680,5675,3200,5675,2945,4515,4515,2385,0
423,5350316.01,CT,Toronto,1.7746,3910,1301,1224,325,3750,3750,2270,3755,1915,3265,3260,1615,25
424,5350316.03,CT,Toronto,0.40066,5888,2039,1948,655,5990,5990,3750,5990,3260,4635,4635,2210,20
425,5350316.04,CT,Toronto,0.46506000000000003,4275,1760,1679,795,4160,4160,2365,4155,1960,3215,3215,1400,10
426,5350316.05,CT,Toronto,0.40614,3992,1373,1309,505,4015,4015,2345,4010,2055,3110,3110,1530,15
427,5350316.06,CT,Toronto,0.40499,3672,1198,1164,300,3645,3645,1970,3645,1835,2740,2740,1360,15
428,5350317.02,CT,Toronto,0.43231,7347,3408,3336,1725,7400,7400,5370,7400,3905,6595,6590,3335,25
429,5350317.03,CT,Toronto,1.19309,3688,1264,1245,345,3620,3620,2155,3620,2015,3165,3165,1790,10
430,5350317.04,CT,Toronto,0.72206,6627,2594,2534,910,6580,6580,4640,6580,3605,5590,5590,3295,15
431,5350317.05,CT,Toronto,0.54133,2229,834,811,405,2270,2275,1600,2270,1235,2005,2010,1130,0
432,5350318.0,CT,Toronto,1.9063700000000001,8574,3568,3330,1675,8550,8550,5305,8550,4995,7635,7630,4165,15
433,5350319.0,CT,Toronto,1.20157,4191,1616,1527,575,4045,4045,2480,4045,2355,3575,3580,1850,10
434,5350320.01,CT,Toronto,0.73678,5197,2103,2036,875,5050,5055,3620,5055,2685,4345,4345,2340,20
435,5350320.02,CT,Toronto,0.8527600000000001,5869,2129,2067,975,5985,5985,4265,5980,3440,5275,5270,3035,10
436,5350321.01,CT,Toronto,1.25768,3830,1340,1258,455,3860,3860,2385,3860,2215,3410,3410,1840,0
437,5350321.02,CT,Toronto,1.2172,4030,1497,1429,475,3965,3965,2545,3965,2280,3510,3510,1840,10
438,5350322.01,CT,Toronto,0.20805,4737,2371,2242,1175,4695,4695,3055,4695,2920,4305,4305,2405,15
439,5350322.02,CT,Toronto,1.40695,3500,1262,1185,610,3010,3010,1965,3015,1525,2725,2725,1285,10
440,5350323.01,CT,Toronto,1.04061,4289,1746,1706,570,4320,4320,2485,4320,2210,3775,3775,1965,0
441,5350323.02,CT,Toronto,1.8599900000000003,5367,1935,1849,505,4620,4615,2755,4620,2150,4185,4185,2130,10
442,5350324.01,CT,Toronto,1.1954,3498,1214,1143,255,3720,3720,2290,3720,1930,3195,3195,1620,0
443,5350324.02,CT,Toronto,1.89369,6123,2256,2133,615,6215,6215,3945,6215,3330,5415,5420,2725,0
444,5350324.03,CT,Toronto,2.16991,3862,1762,1701,770,3985,3985,2580,3990,1560,3685,3685,1480,0
445,5350324.05,CT,Toronto,0.65612,3388,1405,1382,625,3285,3280,2375,3285,1540,2905,2905,1405,10
446,5350324.06,CT,Toronto,0.65762,3561,1219,1182,235,3430,3430,2385,3430,1905,2800,2795,1660,0
447,5350330.0,CT,Toronto,2.19348,4288,1757,1730,515,4135,4135,1110,4130,2205,3620,3615,2085,10
448,5350331.01,CT,Toronto,1.52013,5629,2287,2261,835,5515,5520,2025,5520,2685,4745,4740,2490,0
449,5350331.03,CT,Toronto,0.51039,6162,1931,1877,480,6120,6120,3750,6120,3080,4495,4500,2040,0
450,5350331.04,CT,Toronto,1.06015,3212,1288,1261,495,3090,3090,1565,3090,1705,2685,2685,1540,0
451,5350332.0,CT,Toronto,1.52621,7350,2914,2785,1095,7220,7220,3665,7220,3875,5895,5895,2980,0
452,5350333.0,CT,Toronto,2.39935,4695,1710,1644,430,4710,4705,1515,4705,2515,3920,3915,2220,10
453,5350334.0,CT,Toronto,2.38519,3500,1358,1274,355,3435,3435,830,3435,1850,2895,2900,1780,10
454,5350335.0,CT,Toronto,2.2315099999999997,7740,3026,2984,1140,7660,7655,3495,7655,4105,6435,6435,3415,15
455,5350336.0,CT,Toronto,1.63381,6772,2553,2393,830,6580,6580,2515,6580,3835,5635,5630,3370,30
456,5350337.01,CT,Toronto,0.20168,721,357,316,130,740,740,210,735,425,590,590,360,0
457,5350337.02,CT,Toronto,0.61933,2155,888,862,355,1860,1860,460,1855,1050,1560,1565,835,10
458,5350338.0,CT,Toronto,1.6501299999999999,5956,2729,2627,1185,5825,5825,1450,5830,3525,4960,4955,2965,30
459,5350339.0,CT,Toronto,1.8385099999999999,6687,3110,3000,1205,6685,6685,1435,6680,3700,5610,5610,3405,70
460,5350340.0,CT,Toronto,1.27488,6771,2557,2457,890,6745,6745,3230,6745,3930,5565,5560,3180,15
461,5350341.02,CT,Toronto,0.77866,4379,1860,1777,1030,4105,4100,2050,4105,2390,3550,3550,1925,10
462,5350341.03,CT,Toronto,0.40538,3436,1465,1334,550,3535,3535,2240,3535,1890,2550,2550,1065,0
463,5350341.04,CT,Toronto,0.67099,6030,2261,2171,940,5970,5970,3225,5970,3340,4655,4650,2260,25
464,5350342.0,CT,Toronto,1.2329700000000001,7561,2414,2376,560,7375,7375,4175,7375,4225,6015,6010,3670,25
465,5350343.0,CT,Toronto,1.09816,4218,1620,1517,615,4210,4205,1930,4210,2330,3515,3510,1925,0
466,5350344.01,CT,Toronto,1.06274,5186,1990,1880,850,5390,5390,2985,5390,2970,4580,4585,2545,10
467,5350344.02,CT,Toronto,0.22083000000000003,3365,1850,1829,1015,3150,3150,1860,3150,1885,2745,2750,1280,0
468,5350345.0,CT,Toronto,0.78754,3938,1328,1258,405,3835,3835,2020,3835,2145,3245,3245,1855,15
469,5350346.01,CT,Toronto,1.5199799999999999,4634,1717,1609,535,4720,4720,2600,4725,2570,3755,3755,2055,20
470,5350346.02,CT,Toronto,0.40049,5388,2066,2029,685,5385,5385,3245,5385,3125,4365,4365,2640,10
471,5350347.0,CT,Toronto,1.50409,2833,931,924,270,2600,2605,1395,2605,1520,2195,2200,1450,10
472,5350348.0,CT,Toronto,2.31904,5601,2007,1972,605,5370,5370,2380,5370,3050,4455,4455,2735,40
473,5350349.0,CT,Toronto,0.8761700000000001,5720,2335,2309,1060,5760,5760,3125,5760,3255,4825,4825,2730,25
474,5350350.0,CT,Toronto,3.3616599999999996,5419,2063,1986,750,5305,5310,2575,5305,2910,4470,4470,2450,20
475,5350351.01,CT,Toronto,0.9748600000000001,5497,2130,2051,910,5605,5605,3055,5605,3000,4690,4690,2475,10
476,5350351.02,CT,Toronto,0.56565,2756,1116,1088,410,2620,2620,1490,2620,1535,2245,2245,1180,10
477,5350352.0,CT,Toronto,1.1271200000000001,5309,1945,1892,725,5180,5185,3040,5185,2960,4355,4355,2450,15
478,5350353.02,CT,Toronto,1.21341,5305,1697,1649,520,5290,5285,2880,5285,2795,4300,4295,2335,0
479,5350353.03,CT,Toronto,0.40919,3107,1100,1075,335,3030,3035,1930,3030,1745,2590,2590,1495,0
480,5350353.04,CT,Toronto,0.62956,4509,1650,1590,495,4415,4415,2565,4415,2290,3490,3490,1700,10
481,5350354.0,CT,Toronto,1.33283,5403,1826,1695,525,5215,5210,2915,5215,2790,4460,4460,2580,25
482,5350355.02,CT,Toronto,1.105,5214,1980,1919,610,5210,5205,3020,5210,2760,4420,4420,2315,0
483,5350355.04,CT,Toronto,0.5770000000000001,5270,1810,1776,595,4975,4975,2970,4975,2735,4025,4025,2270,0
484,5350355.05,CT,Toronto,0.31432,3033,1056,993,445,3020,3020,1660,3020,1570,2355,2355,1245,0
485,5350355.06,CT,Toronto,0.1923,1643,603,559,180,1600,1605,850,1600,810,1205,1205,510,0
486,5350356.0,CT,Toronto,1.55598,4833,1633,1555,490,4600,4600,2275,4605,2465,3890,3890,2205,15
487,5350357.01,CT,Toronto,1.05106,7123,2490,2404,975,6840,6840,4240,6840,3280,5360,5360,2355,0
488,5350357.02,CT,Toronto,1.10589,4940,1774,1693,545,5210,5210,2440,5210,2565,3865,3860,1710,0
489,5350358.01,CT,Toronto,1.1101299999999998,3397,1180,1129,370,3380,3380,1565,3380,1840,2820,2820,1490,10
490,5350358.02,CT,Toronto,0.6179100000000001,4732,2021,1955,830,4770,4770,2275,4770,2490,3910,3915,1965,0
491,5350358.03,CT,Toronto,1.09741,5598,2304,2217,1095,5415,5415,2865,5415,3005,4605,4600,2305,10
492,5350359.0,CT,Toronto,2.23634,7558,2773,2687,1005,7405,7405,4050,7405,3960,6025,6025,2950,0
493,5350360.0,CT,Toronto,4.55616,6107,2040,1998,480,5990,5985,2590,5990,3280,5035,5035,2870,10
494,5350361.01,CT,Toronto,2.95729,5804,1963,1928,370,5790,5790,1845,5790,2885,4960,4955,2805,0
495,5350361.02,CT,Toronto,2.46272,7558,2476,2451,395,7550,7550,3145,7550,4080,6230,6235,3835,0
496,5350362.01,CT,Toronto,2.5287900000000003,6300,2153,2083,525,6180,6180,3260,6175,3260,5215,5215,2955,0
497,5350362.02,CT,Toronto,1.9434900000000002,5628,1731,1626,305,5620,5615,3090,5615,3120,4875,4870,2800,15
498,5350362.03,CT,Toronto,3.3025800000000003,6866,2176,2074,555,6850,6850,3930,6850,3490,6055,6055,3290,10
499,5350362.04,CT,Toronto,1.3530799999999998,5019,1796,1756,640,4910,4910,2630,4910,2605,4225,4225,2285,0
500,5350363.02,CT,Toronto,1.19757,3253,1115,1106,305,3180,3180,1485,3180,1665,2770,2770,1500,0
501,5350363.04,CT,Toronto,1.12713,3668,1119,1106,250,3785,3785,2315,3780,2045,3120,3125,1880,0
502,5350363.05,CT,Toronto,0.50329,4538,1776,1694,810,4480,4475,2660,4480,2390,3575,3575,1805,0
503,5350363.06,CT,Toronto,0.82891,7307,3439,3326,1485,7270,7270,4570,7265,4510,6245,6240,3650,0
504,5350363.07,CT,Toronto,2.2765400000000002,5338,1971,1925,990,5260,5260,3370,5260,2640,4285,4285,1895,0
505,5350364.01,CT,Toronto,2.90673,5996,2034,1973,660,5710,5710,3040,5710,3040,4810,4810,2580,10
506,5350364.02,CT,Toronto,0.74379,3053,1004,957,345,2955,2950,1565,2950,1560,2495,2495,1430,0
507,5350365.0,CT,Toronto,1.5674,6497,2028,1946,595,6470,6475,3705,6470,3430,5395,5400,2885,0
508,5350366.0,CT,Toronto,1.44064,6136,2143,2069,610,6155,6155,3360,6155,3305,5090,5085,2740,10
509,5350367.01,CT,Toronto,0.71324,4710,1398,1375,440,4650,4655,2875,4650,2465,3705,3700,1995,0
510,5350367.02,CT,Toronto,1.0306799999999998,3548,1218,1186,410,3600,3600,1770,3600,1855,3080,3075,1645,20
511,5350368.01,CT,Toronto,0.8884700000000001,6843,3786,3582,2220,6835,6835,3870,6830,3960,6245,6240,3305,10
512,5350368.02,CT,Toronto,1.57328,4315,1464,1399,560,3790,3790,2135,3790,1870,3315,3315,1660,0
513,5350369.0,CT,Toronto,2.4665,8094,2520,2441,540,7970,7970,4065,7970,4040,6300,6300,3150,10
514,5350370.01,CT,Toronto,1.76665,9977,3792,3725,1280,9740,9740,6290,9740,5600,7940,7940,4410,10
515,5350370.02,CT,Toronto,2.27382,5580,1849,1803,520,5390,5390,3325,5390,3000,4470,4470,2775,20
516,5350370.03,CT,Toronto,0.8572299999999999,4137,1409,1357,530,4070,4065,2035,4065,2265,3365,3360,1865,10
517,5350371.0,CT,Toronto,3.7152300000000005,7626,2691,2570,790,7345,7345,3335,7345,4105,6240,6240,3445,20
518,5350372.0,CT,Toronto,1.33184,4346,1504,1440,375,4470,4470,2300,4470,2460,3830,3830,2190,0
519,5350373.0,CT,Toronto,0.9606899999999999,4806,1869,1801,750,4670,4670,2565,4670,2670,3970,3970,2240,15
520,5350374.01,CT,Toronto,1.18795,4848,1717,1656,465,4765,4765,2930,4765,2755,4100,4100,2300,15
521,5350374.02,CT,Toronto,0.80225,3215,1084,1053,275,3115,3115,1940,3115,1570,2760,2760,1435,10
522,5350374.03,CT,Toronto,0.80821,4184,1718,1655,820,4355,4360,2880,4355,2340,3790,3790,1915,0
523,5350375.01,CT,Toronto,0.95309,6324,2817,2733,1225,6145,6145,4100,6145,3050,5450,5445,2395,15
524,5350375.02,CT,Toronto,0.61463,1959,702,694,195,2045,2045,925,2050,1020,1715,1715,965,0
525,5350375.03,CT,Toronto,0.81361,5318,1917,1866,645,5220,5220,3095,5220,2800,4335,4335,2255,0
526,5350375.04,CT,Toronto,0.9242799999999999,5300,1667,1633,515,5365,5370,3500,5365,2950,4610,4605,2475,0
527,5350375.05,CT,Toronto,1.13069,7208,2484,2449,650,6935,6940,4055,6935,3790,5890,5890,3230,10
528,5350376.01,CT,Toronto,1.04665,5094,1697,1584,435,5005,5005,3040,5010,2690,4225,4225,2100,10
529,5350376.02,CT,Toronto,0.8583,5176,1656,1614,565,5270,5270,3645,5270,2970,4310,4310,2215,15
530,5350376.04,CT,Toronto,1.1940600000000001,5460,1866,1804,550,4985,4985,3475,4985,2615,4310,4310,2050,0
531,5350376.05,CT,Toronto,1.30767,6860,2045,1998,950,6850,6850,4840,6850,3810,5955,5955,2700,10
532,5350376.06,CT,Toronto,2.19192,484,229,219,135,375,375,370,375,75,375,375,35,0
533,5350376.08,CT,Toronto,0.87879,6157,2176,2123,635,6050,6055,4220,6055,3205,5365,5365,2685,15
534,5350376.09,CT,Toronto,0.80105,4638,1644,1602,470,4775,4775,3560,4775,2545,4215,4215,2080,10
535,5350376.11,CT,Toronto,0.47043999999999997,3416,1067,1014,315,3420,3420,2190,3420,1785,2870,2870,1430,10
536,5350376.12,CT,Toronto,0.91215,5318,1922,1887,515,5305,5305,3565,5305,2750,4670,4670,2320,10
537,5350376.13,CT,Toronto,0.51098,3902,1386,1362,415,3885,3880,2940,3880,1945,3465,3465,1550,0
538,5350376.14,CT,Toronto,0.7362,3763,1091,1053,300,3780,3775,2630,3780,2045,3180,3175,1615,0
539,5350376.15,CT,Toronto,0.92289,3696,1574,1518,420,3690,3685,2780,3690,1775,3400,3400,1480,0
540,5350376.16,CT,Toronto,0.27148,4226,1672,1621,740,3840,3835,2185,3835,1920,3055,3055,1390,10
541,5350377.01,CT,Toronto,2.06027,8996,3752,3574,1640,9050,9055,5750,9050,5440,7895,7895,4385,25
542,5350377.02,CT,Toronto,1.9059599999999999,4405,1493,1407,365,4325,4320,2745,4320,2340,3855,3855,1905,10
543,5350377.03,CT,Toronto,0.65012,2815,892,868,295,2800,2800,1775,2800,1530,2420,2425,1205,10
544,5350377.04,CT,Toronto,0.8833200000000001,5939,1746,1682,450,5950,5945,4085,5945,3270,5125,5125,2620,20
545,5350377.06,CT,Toronto,0.51169,3809,1001,980,410,3630,3630,2645,3630,2240,3155,3155,1515,0
546,5350377.07,CT,Toronto,0.76461,4857,1321,1282,495,4655,4650,3190,4650,2675,4020,4020,2010,20
547,5350378.02,CT,Toronto,1.05954,3257,979,929,475,3250,3250,1960,3250,1625,2800,2800,1410,0
548,5350378.03,CT,Toronto,2.2069099999999997,7363,2503,2434,715,7355,7360,4415,7355,4210,6275,6275,3680,10
549,5350378.04,CT,Toronto,1.27906,6148,1826,1753,455,5995,5995,3755,6000,3105,4800,4795,2565,10
550,5350378.05,CT,Toronto,0.7275699999999999,3907,1235,1201,255,3900,3900,2245,3905,2115,3165,3160,1820,0
551,5350378.06,CT,Toronto,1.7906,6063,1754,1671,355,6050,6055,3875,6055,3215,4915,4910,2725,10
552,5350378.07,CT,Toronto,2.80032,7099,2311,2226,620,6845,6845,4635,6845,3755,5850,5850,3170,0
553,5350378.08,CT,Toronto,0.88574,6263,1997,1953,505,6350,6345,4340,6350,3505,5505,5500,2920,10
554,5350378.11,CT,Toronto,0.9633700000000001,5693,1748,1713,490,5840,5845,3640,5845,3175,4750,4750,2675,0
555,5350378.12,CT,Toronto,0.78391,5181,1904,1828,580,5180,5180,2975,5180,2540,4200,4205,2095,10
556,5350378.14,CT,Toronto,0.9291299999999999,3892,1184,1168,270,3940,3945,2715,3940,2080,3245,3245,1655,10
557,5350378.16,CT,Toronto,0.63484,6103,2005,1923,485,6035,6040,4115,6040,3365,5090,5090,2840,10
558,5350378.17,CT,Toronto,0.47397,3336,961,903,165,3395,3395,1875,3395,1720,2690,2690,1525,10
559,5350378.18,CT,Toronto,0.09093,2765,1114,1100,365,2590,2590,1865,2590,1355,2210,2210,965,0
560,5350378.19,CT,Toronto,4.5159199999999995,5162,1438,1411,295,5285,5285,3595,5285,2975,4480,4480,2410,10
561,5350378.2,CT,Toronto,0.10951,2093,775,769,205,2125,2125,1560,2130,1110,1850,1850,945,0
562,5350378.21,CT,Toronto,0.70181,3948,1056,1043,330,4020,4015,2620,4020,2205,3385,3385,1725,0
563,5350378.22,CT,Toronto,0.53214,3454,891,877,295,3380,3380,2415,3380,1905,2910,2910,1430,10
564,5350378.23,CT,Toronto,1.53025,4095,1334,1302,460,4025,4025,2770,4020,2075,3620,3620,1705,10
565,5350378.24,CT,Toronto,2.52877,6109,2218,2147,680,5760,5760,4305,5760,2995,5085,5085,2410,10
566,5350378.25,CT,Toronto,4.76673,7931,1885,1858,240,7845,7850,5120,7845,4285,6310,6305,3865,10
567,5350378.26,CT,Toronto,1.66052,4761,1165,1144,100,4840,4840,3010,4840,2685,3885,3885,2405,10
568,5350378.27,CT,Toronto,20.2249,5806,1556,1530,310,5795,5795,3590,5795,3290,4620,4625,2840,0
569,5350378.28,CT,Toronto,2.25257,7175,2041,1925,360,7160,7155,4185,7160,3855,6020,6020,3350,0
570,5350802.01,CT,Toronto,2.2159999999999997,3829,1290,1267,180,3755,3755,1665,3750,2045,3095,3095,1995,0
571,5350802.02,CT,Toronto,2.4403099999999998,5675,1844,1826,330,5585,5585,2120,5590,3080,4755,4755,2945,0
