,GeoUID,Type,Region Name,Area (sq km),Population ,Dwellings ,Households ,v_CA16_2: Age Stats,v_CA16_3: Age Stats,v_CA16_418: Private households by household size,v_CA16_478: Total - Census families in private households by family size - 100% data,v_CA16_478: Total - Census families in private households by family size - 100% data.1,v_CA16_2201: Total - Income statistics in 2015 for the population aged 15 years and over in private households - 100% data,v_CA16_2246: Total - Total income groups in 2015 for the population aged 15 years and over in private households - 100% data,v_CA16_2345: Total - Employment income groups in 2015 for the population aged 15 years and over in private households - 100% data,v_CA16_2396: Total - Income statistics in 2015 for private households by household size - 100% data,v_CA16_2399: Total - Income statistics in 2015 for one-person private households - 100% data,v_CA16_2402: Total - Income statistics in 2015 for two-or-more-person private households - 100% data,v_CA16_2405: Total - Household total income groups in 2015 for private households - 100% data,v_CA16_2446: Total - Income statistics in 2015 for economic families in private households - 100% data,v_CA16_2450: Total - Income statistics in 2015 for couple economic families without children or other relatives in private households - 100% data,v_CA16_2454: Total - Income statistics in 2015 for couple economic families with children in private households - 100% data,v_CA16_2462: Total - Income statistics in 2015 for persons aged 15 years and over not in economic families in private households - 100% data,v_CA16_5807: Bicycle
0,5350001.0,CT,Toronto,6.62211,595,274,247,310,285,245,175,175,510,510,510,245,65,185,245,175,70,70,100,30
1,5350002.0,CT,Toronto,3.2947,620,279,270,305,315,270,185,185,530,530,530,270,75,195,270,185,90,55,105,75
2,5350003.0,CT,Toronto,0.94253,749,267,258,370,380,260,130,130,425,430,430,260,120,140,255,130,70,40,140,20
3,5350004.0,CT,Toronto,0.34347,6686,3609,3455,3395,3290,3455,1325,1325,5705,5700,5700,3455,1795,1655,3455,1375,505,465,2530,385
4,5350005.0,CT,Toronto,0.37611999999999995,6424,3729,3424,3090,3330,3420,1355,1355,5530,5530,5530,3425,1720,1700,3425,1400,595,365,2420,320
5,5350006.0,CT,Toronto,0.01288,0,0,0,x,x,x,x,x,x,x,x,x,x,x,x,x,x,x,x,x
6,5350007.01,CT,Toronto,0.19931,3237,1827,1747,1665,1570,1750,685,685,2820,2820,2815,1750,920,825,1745,710,295,235,1255,185
7,5350007.02,CT,Toronto,0.43656999999999996,4753,2653,2506,2430,2320,2505,1000,1000,4115,4110,4115,2505,1275,1230,2505,1030,380,325,1760,235
8,5350008.01,CT,Toronto,0.29723,7503,5192,4954,3755,3745,4955,1710,1710,7200,7205,7205,4955,2790,2160,4950,1780,1365,245,3585,325
9,5350008.02,CT,Toronto,1.8393700000000002,9942,6390,6060,4860,5085,6060,2285,2285,9235,9235,9235,6060,3210,2855,6060,2360,1430,490,4260,400
10,5350009.0,CT,Toronto,0.10317,567,169,166,350,220,165,60,60,260,260,260,170,90,75,165,60,20,5,125,10
11,5350010.01,CT,Toronto,0.26263000000000003,5428,3281,3147,2580,2845,3150,1350,1350,4865,4860,4865,3150,1570,1575,3145,1375,805,315,2050,225
12,5350010.02,CT,Toronto,0.54735,7740,4628,4447,3870,3870,4450,1710,1710,6830,6830,6825,4450,2415,2030,4445,1735,1040,405,3130,370
13,5350011.0,CT,Toronto,0.9803700000000001,17549,15207,11891,9055,8495,11890,3395,3395,16935,16940,16940,11890,7275,4615,11890,3575,2660,500,9510,450
14,5350012.01,CT,Toronto,0.41877,11658,7449,6881,5820,5840,6880,2415,2415,10840,10840,10845,6880,3430,3455,6880,2565,1510,495,5400,380
15,5350012.03,CT,Toronto,0.46643,8865,5997,5311,4695,4175,5310,1920,1920,8405,8405,8405,5310,2650,2660,5310,2040,1265,440,4075,140
16,5350012.04,CT,Toronto,0.233,4899,3258,2956,2465,2435,2955,1155,1155,4610,4615,4610,2955,1505,1455,2955,1195,790,235,2120,90
17,5350013.01,CT,Toronto,0.34314,6290,4499,4059,3150,3140,4060,1400,1400,5980,5980,5980,4060,2295,1770,4060,1465,1000,230,2930,40
18,5350013.02,CT,Toronto,0.41796000000000005,8126,5270,4725,4090,4030,4725,2080,2080,7540,7540,7540,4725,2295,2430,4725,2130,1330,540,2940,65
19,5350014.0,CT,Toronto,0.47266,1242,975,691,660,580,690,310,310,1120,1115,1120,690,340,350,695,320,185,80,415,10
20,5350015.0,CT,Toronto,0.28599,3663,2451,2226,1810,1860,2225,890,890,3400,3400,3400,2230,1180,1050,2230,915,620,140,1460,25
21,5350016.0,CT,Toronto,0.65971,10101,6527,6180,5195,4910,6180,2270,2270,9120,9120,9120,6180,3520,2660,6180,2335,1640,375,4245,350
22,5350017.0,CT,Toronto,1.37531,7906,5250,4663,3715,4190,4660,1865,1865,7145,7140,7145,4660,2515,2145,4660,1915,950,425,3055,330
23,5350018.0,CT,Toronto,0.35178000000000004,2456,1319,1248,1255,1205,1245,590,590,2055,2055,2055,1250,595,655,1250,595,315,180,775,135
24,5350019.0,CT,Toronto,0.24894000000000002,3258,1410,1365,1615,1645,1365,810,810,2575,2580,2575,1365,490,875,1365,815,250,335,670,120
25,5350020.0,CT,Toronto,0.7386199999999999,2390,1028,1014,1105,1285,1015,700,700,1935,1935,1935,1015,310,705,1015,695,270,335,345,35
26,5350021.0,CT,Toronto,0.8680700000000001,5199,2830,2661,2405,2795,2660,1350,1350,4490,4490,4490,2660,1220,1440,2665,1350,585,520,1445,180
27,5350022.0,CT,Toronto,0.55462,3883,1577,1504,1915,1965,1505,1090,1090,3075,3075,3075,1505,390,1110,1500,1095,335,595,475,85
28,5350023.0,CT,Toronto,0.68635,3208,1355,1286,1525,1680,1285,905,905,2630,2635,2635,1285,365,920,1285,905,310,470,420,55
29,5350024.0,CT,Toronto,0.70927,6887,3136,2963,3285,3600,2965,1890,1890,5485,5485,5485,2965,980,1990,2960,1900,670,880,1225,215
30,5350025.0,CT,Toronto,0.5284300000000001,3456,1659,1610,1720,1730,1610,940,940,2845,2850,2845,1610,610,1000,1610,955,370,370,740,105
31,5350026.0,CT,Toronto,0.7771899999999999,6486,2894,2695,3195,3290,2695,1765,1765,5325,5330,5325,2695,835,1855,2695,1735,565,775,1225,250
32,5350027.0,CT,Toronto,0.48531,4390,1818,1724,2175,2220,1725,1170,1170,3600,3605,3600,1725,495,1230,1725,1150,370,510,790,165
33,5350028.01,CT,Toronto,0.20715999999999998,1387,728,684,670,715,680,375,375,1165,1165,1160,685,290,400,680,380,180,135,345,50
34,5350028.02,CT,Toronto,0.46335,6198,3007,2836,3075,3125,2835,1585,1585,5130,5130,5135,2835,1120,1715,2835,1585,720,595,1555,240
35,5350029.0,CT,Toronto,0.6866899999999999,6987,3099,2962,3520,3465,2965,1820,1820,5890,5890,5890,2960,1020,1940,2965,1790,665,710,1560,325
36,5350030.0,CT,Toronto,0.38708000000000004,4529,2319,2195,2395,2135,2195,1030,1030,3850,3855,3850,2195,960,1235,2195,1060,450,310,1385,190
37,5350031.0,CT,Toronto,0.26375,6274,2864,2765,3130,3135,2765,1430,1430,5190,5190,5190,2765,1195,1570,2765,1430,335,605,1545,110
38,5350032.0,CT,Toronto,0.4197,5363,2976,2641,3455,1905,2640,750,750,3870,3875,3875,2645,1690,950,2640,770,370,175,2190,225
39,5350033.0,CT,Toronto,0.31956999999999997,5042,3010,2733,3000,2040,2735,845,845,4035,4035,4035,2735,1640,1090,2735,875,350,190,2185,115
40,5350034.01,CT,Toronto,0.12455,4554,2884,2268,2400,2150,2265,770,770,3785,3785,3785,2270,1035,1230,2265,835,470,190,1970,70
41,5350034.02,CT,Toronto,0.39824,5147,3409,3055,2770,2375,3055,975,975,4645,4645,4650,3055,1685,1370,3055,1025,585,190,2460,95
42,5350035.0,CT,Toronto,0.66273,9876,6772,5707,4655,5220,5705,1870,1870,9145,9145,9140,5705,2870,2840,5710,2080,965,530,4640,120
43,5350036.0,CT,Toronto,0.38343,5487,3641,3272,2635,2855,3275,1055,1055,5160,5160,5160,3270,1825,1445,3275,1125,600,250,2675,210
44,5350037.0,CT,Toronto,0.45102,4494,2463,2116,2210,2280,2115,705,705,4030,4025,4030,2115,915,1205,2115,725,285,230,2295,290
45,5350038.0,CT,Toronto,0.36616,3772,1820,1638,1885,1885,1640,690,690,3355,3355,3355,1640,700,935,1640,680,270,225,1685,275
46,5350039.0,CT,Toronto,0.31773,4192,1821,1709,2035,2160,1710,930,930,3605,3610,3605,1705,650,1060,1710,900,245,285,1220,165
47,5350040.0,CT,Toronto,0.36873,4568,1961,1788,2235,2335,1790,1130,1130,4060,4060,4060,1785,490,1300,1790,1090,430,420,1350,305
48,5350041.0,CT,Toronto,0.31711999999999996,3453,1588,1453,1750,1705,1455,830,830,3050,3045,3045,1455,445,1005,1450,830,335,320,1035,310
49,5350042.0,CT,Toronto,0.48994,4570,2150,1965,2205,2360,1965,1105,1105,4025,4025,4025,1965,640,1325,1965,1085,445,400,1405,450
50,5350043.0,CT,Toronto,0.55392,3965,1863,1704,1995,1970,1705,980,980,3355,3355,3355,1705,580,1120,1705,965,440,365,1090,315
51,5350044.0,CT,Toronto,0.49063999999999997,8825,5124,4629,4240,4580,4630,1845,1845,7905,7905,7905,4630,2070,2555,4625,1915,1020,545,3610,740
52,5350045.0,CT,Toronto,0.29514,3453,1567,1468,1765,1690,1465,820,820,2915,2910,2910,1470,505,965,1470,820,335,285,955,290
53,5350046.0,CT,Toronto,0.42036,3281,1404,1330,1630,1650,1330,895,895,2840,2840,2840,1330,355,975,1330,875,290,350,690,230
54,5350047.02,CT,Toronto,0.28694000000000003,3791,2083,1947,1995,1795,1945,820,820,3285,3285,3285,1945,980,970,1945,820,325,290,1365,215
55,5350047.03,CT,Toronto,0.11809000000000001,703,376,361,360,340,360,175,175,620,620,620,360,170,195,360,175,80,65,225,85
56,5350047.04,CT,Toronto,0.27379000000000003,2846,1253,1180,1400,1445,1180,735,735,2335,2335,2340,1180,350,830,1180,735,265,345,640,215
57,5350048.0,CT,Toronto,0.3349,3557,1660,1560,1750,1805,1560,890,890,2935,2935,2940,1560,555,1005,1560,905,335,420,865,265
58,5350049.0,CT,Toronto,0.46479,3663,1506,1426,1685,1985,1425,835,835,2685,2690,2690,1425,500,920,1425,845,335,375,750,230
59,5350050.01,CT,Toronto,1.46504,8746,4553,4336,4030,4720,4340,2425,2425,7575,7575,7575,4335,1790,2540,4335,2445,1110,955,2065,140
60,5350050.03,CT,Toronto,1.92412,1109,606,590,515,595,590,310,310,990,985,985,590,260,335,590,315,175,100,305,10
61,5350050.04,CT,Toronto,0.77861,5008,2291,2212,2315,2695,2210,1340,1340,4070,4070,4070,2210,815,1395,2215,1330,425,590,985,105
62,5350051.0,CT,Toronto,0.69119,5399,2570,2313,2625,2775,2315,1370,1370,4490,4490,4490,2315,830,1480,2315,1365,555,605,1260,325
63,5350052.0,CT,Toronto,0.50129,4077,1933,1839,1935,2145,1840,1065,1065,3390,3395,3395,1840,660,1180,1840,1080,405,470,965,295
64,5350053.0,CT,Toronto,0.6831699999999999,5982,2840,2712,2980,3000,2710,1550,1550,5320,5325,5325,2715,950,1765,2710,1520,640,580,1685,355
65,5350054.0,CT,Toronto,0.70239,5803,2975,2724,2845,2955,2725,1385,1385,5110,5105,5105,2720,1065,1660,2720,1390,605,495,1860,420
66,5350055.0,CT,Toronto,0.27636,2763,1403,1320,1345,1420,1320,635,635,2480,2480,2485,1320,515,805,1320,640,295,235,995,320
67,5350056.0,CT,Toronto,0.50948,4772,2170,2018,2270,2500,2020,1145,1145,4295,4295,4295,2020,565,1450,2015,1130,455,430,1545,495
68,5350057.0,CT,Toronto,0.26644,2311,1226,1108,1105,1205,1105,510,510,2105,2100,2100,1110,430,680,1110,505,240,170,910,210
69,5350058.0,CT,Toronto,0.38414,3980,2063,1888,1955,2020,1885,915,915,3615,3620,3620,1890,720,1165,1885,915,465,300,1500,445
70,5350059.0,CT,Toronto,0.36663,3837,1621,1447,1875,1960,1450,710,710,2945,2945,2945,1445,445,1000,1450,715,320,250,1290,390
71,5350060.0,CT,Toronto,0.27159,2685,1669,1471,1390,1295,1470,560,560,2515,2515,2515,1470,695,780,1470,580,310,150,1235,150
72,5350061.0,CT,Toronto,0.76722,1085,536,475,520,565,475,135,135,710,710,710,475,300,175,475,140,60,50,400,15
73,5350062.01,CT,Toronto,0.10685,5595,3852,3302,2550,3045,3305,1265,1265,5085,5085,5090,3305,1665,1635,3300,1335,750,365,2335,90
74,5350062.02,CT,Toronto,0.58534,9084,6837,5374,4330,4760,5375,1655,1655,8595,8595,8595,5375,2735,2640,5370,1825,975,385,4635,105
75,5350063.03,CT,Toronto,0.09337999999999999,5104,3640,3405,2735,2365,3405,1015,1015,4920,4925,4920,3405,2025,1380,3405,1095,725,165,2615,135
76,5350063.04,CT,Toronto,0.14093,3370,2409,2264,2035,1330,2260,575,575,3160,3165,3165,2265,1470,795,2265,605,420,80,1900,115
77,5350063.05,CT,Toronto,0.12992,4331,3429,2943,2225,2105,2940,815,815,4215,4215,4215,2945,1785,1155,2940,855,595,115,2430,120
78,5350063.06,CT,Toronto,0.19221,5171,3761,3519,3150,2020,3520,875,875,4960,4965,4965,3520,2240,1285,3520,915,640,140,3055,130
79,5350064.0,CT,Toronto,0.19472,4311,2898,2683,2535,1775,2685,845,845,3970,3975,3970,2685,1550,1135,2685,895,610,130,2095,175
80,5350065.01,CT,Toronto,0.08613,2483,1496,1394,1410,1075,1390,460,460,2220,2215,2220,1395,710,680,1395,490,240,160,1165,70
81,5350065.02,CT,Toronto,0.14340999999999998,11821,5715,5481,5935,5885,5485,2650,2650,9885,9885,9885,5480,2260,3220,5480,2715,620,1170,3560,230
82,5350066.0,CT,Toronto,0.32848,7608,4597,4425,4405,3200,4425,1430,1430,6610,6610,6610,4425,2585,1840,4425,1480,905,285,3430,325
83,5350067.0,CT,Toronto,0.6634399999999999,1694,868,814,905,785,810,495,495,1485,1490,1490,815,275,540,815,500,290,155,400,125
84,5350068.0,CT,Toronto,0.43058,2367,1296,1203,1255,1115,1200,665,665,2100,2100,2100,1205,460,740,1200,675,360,180,655,260
85,5350069.0,CT,Toronto,0.8727299999999999,4923,2011,1894,2440,2480,1890,1365,1365,4025,4025,4020,1895,460,1435,1895,1355,460,670,770,305
86,5350070.0,CT,Toronto,0.44642,3512,1774,1712,1685,1825,1715,810,810,2905,2905,2900,1710,805,900,1710,815,350,345,1025,125
87,5350071.0,CT,Toronto,0.46398,3481,1521,1402,1690,1790,1405,965,965,2810,2810,2805,1400,385,1015,1400,970,310,470,520,185
88,5350072.01,CT,Toronto,0.40518000000000004,4586,1949,1864,2175,2410,1865,1235,1235,3675,3675,3675,1865,600,1265,1865,1210,330,480,790,160
89,5350072.02,CT,Toronto,0.5369,3141,1320,1261,1580,1560,1265,865,865,2605,2605,2605,1260,365,895,1260,850,290,400,530,145
90,5350073.0,CT,Toronto,0.35718,2605,1077,1007,1315,1290,1005,715,715,2215,2215,2215,1010,260,745,1005,695,230,295,485,80
91,5350074.0,CT,Toronto,0.3998,3848,1710,1598,1900,1950,1600,1045,1045,3175,3175,3175,1600,490,1105,1600,1025,310,420,760,205
92,5350075.0,CT,Toronto,0.49858,4083,1839,1760,1905,2175,1760,1070,1070,3415,3420,3415,1760,625,1130,1760,1055,335,510,870,125
93,5350076.0,CT,Toronto,0.45743999999999996,4415,1993,1937,2055,2360,1935,1210,1210,3605,3600,3600,1935,670,1265,1935,1205,390,530,870,115
94,5350077.0,CT,Toronto,0.6104,4670,1968,1907,2280,2385,1905,1285,1285,3660,3660,3655,1905,580,1325,1910,1270,355,665,760,160
95,5350078.0,CT,Toronto,0.77495,6016,2980,2854,2950,3065,2855,1610,1610,5000,5005,5005,2855,1165,1690,2855,1615,580,675,1380,135
96,5350079.0,CT,Toronto,1.01839,7327,2986,2887,3425,3900,2885,2030,2030,5670,5670,5670,2885,810,2085,2885,2030,575,1070,955,135
97,5350080.01,CT,Toronto,0.47192,3352,1496,1428,1595,1760,1430,930,930,2790,2790,2790,1425,430,995,1425,930,310,415,625,45
98,5350080.02,CT,Toronto,0.39054,4686,2073,2011,2300,2380,2015,1135,1135,3830,3830,3830,2010,770,1235,2010,1140,275,490,1090,50
99,5350081.0,CT,Toronto,0.36798000000000003,2848,1140,1076,1385,1465,1075,775,775,2305,2305,2305,1080,250,825,1075,770,210,410,425,75
100,5350082.0,CT,Toronto,0.3084,2766,1060,1027,1360,1405,1025,750,750,2195,2195,2195,1030,225,800,1030,745,210,395,410,95
101,5350083.0,CT,Toronto,0.44642,4052,1908,1822,2045,2005,1825,1035,1035,3450,3450,3450,1820,715,1105,1825,1030,355,490,965,125
102,5350084.0,CT,Toronto,0.40903,3810,1613,1498,1850,1965,1500,980,980,2990,2990,2995,1495,455,1045,1500,980,325,505,650,120
103,5350085.0,CT,Toronto,0.49901,3994,2154,2078,2015,1980,2075,960,960,3500,3495,3500,2075,1000,1080,2080,965,425,370,1295,135
104,5350086.0,CT,Toronto,1.1385,2661,965,921,1280,1385,920,745,745,2130,2130,2135,920,145,780,920,745,240,405,260,25
105,5350087.0,CT,Toronto,1.60971,5155,2652,2491,2360,2800,2490,1415,1415,4525,4525,4525,2490,1020,1475,2490,1415,770,495,1195,135
106,5350088.0,CT,Toronto,0.22973000000000002,3249,1997,1821,1525,1725,1820,800,800,2915,2915,2915,1820,885,940,1825,830,500,190,1125,40
107,5350089.0,CT,Toronto,0.32969,3896,2995,2345,1785,2105,2345,920,920,3515,3515,3515,2345,1360,985,2345,935,615,180,1480,35
108,5350090.0,CT,Toronto,0.39427,4144,2584,2347,1785,2355,2345,990,990,3630,3630,3625,2345,1260,1085,2350,1000,600,260,1460,55
109,5350091.01,CT,Toronto,0.51145,6031,3639,3224,2905,3125,3225,1235,1235,5030,5035,5030,3225,1740,1485,3225,1265,815,265,2315,245
110,5350091.02,CT,Toronto,0.32714,3525,2288,2009,1695,1825,2005,680,680,3090,3090,3090,2010,1145,865,2010,690,370,170,1605,230
111,5350092.0,CT,Toronto,0.62885,7278,4113,3718,3530,3750,3715,1540,1540,6455,6455,6455,3720,1695,2020,3715,1595,830,510,2910,560
112,5350093.0,CT,Toronto,0.61785,5652,2490,2291,2655,2995,2290,1345,1345,4575,4575,4575,2295,685,1605,2290,1370,495,590,1395,550
113,5350094.0,CT,Toronto,0.6389199999999999,4950,2177,2048,2365,2585,2050,1290,1290,4335,4340,4335,2050,555,1495,2045,1285,455,525,1210,370
114,5350095.0,CT,Toronto,0.31549,3095,1392,1319,1535,1555,1320,785,785,2755,2755,2755,1320,385,935,1320,780,330,300,880,270
115,5350096.01,CT,Toronto,0.20052999999999999,1658,694,658,825,835,660,420,420,1450,1450,1450,660,175,480,660,420,135,195,385,135
116,5350096.02,CT,Toronto,0.34918000000000005,3336,1494,1398,1670,1670,1395,850,850,2950,2945,2950,1395,385,1015,1400,850,330,315,860,240
117,5350097.01,CT,Toronto,0.3825,4322,1758,1621,2165,2155,1620,1010,1010,3600,3605,3605,1620,470,1150,1625,975,300,445,1080,215
118,5350097.03,CT,Toronto,0.17179,1207,783,679,690,515,680,225,225,1085,1085,1085,680,415,265,675,220,50,90,535,45
119,5350097.04,CT,Toronto,0.32489,5462,2528,2392,2725,2740,2395,1390,1390,4795,4790,4790,2390,835,1555,2395,1355,565,530,1460,230
120,5350098.0,CT,Toronto,0.71535,7099,3123,3002,3410,3690,3000,1895,1895,6095,6095,6095,3000,960,2045,3000,1860,630,810,1580,305
121,5350099.0,CT,Toronto,0.5813,6585,3380,3241,3210,3375,3240,1655,1655,5630,5630,5630,3240,1385,1855,3240,1665,665,685,1915,230
122,5350100.0,CT,Toronto,0.28925,2956,1492,1432,1390,1565,1430,750,750,2450,2450,2450,1430,635,795,1435,750,320,280,795,135
123,5350101.0,CT,Toronto,0.43013999999999997,3128,1595,1464,1530,1595,1465,830,830,2695,2695,2690,1460,530,935,1465,830,365,320,830,155
124,5350102.02,CT,Toronto,0.11565999999999999,4313,2688,2535,1940,2370,2535,1050,1050,3890,3890,3885,2535,1350,1185,2535,1060,575,255,1635,65
125,5350102.03,CT,Toronto,0.13087000000000001,3682,2178,2095,1725,1955,2095,975,975,3305,3305,3305,2095,1025,1070,2095,1000,520,280,1190,80
126,5350102.04,CT,Toronto,0.10128999999999999,671,309,285,330,345,285,185,185,570,570,570,285,85,200,285,185,80,80,125,15
127,5350102.05,CT,Toronto,0.11899000000000001,861,359,340,395,465,340,230,230,690,690,685,340,95,250,340,230,85,125,160,30
128,5350103.0,CT,Toronto,0.83794,6050,2627,2527,2815,3235,2525,1625,1625,4895,4895,4895,2530,810,1720,2530,1635,660,765,1060,145
129,5350104.0,CT,Toronto,0.73732,5525,2141,2054,2620,2910,2050,1550,1550,4370,4375,4375,2055,455,1600,2055,1540,430,915,645,130
130,5350105.0,CT,Toronto,0.55453,4509,1917,1790,2215,2295,1790,1180,1180,3650,3650,3650,1790,525,1265,1790,1185,395,585,795,200
131,5350106.0,CT,Toronto,1.37076,3773,1427,1343,1880,1895,1345,1025,1025,3215,3215,3210,1345,300,1045,1345,970,215,485,590,35
132,5350107.0,CT,Toronto,0.71899,5085,1880,1751,2520,2570,1750,1420,1420,4325,4325,4325,1750,320,1430,1750,1365,320,695,610,70
133,5350108.0,CT,Toronto,0.73607,6013,2679,2475,3060,2955,2475,1550,1550,5100,5100,5100,2475,880,1595,2475,1490,400,655,1285,135
134,5350109.0,CT,Toronto,0.62602,5496,2299,2203,2700,2800,2200,1580,1580,4760,4765,4760,2205,485,1715,2205,1565,525,675,960,170
135,5350110.0,CT,Toronto,0.5455399999999999,3577,1557,1434,1765,1810,1430,1010,1010,3100,3100,3095,1435,360,1075,1435,980,330,430,700,60
136,5350111.0,CT,Toronto,0.45581000000000005,2507,968,902,1220,1290,905,755,755,2130,2135,2135,905,165,740,900,720,200,355,260,25
137,5350112.0,CT,Toronto,0.5017199999999999,5295,2181,2035,2650,2650,2035,1500,1500,4580,4575,4575,2035,460,1575,2035,1470,450,700,850,140
138,5350113.0,CT,Toronto,0.38225,2754,1197,1118,1330,1425,1120,730,730,2365,2365,2365,1120,300,815,1120,725,240,330,570,130
139,5350114.0,CT,Toronto,0.62462,5349,2471,2369,2475,2875,2370,1305,1305,4390,4385,4390,2370,930,1440,2370,1295,470,545,1360,190
140,5350115.0,CT,Toronto,0.37543000000000004,4372,1670,1597,1980,2390,1600,1090,1090,3445,3440,3440,1600,420,1180,1595,1070,305,445,770,240
141,5350116.0,CT,Toronto,0.67913,4628,2044,1921,2190,2435,1920,1090,1090,3510,3510,3510,1925,730,1195,1920,1095,450,425,1025,180
142,5350117.0,CT,Toronto,0.39107,2211,1165,1106,1075,1135,1105,580,580,1925,1930,1925,1105,450,660,1105,585,295,205,650,70
143,5350118.0,CT,Toronto,0.69384,4127,2183,1990,1910,2220,1990,1120,1120,3595,3590,3595,1990,775,1215,1990,1125,595,375,1025,100
144,5350119.0,CT,Toronto,0.8519,4630,2485,2310,2100,2530,2310,1180,1180,4070,4065,4070,2310,1045,1265,2310,1185,630,425,1265,45
145,5350120.0,CT,Toronto,0.25722,1381,697,654,660,720,655,405,405,1180,1180,1175,655,225,425,655,410,200,165,270,30
146,5350121.0,CT,Toronto,0.29736,2659,1629,1448,1165,1495,1450,670,670,2285,2285,2285,1450,730,720,1450,680,410,180,835,10
147,5350122.0,CT,Toronto,0.53381,6220,3655,3443,2720,3505,3445,1585,1585,5595,5595,5595,3445,1655,1790,3440,1615,910,475,2085,90
148,5350123.0,CT,Toronto,0.07501000000000001,2268,1494,1467,1085,1185,1470,500,500,2110,2115,2110,1465,865,600,1470,520,305,105,1040,25
149,5350124.0,CT,Toronto,0.55675,5416,3470,3278,2325,3090,3275,1290,1290,4890,4890,4890,3280,1865,1410,3275,1310,820,310,2110,75
150,5350125.0,CT,Toronto,1.12047,4442,1618,1543,2175,2275,1545,1260,1260,3540,3535,3540,1545,255,1290,1545,1265,400,730,345,50
151,5350126.0,CT,Toronto,1.44927,4248,1746,1693,1955,2295,1690,1185,1185,3340,3340,3340,1695,445,1245,1695,1205,345,660,585,60
152,5350127.0,CT,Toronto,0.74046,5450,2325,2236,2595,2855,2235,1505,1505,4360,4360,4355,2235,665,1570,2235,1505,450,830,835,65
153,5350128.02,CT,Toronto,0.51869,8705,5052,4766,3940,4765,4765,2070,2070,7520,7520,7520,4765,2440,2330,4765,2150,1105,655,2850,70
154,5350128.04,CT,Toronto,0.16199000000000002,4698,2994,2927,2025,2675,2925,1050,1050,4235,4235,4235,2925,1735,1195,2925,1085,600,245,1985,30
155,5350128.05,CT,Toronto,0.18162999999999999,945,366,304,405,540,305,205,205,605,610,610,305,80,220,305,205,85,90,130,20
156,5350128.06,CT,Toronto,0.08584,4199,2601,2523,1985,2210,2525,935,935,3820,3820,3820,2520,1380,1140,2520,985,490,295,1745,45
157,5350129.0,CT,Toronto,0.9274100000000001,5770,2787,2622,2685,3080,2625,1560,1560,4840,4840,4845,2620,940,1680,2625,1580,630,690,1210,75
158,5350130.0,CT,Toronto,1.27901,3543,1365,1279,1685,1855,1275,965,965,2905,2910,2910,1280,295,985,1280,960,350,490,420,35
159,5350131.0,CT,Toronto,1.04439,5310,2505,2360,2425,2885,2360,1410,1410,4555,4560,4555,2360,865,1495,2360,1425,635,620,1120,85
160,5350132.0,CT,Toronto,0.92464,5467,2155,2038,2540,2930,2040,1460,1460,4425,4425,4425,2040,490,1550,2040,1475,430,795,770,45
161,5350133.0,CT,Toronto,0.66745,7339,3629,3408,3245,4100,3410,1835,1835,6190,6185,6185,3405,1435,1970,3410,1850,625,815,1805,50
162,5350134.0,CT,Toronto,0.41703999999999997,2959,1076,1033,1405,1555,1035,830,830,2215,2215,2210,1035,175,855,1035,835,235,500,255,45
163,5350135.0,CT,Toronto,0.71622,6047,3316,3054,2830,3215,3055,1505,1505,5155,5155,5155,3050,1425,1630,3055,1525,610,665,1705,70
164,5350136.01,CT,Toronto,0.19196,6128,4023,3779,2775,3355,3775,1390,1390,5695,5695,5695,3780,2130,1655,3780,1440,745,355,2605,50
165,5350136.02,CT,Toronto,0.21013,4983,3459,3198,2210,2770,3200,1095,1095,4675,4675,4670,3200,1920,1280,3195,1135,620,260,2230,35
166,5350137.0,CT,Toronto,0.9142100000000001,7077,3644,3509,3245,3830,3510,1805,1805,6080,6080,6080,3510,1545,1965,3510,1825,775,765,1895,90
167,5350138.0,CT,Toronto,0.96546,3103,1250,1181,1430,1675,1180,845,845,2590,2590,2590,1180,310,870,1180,850,290,450,370,15
168,5350139.01,CT,Toronto,0.7736,4167,1904,1824,1935,2230,1825,1115,1115,3450,3450,3445,1820,680,1145,1820,1115,395,560,760,30
169,5350139.02,CT,Toronto,0.50952,2542,961,920,1225,1315,920,685,685,2030,2030,2030,920,210,715,920,690,190,405,270,20
170,5350140.0,CT,Toronto,0.57204,2408,826,791,1190,1220,790,685,685,1985,1985,1985,790,95,700,790,685,205,410,155,25
171,5350141.01,CT,Toronto,0.5504100000000001,4320,1685,1620,2070,2250,1620,1230,1230,3350,3350,3350,1620,365,1255,1620,1225,355,705,470,30
172,5350141.02,CT,Toronto,0.6875899999999999,4477,1624,1561,2195,2280,1560,1265,1265,3425,3420,3425,1560,270,1290,1560,1275,320,785,330,35
173,5350142.0,CT,Toronto,1.0439200000000002,5810,2313,2237,2785,3025,2235,1560,1560,4505,4505,4510,2235,635,1600,2240,1560,420,935,755,20
174,5350150.0,CT,Toronto,1.10899,4201,1640,1586,2050,2145,1585,1190,1190,3360,3355,3360,1585,355,1230,1585,1195,380,660,490,65
175,5350151.0,CT,Toronto,0.65559,3784,1577,1535,1700,2090,1535,1050,1050,2920,2920,2925,1535,455,1075,1535,1055,220,435,530,60
176,5350152.0,CT,Toronto,0.8546299999999999,4545,1846,1764,2175,2375,1765,1335,1335,3650,3645,3650,1765,385,1375,1765,1335,430,665,535,135
177,5350153.0,CT,Toronto,0.92761,4462,1783,1685,2180,2280,1685,1265,1265,3830,3830,3825,1685,425,1260,1685,1210,345,560,630,55
178,5350154.0,CT,Toronto,2.15888,6157,2899,2818,2865,3295,2820,1685,1685,5400,5400,5400,2815,1070,1750,2820,1660,550,640,1345,10
179,5350155.0,CT,Toronto,0.81296,3128,1316,1206,1545,1585,1210,805,805,2525,2525,2525,1205,420,785,1210,770,160,350,505,0
180,5350156.01,CT,Toronto,0.60545,5688,2365,2273,2775,2915,2275,1495,1495,4615,4610,4615,2270,765,1505,2275,1470,300,600,940,20
181,5350156.02,CT,Toronto,0.59201,2811,1124,1073,1395,1420,1070,765,765,2370,2375,2370,1070,305,770,1075,745,185,345,420,0
182,5350157.0,CT,Toronto,0.48528000000000004,2635,1107,1016,1260,1380,1015,735,735,2145,2145,2145,1020,255,760,1015,730,170,315,375,15
183,5350158.0,CT,Toronto,0.63989,2848,1346,1250,1285,1560,1250,710,710,2465,2465,2465,1250,505,745,1250,700,200,285,665,15
184,5350159.01,CT,Toronto,0.49246999999999996,3487,1386,1223,1755,1730,1220,990,990,2975,2975,2975,1225,255,970,1225,945,225,495,400,10
185,5350159.02,CT,Toronto,0.5753199999999999,4723,1843,1709,2305,2415,1710,1345,1345,3990,3990,3990,1710,390,1315,1705,1280,315,675,575,25
186,5350160.0,CT,Toronto,0.73445,3116,1246,1143,1555,1555,1145,875,875,2590,2590,2590,1145,255,885,1140,855,220,460,390,15
187,5350161.0,CT,Toronto,0.81126,6839,2689,2537,3365,3475,2535,1940,1940,5830,5825,5825,2540,570,1965,2540,1875,465,955,925,55
188,5350162.0,CT,Toronto,0.57575,5119,2059,1952,2435,2680,1950,1365,1365,4205,4205,4205,1950,540,1415,1950,1335,340,615,845,50
189,5350163.0,CT,Toronto,0.45421999999999996,4358,1882,1762,2110,2250,1760,1175,1175,3705,3705,3705,1765,490,1270,1765,1165,350,535,845,125
190,5350164.0,CT,Toronto,0.6282300000000001,6258,2629,2515,3025,3230,2515,1750,1750,5235,5235,5235,2515,655,1860,2515,1730,515,765,1085,195
191,5350165.0,CT,Toronto,0.48493,4370,2031,1943,2055,2315,1945,1130,1130,3650,3650,3650,1945,700,1245,1945,1140,375,530,1005,135
192,5350166.0,CT,Toronto,0.78603,4180,1691,1625,1975,2205,1625,1070,1070,3325,3325,3330,1625,480,1140,1625,1075,340,600,700,35
193,5350167.01,CT,Toronto,0.13410999999999998,1879,1483,1312,780,1100,1315,425,425,1800,1795,1795,1310,845,470,1310,430,320,55,920,30
194,5350167.02,CT,Toronto,0.60145,5815,3143,2998,2590,3220,3000,1405,1405,5090,5090,5090,2995,1350,1645,3000,1430,610,465,1870,110
195,5350168.0,CT,Toronto,0.56552,5475,2665,2458,2515,2960,2455,1405,1405,4695,4690,4690,2455,965,1490,2455,1390,365,590,1330,60
196,5350169.01,CT,Toronto,0.3781,3472,1457,1334,1605,1865,1335,935,935,2995,2995,2995,1335,370,965,1330,910,240,415,635,10
197,5350169.02,CT,Toronto,0.43778,7464,3318,3202,3395,4065,3200,2025,2025,6460,6460,6455,3200,1100,2105,3200,1990,540,905,1460,40
198,5350170.0,CT,Toronto,1.01423,3321,1305,1201,1625,1695,1205,945,945,2905,2905,2905,1200,255,950,1200,900,235,445,465,10
199,5350171.0,CT,Toronto,0.6081,4055,1613,1522,1865,2190,1525,1075,1075,3160,3165,3165,1520,450,1075,1525,1035,215,380,585,10
200,5350172.0,CT,Toronto,1.21015,2522,1183,1128,1230,1285,1125,670,670,2090,2090,2090,1130,415,715,1125,675,145,250,535,10
201,5350173.0,CT,Toronto,0.60145,3694,1528,1438,1785,1910,1440,975,975,2960,2960,2965,1440,430,1010,1435,950,160,365,660,0
202,5350174.0,CT,Toronto,1.06328,7264,2751,2723,3380,3880,2725,1920,1920,5760,5755,5755,2720,770,1955,2725,1895,400,775,1005,10
203,5350175.01,CT,Toronto,0.8012600000000001,6036,2551,2406,2770,3270,2405,1490,1490,4780,4780,4785,2405,860,1545,2405,1460,310,540,1155,0
204,5350175.02,CT,Toronto,0.74248,7679,3813,3585,3685,3990,3585,1850,1850,6235,6235,6235,3585,1570,2015,3585,1865,460,595,2050,10
205,5350176.0,CT,Toronto,1.00471,4277,1697,1609,2085,2190,1605,1210,1210,3590,3585,3590,1610,375,1235,1605,1195,335,555,570,20
206,5350180.0,CT,Toronto,0.6138,6556,2875,2765,3090,3465,2765,1695,1695,5285,5280,5280,2765,935,1830,2765,1705,475,680,1315,35
207,5350181.01,CT,Toronto,0.57055,4313,1940,1858,2045,2265,1860,1230,1230,3670,3675,3675,1855,540,1315,1860,1235,445,550,785,105
208,5350181.02,CT,Toronto,0.60182,3552,1664,1591,1775,1780,1595,965,965,3015,3015,3015,1590,565,1025,1595,960,325,390,775,70
209,5350182.0,CT,Toronto,0.7605,5531,2297,2186,2705,2825,2185,1570,1570,4455,4455,4455,2185,560,1625,2185,1565,480,800,735,110
210,5350183.01,CT,Toronto,0.52409,2603,1048,1007,1270,1335,1005,745,745,2160,2165,2160,1010,255,760,1010,730,235,370,355,65
211,5350183.02,CT,Toronto,0.42813,3938,1584,1522,1900,2040,1520,1135,1135,3195,3190,3195,1520,360,1165,1525,1120,340,590,490,130
212,5350184.01,CT,Toronto,0.47406000000000004,5108,2346,2307,2385,2725,2310,1400,1400,4250,4245,4245,2305,845,1465,2305,1395,480,560,1065,95
213,5350184.02,CT,Toronto,0.56201,3768,1694,1642,1825,1940,1640,1045,1045,3210,3215,3210,1645,540,1100,1640,1045,350,420,735,50
214,5350185.01,CT,Toronto,0.49918999999999997,6810,3507,3394,3255,3555,3395,1765,1765,5900,5900,5900,3395,1445,1950,3395,1790,645,685,1840,205
215,5350185.02,CT,Toronto,1.2288700000000001,4689,2305,2269,2205,2485,2270,1180,1180,3980,3975,3980,2265,1000,1270,2270,1195,490,435,1210,90
216,5350186.0,CT,Toronto,1.9107599999999998,2416,949,913,1155,1260,915,660,660,1915,1915,1920,910,230,680,910,665,195,375,285,30
217,5350187.0,CT,Toronto,1.21045,3448,1424,1351,1735,1715,1350,980,980,2850,2850,2850,1350,350,1000,1350,975,290,490,455,55
218,5350188.0,CT,Toronto,0.55199,2017,842,797,990,1025,795,550,550,1680,1680,1680,795,225,570,795,545,160,290,320,40
219,5350189.0,CT,Toronto,1.2395100000000001,5462,2226,2180,2550,2915,2180,1470,1470,4445,4440,4440,2180,620,1560,2180,1460,435,575,940,25
220,5350190.01,CT,Toronto,0.40226999999999996,9127,3577,3507,4620,4510,3505,2365,2365,7250,7250,7250,3505,965,2545,3505,2365,545,1355,1505,20
221,5350190.02,CT,Toronto,0.5813,4765,2102,2026,2275,2485,2025,1275,1275,3920,3920,3920,2025,660,1370,2025,1275,330,510,930,20
222,5350191.0,CT,Toronto,0.8230299999999999,4229,1853,1779,2100,2125,1775,1190,1190,3570,3570,3570,1780,545,1235,1780,1180,355,545,730,40
223,5350192.0,CT,Toronto,0.92037,905,462,440,445,460,440,210,210,790,790,790,440,215,225,440,210,60,100,260,0
224,5350193.0,CT,Toronto,1.41592,3314,1070,1043,1640,1680,1045,865,865,2675,2675,2675,1045,170,870,1045,845,175,535,295,10
225,5350194.01,CT,Toronto,0.2315,5498,1482,1463,2790,2705,1460,1270,1270,3565,3570,3565,1465,190,1275,1465,1225,135,925,330,25
226,5350194.02,CT,Toronto,0.34635,6240,1934,1923,3105,3130,1925,1425,1425,4380,4380,4380,1925,455,1470,1920,1395,275,880,650,10
227,5350194.03,CT,Toronto,0.25016,2933,1238,1229,1320,1615,1230,720,720,2325,2325,2325,1230,465,765,1230,725,135,345,595,0
228,5350194.04,CT,Toronto,2.29209,6437,2571,2508,3080,3355,2505,1650,1650,4980,4975,4975,2510,810,1700,2510,1630,400,885,995,20
229,5350195.01,CT,Toronto,0.9462,4483,1656,1604,2130,2355,1605,1180,1180,3430,3425,3425,1600,390,1215,1605,1180,280,730,490,60
230,5350195.02,CT,Toronto,0.37813,2317,920,894,1105,1210,890,635,635,1810,1815,1815,895,255,640,895,630,165,365,285,45
231,5350196.01,CT,Toronto,0.3774,1977,811,775,910,1065,775,540,540,1640,1640,1635,775,225,550,775,540,160,310,250,25
232,5350196.02,CT,Toronto,1.10548,5635,2376,2250,2720,2915,2250,1535,1535,4565,4565,4565,2250,680,1575,2250,1540,475,850,775,75
233,5350200.01,CT,Toronto,0.6408,5614,3143,3055,2685,2930,3055,1470,1470,5000,5000,5000,3055,1430,1625,3055,1490,660,380,1750,70
234,5350200.02,CT,Toronto,0.14209000000000002,981,680,649,485,500,650,195,195,910,910,915,650,425,220,650,195,105,50,485,15
235,5350201.0,CT,Toronto,0.75952,5371,2989,2776,2600,2770,2775,1410,1410,4700,4705,4705,2775,1265,1510,2775,1405,630,495,1545,50
236,5350202.0,CT,Toronto,0.33589,1647,653,631,805,845,630,465,465,1340,1340,1340,630,145,480,630,460,135,245,220,25
237,5350203.0,CT,Toronto,0.58927,3160,1507,1431,1475,1680,1430,855,855,2685,2685,2680,1430,520,910,1430,850,300,345,700,25
238,5350204.0,CT,Toronto,0.74088,4537,2310,2210,2215,2320,2210,1175,1175,3860,3865,3865,2210,935,1275,2210,1185,445,485,1180,105
239,5350205.0,CT,Toronto,0.7337199999999999,149,0,0,x,x,F,F,F,F,F,F,F,F,F,F,F,F,F,F,x
240,5350206.01,CT,Toronto,1.13878,4217,2151,2041,2055,2160,2045,1155,1155,3670,3670,3670,2040,810,1235,2040,1155,445,415,1025,45
241,5350206.02,CT,Toronto,1.08513,5867,2994,2774,2955,2905,2775,1540,1540,5055,5055,5055,2775,1060,1710,2775,1545,555,610,1510,65
242,5350207.0,CT,Toronto,0.67366,2605,1285,1181,1345,1255,1180,670,670,2295,2295,2295,1180,415,765,1185,655,225,265,710,25
243,5350208.0,CT,Toronto,1.29403,4172,2062,1981,1995,2175,1980,1045,1045,3515,3520,3515,1980,855,1125,1980,1045,255,380,1095,25
244,5350209.0,CT,Toronto,0.69308,2718,1338,1252,1310,1405,1250,670,670,2330,2330,2335,1255,535,715,1255,670,200,270,705,20
245,5350210.01,CT,Toronto,2.96012,3083,1008,971,1745,1335,970,795,795,2175,2175,2175,970,185,790,975,770,245,385,255,20
246,5350210.02,CT,Toronto,0.94935,11390,9168,7016,5425,5965,7015,3005,3005,10690,10690,10690,7015,3710,3310,7015,3070,1950,620,4225,85
247,5350211.0,CT,Toronto,3.27116,6350,2512,2447,3120,3225,2450,1845,1845,5490,5490,5490,2450,595,1850,2450,1795,530,855,825,40
248,5350212.0,CT,Toronto,1.7065400000000002,5704,2220,2169,2765,2940,2170,1635,1635,4775,4775,4775,2170,510,1660,2170,1610,480,795,725,25
249,5350213.01,CT,Toronto,0.94226,2666,1021,990,1335,1325,990,780,780,2265,2265,2270,990,220,775,990,765,240,385,280,15
250,5350213.02,CT,Toronto,7.044739999999999,6045,3246,3134,2915,3135,3130,1615,1615,5315,5310,5315,3135,1355,1780,3135,1650,835,490,1665,0
251,5350214.0,CT,Toronto,2.8237799999999997,5069,2466,2389,2465,2605,2385,1440,1440,4450,4455,4455,2390,885,1500,2385,1435,575,590,1065,15
252,5350215.0,CT,Toronto,2.60049,6748,2991,2789,3250,3500,2790,1940,1940,5680,5685,5685,2785,795,1995,2790,1920,675,890,1035,55
253,5350216.0,CT,Toronto,1.9993,5532,2238,2163,2715,2815,2160,1600,1600,4525,4530,4530,2160,530,1635,2165,1600,570,830,645,50
254,5350217.0,CT,Toronto,1.33055,5692,2917,2756,2850,2840,2755,1530,1530,4840,4840,4840,2755,1100,1655,2755,1545,475,605,1380,50
255,5350218.0,CT,Toronto,0.6829999999999999,2652,1060,1025,1315,1340,1025,770,770,2130,2130,2130,1025,235,790,1025,775,265,425,300,30
256,5350219.0,CT,Toronto,1.36063,4427,1690,1644,2125,2300,1645,1270,1270,3655,3660,3660,1645,365,1285,1645,1255,360,675,470,50
257,5350220.0,CT,Toronto,1.32212,4177,1597,1584,2035,2140,1580,1175,1175,3495,3490,3490,1580,370,1210,1580,1175,345,590,490,20
258,5350221.01,CT,Toronto,1.64542,6377,2751,2725,2890,3485,2725,1880,1880,5620,5620,5615,2725,810,1920,2725,1880,710,850,910,20
259,5350221.02,CT,Toronto,0.80501,5202,2167,2064,2530,2675,2065,1365,1365,4255,4260,4255,2060,635,1425,2065,1350,350,630,875,50
260,5350222.01,CT,Toronto,1.28483,6699,2626,2557,3245,3450,2560,1900,1900,5655,5650,5650,2560,640,1920,2555,1860,590,900,880,0
261,5350222.02,CT,Toronto,1.2002,5141,1830,1782,2460,2680,1780,1390,1390,3880,3880,3880,1780,370,1410,1780,1375,315,675,480,15
262,5350223.01,CT,Toronto,0.8724200000000001,1522,536,530,750,775,530,460,460,1280,1280,1280,530,70,460,530,450,130,255,100,10
263,5350223.02,CT,Toronto,0.8724700000000001,2136,793,771,1050,1085,770,610,610,1805,1810,1810,770,150,620,775,605,170,345,200,0
264,5350224.0,CT,Toronto,1.04417,1696,578,573,830,870,575,505,505,1400,1400,1405,575,75,500,575,500,140,305,90,0
265,5350225.01,CT,Toronto,0.93466,4981,2387,2316,2280,2700,2315,1430,1430,4460,4460,4460,2315,780,1535,2315,1460,595,530,995,10
266,5350225.02,CT,Toronto,0.3048,9706,5006,4859,4445,5260,4860,2415,2415,8300,8300,8300,4860,2180,2680,4860,2485,1050,740,2715,25
267,5350226.0,CT,Toronto,0.9533299999999999,3167,1262,1212,1505,1660,1210,930,930,2605,2605,2605,1210,270,945,1215,925,330,505,315,0
268,5350227.0,CT,Toronto,0.49183999999999994,1750,637,626,830,920,625,515,515,1440,1445,1440,625,100,525,625,520,170,280,125,0
269,5350228.0,CT,Toronto,0.883,3131,1418,1362,1430,1705,1360,915,915,2675,2675,2675,1365,425,940,1365,910,405,395,490,30
270,5350229.0,CT,Toronto,0.32031,1223,393,384,575,645,385,320,320,870,865,865,385,60,320,385,325,90,195,70,0
271,5350230.01,CT,Toronto,1.50655,2537,1109,1082,1175,1360,1085,710,710,2115,2115,2115,1080,375,705,1080,690,290,285,425,10
272,5350230.02,CT,Toronto,0.9858399999999999,6537,2775,2606,2980,3560,2605,1840,1840,5450,5450,5455,2605,720,1885,2605,1825,555,780,890,10
273,5350231.0,CT,Toronto,3.02848,6461,2722,2566,3150,3310,2570,1840,1840,5505,5505,5510,2565,690,1870,2565,1820,600,925,835,20
274,5350232.0,CT,Toronto,2.04605,3825,1348,1306,1865,1960,1305,1140,1140,3235,3235,3240,1305,165,1140,1305,1125,365,635,215,0
275,5350233.0,CT,Toronto,2.0806,5530,2032,1982,2735,2795,1985,1670,1670,4635,4630,4630,1980,310,1670,1980,1645,510,860,395,0
276,5350234.0,CT,Toronto,2.11718,4524,1645,1600,2160,2360,1600,1325,1325,3745,3745,3745,1600,285,1315,1600,1300,380,670,330,0
277,5350235.01,CT,Toronto,1.40707,2841,1009,997,1405,1435,995,845,845,2440,2445,2440,1000,165,830,995,810,220,440,255,10
278,5350235.02,CT,Toronto,1.07805,5277,2039,2010,2540,2735,2010,1550,1550,4575,4575,4580,2010,465,1545,2010,1510,420,700,595,15
279,5350236.01,CT,Toronto,0.98685,6646,2560,2519,3100,3550,2520,1845,1845,5515,5515,5515,2520,650,1870,2520,1810,470,820,865,15
280,5350236.02,CT,Toronto,4.07421,5946,2284,2256,2805,3140,2255,1745,1745,5135,5135,5135,2255,515,1745,2255,1700,510,870,645,10
281,5350237.01,CT,Toronto,1.1853200000000002,6816,2468,2410,3260,3555,2410,1845,1845,5370,5370,5370,2410,575,1835,2410,1785,385,810,775,0
282,5350237.02,CT,Toronto,0.9550299999999999,2986,1077,1061,1495,1490,1060,865,865,2465,2470,2465,1065,190,870,1065,850,245,445,270,0
283,5350237.03,CT,Toronto,1.0689799999999998,5638,2626,2544,2605,3035,2545,1580,1580,4940,4940,4940,2545,915,1625,2545,1570,560,620,1105,10
284,5350238.01,CT,Toronto,1.03807,3350,1259,1231,1660,1690,1230,995,995,2910,2905,2905,1230,245,985,1230,980,315,515,285,0
285,5350238.02,CT,Toronto,0.98177,5244,2070,1953,2540,2700,1955,1505,1505,4290,4290,4295,1950,445,1510,1955,1470,375,695,605,10
286,5350239.0,CT,Toronto,2.55782,6481,2511,2383,3010,3470,2380,1860,1860,5235,5235,5235,2385,505,1880,2385,1830,435,740,710,25
287,5350240.01,CT,Toronto,1.2726899999999999,3366,1291,1263,1615,1750,1265,1030,1030,2900,2900,2900,1260,245,1015,1260,1010,335,520,280,10
288,5350240.02,CT,Toronto,1.04495,6043,2621,2558,2635,3415,2560,1635,1635,4970,4970,4970,2555,890,1665,2555,1625,565,645,1020,0
289,5350241.0,CT,Toronto,1.0982,3231,1030,1003,1495,1735,1000,825,825,2390,2390,2390,1000,200,805,1005,800,235,420,270,10
290,5350242.0,CT,Toronto,0.67084,1674,610,575,765,910,575,460,460,1300,1305,1305,575,120,455,575,450,85,150,160,0
291,5350243.01,CT,Toronto,0.31518,6658,2236,2142,3260,3395,2145,1560,1560,5120,5120,5120,2140,505,1640,2140,1520,330,640,965,10
292,5350243.02,CT,Toronto,1.2154,3617,1342,1304,1770,1850,1305,1015,1015,3095,3095,3100,1305,305,1000,1305,960,250,420,440,0
293,5350244.01,CT,Toronto,1.45046,5677,2009,1945,2790,2885,1945,1560,1560,4710,4710,4710,1945,375,1570,1945,1515,360,700,615,10
294,5350244.02,CT,Toronto,1.46584,3779,1335,1274,1730,2050,1275,1010,1010,2935,2935,2930,1270,260,1015,1275,975,170,375,405,10
295,5350245.0,CT,Toronto,1.42111,6934,2672,2567,3380,3555,2565,1930,1930,5795,5795,5800,2565,640,1925,2570,1865,400,845,910,25
296,5350246.0,CT,Toronto,1.0727,3595,1317,1279,1755,1840,1280,955,955,2925,2925,2925,1280,350,925,1280,910,245,470,465,0
297,5350247.01,CT,Toronto,17.35024,8727,2931,2748,4335,4390,2745,2305,2305,7275,7275,7275,2750,550,2195,2745,2100,400,1190,980,10
298,5350247.02,CT,Toronto,3.22582,7167,2537,2385,3615,3550,2385,2050,2050,6055,6060,6055,2385,455,1925,2385,1885,480,1055,730,20
299,5350248.02,CT,Toronto,1.23696,5671,1864,1784,2635,3040,1785,1325,1325,4270,4270,4270,1785,520,1265,1785,1245,120,490,660,0
300,5350248.03,CT,Toronto,3.7960800000000003,2619,789,754,1330,1290,755,715,715,2225,2220,2220,755,90,660,755,640,105,370,260,0
301,5350248.04,CT,Toronto,1.51177,4771,1671,1496,2350,2430,1495,1175,1175,3940,3940,3935,1495,260,1240,1495,1085,210,540,815,30
302,5350248.05,CT,Toronto,1.15519,4332,1413,1310,2180,2155,1310,1050,1050,3630,3630,3630,1310,255,1055,1310,955,215,495,715,0
303,5350249.01,CT,Toronto,0.82975,4650,1428,1341,2305,2345,1340,1355,1355,3995,3995,3995,1345,150,1195,1340,1170,260,680,310,0
304,5350249.03,CT,Toronto,2.96801,5696,1704,1592,2810,2885,1590,1570,1570,4725,4725,4720,1590,180,1415,1595,1385,185,820,410,0
305,5350249.04,CT,Toronto,0.6863199999999999,3344,999,952,1670,1670,955,885,885,2710,2710,2710,955,115,835,950,810,145,490,275,15
306,5350249.05,CT,Toronto,0.64364,5476,1584,1534,2730,2750,1535,1465,1465,4230,4225,4230,1535,120,1415,1535,1375,160,850,320,0
307,5350250.01,CT,Toronto,1.40913,5432,1618,1545,2665,2770,1545,1420,1420,4290,4295,4290,1545,195,1350,1545,1310,265,720,480,0
308,5350250.02,CT,Toronto,1.99197,4928,1854,1735,2395,2535,1735,1385,1385,4105,4105,4105,1735,375,1360,1735,1330,330,590,550,15
309,5350250.04,CT,Toronto,0.50556,6206,2057,1994,3030,3180,1995,1630,1630,4585,4585,4585,1995,305,1690,1990,1585,225,745,725,10
310,5350250.05,CT,Toronto,0.70576,7607,2288,2270,3705,3900,2270,1965,1965,5950,5945,5950,2270,300,1970,2270,1910,240,1070,545,10
311,5350260.01,CT,Toronto,0.7288,6748,2431,2398,3255,3490,2395,1750,1750,5690,5695,5695,2395,635,1765,2400,1705,370,965,835,10
312,5350260.04,CT,Toronto,0.1881,4147,1498,1480,2020,2125,1480,1035,1035,3210,3215,3210,1480,395,1085,1480,1030,205,590,560,10
313,5350260.05,CT,Toronto,0.2543,4020,1369,1332,1955,2070,1335,1030,1030,2845,2845,2845,1330,270,1060,1335,1025,120,515,370,10
314,5350260.06,CT,Toronto,0.95204,3348,1132,1116,1610,1735,1115,875,875,2615,2620,2615,1115,205,910,1115,845,125,420,380,0
315,5350260.07,CT,Toronto,0.35736999999999997,3670,1534,1504,1700,1975,1505,1030,1030,3175,3175,3175,1500,465,1045,1500,1010,325,450,560,20
316,5350261.0,CT,Toronto,1.92395,5501,2284,2194,2420,3085,2195,1365,1365,4465,4465,4465,2195,850,1340,2195,1310,280,540,975,0
317,5350262.01,CT,Toronto,0.67091,5736,2752,2728,2670,3065,2725,1570,1570,4890,4890,4890,2730,1060,1665,2725,1575,500,620,1290,0
318,5350262.02,CT,Toronto,2.16555,6273,2526,2490,3020,3250,2490,1700,1700,5195,5195,5195,2490,730,1760,2490,1675,450,795,965,20
319,5350263.02,CT,Toronto,2.00598,3471,1680,1629,1575,1895,1630,925,925,2925,2920,2920,1625,680,950,1630,920,355,380,765,15
320,5350263.03,CT,Toronto,1.56059,4906,2106,2060,2240,2665,2060,1270,1270,3940,3935,3935,2060,755,1310,2060,1260,385,570,870,15
321,5350263.04,CT,Toronto,0.69962,6531,3616,3536,2925,3605,3535,1770,1770,5770,5770,5770,3535,1660,1875,3540,1800,890,510,1850,0
322,5350264.0,CT,Toronto,3.4653400000000003,1301,482,435,595,700,435,375,375,1145,1140,1145,435,65,365,435,360,130,180,110,0
323,5350265.0,CT,Toronto,2.6864,4756,1855,1742,2285,2470,1740,1340,1340,3825,3830,3830,1740,395,1355,1740,1335,480,710,450,25
324,5350266.0,CT,Toronto,2.7633799999999997,3209,1141,1064,1575,1635,1065,930,930,2775,2775,2775,1065,170,895,1065,900,270,525,215,10
325,5350267.0,CT,Toronto,2.71113,6368,2133,2062,3170,3200,2065,1835,1835,5275,5270,5270,2060,260,1805,2060,1785,475,1105,380,10
326,5350268.0,CT,Toronto,3.0571,6419,2938,2837,2905,3510,2835,1800,1800,5500,5495,5500,2835,1005,1830,2835,1790,675,790,1150,25
327,5350269.01,CT,Toronto,0.75312,5056,2354,2081,2370,2685,2085,1345,1345,4290,4290,4285,2080,610,1470,2080,1355,310,545,930,0
328,5350269.02,CT,Toronto,1.76908,2569,951,923,1240,1325,925,775,775,2180,2175,2180,920,155,765,920,755,215,415,200,10
329,5350270.01,CT,Toronto,1.1240700000000001,4980,2117,1953,2360,2620,1950,1355,1355,4155,4155,4155,1955,540,1415,1950,1340,365,580,785,0
330,5350270.02,CT,Toronto,0.75775,4264,1636,1611,2065,2195,1610,1200,1200,3420,3420,3415,1615,400,1215,1610,1185,290,550,495,0
331,5350271.01,CT,Toronto,0.8935,2429,899,893,1155,1275,895,720,720,2060,2055,2055,895,180,715,890,700,195,360,230,15
332,5350271.02,CT,Toronto,0.7092,4815,1765,1749,2325,2490,1750,1345,1345,3890,3895,3895,1750,375,1375,1750,1330,290,675,505,10
333,5350272.01,CT,Toronto,0.4552,5987,2408,2342,2740,3240,2340,1600,1600,4895,4900,4895,2340,660,1685,2340,1600,305,715,925,0
334,5350272.02,CT,Toronto,0.99884,4705,1791,1763,2190,2520,1765,1315,1315,4010,4010,4010,1765,450,1315,1765,1270,320,645,590,10
335,5350273.01,CT,Toronto,3.2065799999999998,4014,1311,1231,1965,2050,1230,1130,1130,3275,3270,3275,1230,125,1105,1230,1090,290,640,210,10
336,5350273.02,CT,Toronto,1.28882,4160,1530,1477,1955,2205,1475,1240,1240,3535,3540,3535,1475,240,1240,1475,1205,355,620,375,10
337,5350274.01,CT,Toronto,1.52481,4900,1788,1756,2390,2510,1755,1385,1385,4090,4095,4095,1755,350,1410,1755,1355,355,710,545,0
338,5350274.02,CT,Toronto,1.3313700000000002,4738,2056,1964,2215,2525,1965,1375,1375,4140,4140,4135,1965,595,1370,1965,1345,455,645,675,0
339,5350275.0,CT,Toronto,1.9755900000000002,5836,2451,2347,2725,3110,2345,1610,1610,4890,4895,4895,2350,705,1640,2345,1610,605,790,820,30
340,5350276.01,CT,Toronto,1.22609,6446,2764,2642,2865,3580,2645,1615,1615,5150,5150,5150,2640,975,1665,2640,1620,500,835,1190,10
341,5350276.02,CT,Toronto,1.28263,6870,2514,2398,3260,3610,2400,1885,1885,5415,5415,5415,2400,480,1915,2400,1880,535,1080,705,30
342,5350277.0,CT,Toronto,1.02778,4084,1323,1220,1995,2085,1220,975,975,3105,3105,3100,1220,220,1000,1220,975,250,605,365,20
343,5350278.0,CT,Toronto,1.3337,7734,2944,2679,3610,4125,2680,1845,1845,5930,5930,5930,2680,790,1890,2675,1830,480,1015,1140,20
344,5350279.01,CT,Toronto,1.21444,4028,1665,1523,1895,2135,1525,1160,1160,3455,3455,3450,1520,350,1170,1525,1135,345,535,540,20
345,5350279.02,CT,Toronto,1.57835,6503,2195,2117,2975,3530,2115,1630,1630,4955,4955,4955,2115,495,1620,2115,1555,350,780,740,0
346,5350280.0,CT,Toronto,2.1417200000000003,7333,2993,2920,3425,3905,2920,2030,2030,6030,6035,6030,2920,835,2085,2920,2005,470,875,1095,15
347,5350281.01,CT,Toronto,0.96206,6484,2324,2256,2955,3530,2255,1820,1820,5260,5255,5255,2260,475,1780,2255,1740,280,810,695,10
348,5350281.02,CT,Toronto,0.41638000000000003,3940,1350,1306,1845,2095,1310,1055,1055,3060,3060,3060,1305,230,1070,1305,1035,145,400,410,0
349,5350282.0,CT,Toronto,2.22534,4480,1663,1607,2180,2295,1605,1270,1270,3835,3835,3830,1610,350,1255,1610,1220,325,660,500,0
350,5350283.01,CT,Toronto,0.9285,5399,1965,1938,2455,2940,1935,1465,1465,4200,4195,4195,1935,470,1470,1940,1430,250,565,635,0
351,5350283.02,CT,Toronto,1.1671200000000002,4542,1761,1712,1995,2550,1715,1275,1275,3625,3625,3630,1710,420,1290,1710,1275,260,435,500,0
352,5350284.0,CT,Toronto,1.41266,6840,2427,2349,3275,3570,2350,1880,1880,5540,5540,5540,2350,475,1875,2350,1815,435,915,765,10
353,5350285.0,CT,Toronto,1.1118,3271,1269,1207,1575,1695,1205,920,920,2830,2825,2825,1205,290,920,1210,885,235,430,430,0
354,5350286.0,CT,Toronto,3.24625,4273,1987,1704,1995,2280,1705,1150,1150,3655,3655,3655,1705,510,1195,1705,1135,330,390,720,10
355,5350287.02,CT,Toronto,1.0580399999999999,6732,2401,2246,2855,3875,2250,1595,1595,4935,4935,4935,2250,610,1635,2250,1555,340,730,1000,40
356,5350287.03,CT,Toronto,0.48415,3432,1444,1305,1460,1975,1305,810,810,2610,2610,2605,1305,485,820,1305,795,120,225,570,10
357,5350287.04,CT,Toronto,0.5939399999999999,4474,2069,2017,1935,2540,2015,1005,1005,3610,3615,3615,2020,940,1080,2015,1020,280,475,1125,15
358,5350288.0,CT,Toronto,2.6307099999999997,9970,4165,4002,4670,5300,4000,2615,2615,8220,8220,8220,4000,1260,2745,4000,2610,745,1250,1795,65
359,5350289.0,CT,Toronto,1.3028,4713,1779,1725,2280,2430,1725,1330,1330,4020,4020,4015,1725,375,1350,1725,1295,360,610,590,0
360,5350290.01,CT,Toronto,0.94404,3620,1515,1475,1735,1885,1475,995,995,3025,3030,3025,1475,460,1015,1475,965,220,395,645,0
361,5350290.02,CT,Toronto,0.34585,1534,782,717,730,805,715,405,405,1315,1310,1315,715,295,420,720,405,125,160,365,0
362,5350291.02,CT,Toronto,1.1464299999999998,4947,2010,1927,2285,2660,1925,1335,1335,4160,4160,4160,1930,610,1315,1930,1295,340,600,805,0
363,5350291.03,CT,Toronto,0.41741000000000006,2302,945,903,1105,1200,905,655,655,1980,1985,1985,905,230,675,905,640,180,260,345,0
364,5350291.04,CT,Toronto,0.51571,1585,680,654,770,810,655,445,445,1355,1350,1350,655,210,445,655,430,100,190,270,0
365,5350292.0,CT,Toronto,3.7421800000000003,6721,2893,2247,3285,3435,2250,1795,1795,5435,5435,5435,2245,480,1765,2245,1690,280,820,860,10
366,5350293.0,CT,Toronto,2.0619,6242,2197,2103,2985,3260,2105,1780,1780,5140,5140,5140,2105,395,1710,2105,1675,355,880,580,10
367,5350294.01,CT,Toronto,0.8592299999999999,4386,1586,1547,2070,2310,1545,1255,1255,3565,3560,3560,1545,285,1265,1550,1220,285,515,460,0
368,5350294.02,CT,Toronto,1.02545,4504,1453,1384,2185,2320,1385,1270,1270,3835,3835,3835,1385,200,1185,1385,1165,235,565,415,0
369,5350295.0,CT,Toronto,1.0824,5180,2035,1907,2535,2645,1905,1450,1450,4365,4370,4370,1910,465,1445,1910,1395,320,675,695,0
370,5350296.0,CT,Toronto,4.6433,64,19,19,25,35,20,20,20,55,x,x,x,x,x,x,x,x,x,x,0
371,5350297.01,CT,Toronto,1.13952,7313,3119,3027,3290,4025,3030,1950,1950,6185,6185,6185,3030,1010,2015,3025,1915,605,845,1415,15
372,5350297.02,CT,Toronto,1.50956,6502,2716,2552,3140,3360,2555,1740,1740,5440,5435,5435,2550,780,1770,2550,1710,565,855,1085,15
373,5350298.0,CT,Toronto,2.27223,4661,1605,1566,2200,2460,1565,1240,1240,3715,3715,3715,1570,275,1295,1570,1245,305,725,505,10
374,5350299.01,CT,Toronto,2.8929099999999996,6256,2319,2207,3005,3250,2210,1720,1720,5105,5105,5110,2205,430,1775,2210,1705,450,935,745,20
375,5350299.02,CT,Toronto,0.1593,5247,3019,2815,2465,2780,2815,1415,1415,4825,4825,4825,2815,1170,1645,2815,1485,730,425,1555,0
376,5350300.0,CT,Toronto,1.03364,13667,7532,6956,6535,7130,6955,3705,3705,12170,12170,12170,6955,2830,4125,6955,3790,1685,1375,3655,10
377,5350301.01,CT,Toronto,0.90166,2915,1087,1071,1370,1540,1070,845,845,2390,2390,2390,1070,215,855,1070,825,235,430,330,0
378,5350301.03,CT,Toronto,0.2736,6949,2944,2789,3500,3450,2790,1810,1810,5765,5760,5760,2790,750,2040,2790,1820,555,900,1385,10
379,5350301.04,CT,Toronto,1.42622,5859,2615,2502,2810,3055,2500,1500,1500,5055,5055,5055,2505,825,1675,2505,1515,495,635,1325,10
380,5350302.01,CT,Toronto,1.2292100000000001,6253,2406,2358,2915,3340,2360,1840,1840,5515,5515,5515,2355,560,1800,2360,1770,530,875,810,20
381,5350302.02,CT,Toronto,1.08389,6140,2092,2037,2995,3150,2035,1770,1770,5260,5260,5260,2035,285,1745,2040,1695,435,885,715,15
382,5350302.03,CT,Toronto,0.69385,3425,1205,1124,1685,1740,1125,955,955,2985,2985,2990,1125,180,945,1120,905,225,485,490,0
383,5350303.0,CT,Toronto,1.0632700000000002,5355,1893,1819,2625,2730,1820,1470,1470,4455,4455,4460,1820,280,1540,1820,1445,280,780,660,0
384,5350304.01,CT,Toronto,0.24931,4541,1633,1610,2190,2350,1610,1255,1255,3665,3660,3660,1610,295,1310,1610,1250,235,665,510,0
385,5350304.02,CT,Toronto,1.21224,4777,1885,1832,2185,2595,1830,1420,1420,3995,3995,3995,1835,420,1410,1830,1390,510,635,540,0
386,5350304.03,CT,Toronto,0.9954700000000001,2898,994,968,1320,1575,970,860,860,2455,2450,2450,970,115,850,965,835,190,405,195,0
387,5350304.04,CT,Toronto,0.23444,3724,1415,1404,1800,1925,1405,1040,1040,3065,3065,3060,1405,300,1105,1405,1040,240,560,495,10
388,5350304.05,CT,Toronto,0.703,2847,1112,1096,1315,1535,1095,810,810,2540,2540,2545,1095,285,810,1100,785,290,345,490,10
389,5350304.06,CT,Toronto,0.74893,5807,2258,2207,2775,3030,2205,1640,1640,5040,5045,5045,2210,535,1670,2205,1605,435,845,880,0
390,5350305.01,CT,Toronto,2.44425,4451,1626,1564,2170,2280,1565,1355,1355,3930,3930,3925,1565,235,1330,1565,1315,455,675,375,10
391,5350305.03,CT,Toronto,0.71145,4914,2338,2178,2295,2620,2175,1435,1435,4295,4295,4295,2175,695,1485,2180,1430,530,590,850,10
392,5350305.04,CT,Toronto,1.00966,9133,5153,4822,4240,4890,4820,2420,2420,8050,8050,8050,4820,2155,2665,4820,2490,1200,810,2585,10
393,5350306.01,CT,Toronto,1.17222,4574,1586,1478,2165,2405,1475,1290,1290,3900,3900,3900,1475,220,1260,1480,1230,250,685,415,0
394,5350306.02,CT,Toronto,1.1185200000000002,4793,1831,1714,2285,2510,1715,1335,1335,4125,4125,4120,1715,385,1330,1715,1290,330,745,570,10
395,5350307.03,CT,Toronto,0.11010999999999999,5039,2359,2238,2280,2760,2240,1415,1415,4425,4430,4425,2235,690,1550,2240,1440,380,670,960,0
396,5350307.04,CT,Toronto,0.15295,7035,3530,3360,3265,3770,3360,1900,1900,6335,6335,6330,3360,1205,2155,3360,1970,730,780,1660,10
397,5350307.05,CT,Toronto,0.10463,3581,2038,1926,1610,1970,1925,925,925,3300,3300,3300,1925,830,1100,1925,960,440,295,1155,10
398,5350307.06,CT,Toronto,0.10419,5424,2374,2266,2555,2870,2270,1495,1495,4600,4600,4600,2265,655,1610,2265,1510,455,750,910,0
399,5350307.07,CT,Toronto,1.22458,6321,2651,2366,2990,3335,2365,1705,1705,5485,5485,5485,2365,575,1790,2365,1690,455,905,1025,10
400,5350308.02,CT,Toronto,1.42465,4310,1688,1588,2135,2170,1585,1210,1210,3680,3680,3680,1590,380,1210,1590,1180,355,635,555,40
401,5350308.03,CT,Toronto,0.39669,1147,425,385,590,555,385,325,325,965,965,965,385,60,325,385,315,95,180,135,0
402,5350308.04,CT,Toronto,1.08521,11479,5941,5576,5260,6220,5575,2925,2925,10290,10290,10285,5575,2220,3355,5575,2995,1265,1100,3165,15
403,5350309.0,CT,Toronto,0.74182,6383,2354,2308,2870,3510,2310,1695,1695,5290,5290,5285,2305,520,1785,2310,1690,375,760,975,10
404,5350310.01,CT,Toronto,1.42763,3512,1271,1204,1750,1765,1205,975,975,2855,2850,2850,1205,220,985,1205,960,275,495,360,0
405,5350310.02,CT,Toronto,2.23548,5048,2028,1858,2470,2580,1860,1390,1390,4230,4230,4230,1860,430,1430,1855,1370,330,715,690,0
406,5350311.02,CT,Toronto,0.89054,5823,2308,2141,2795,3030,2140,1565,1565,4955,4955,4960,2140,600,1540,2140,1495,300,695,880,25
407,5350311.03,CT,Toronto,0.79713,2651,923,863,1285,1370,865,755,755,2270,2270,2270,865,145,720,865,700,155,345,260,10
408,5350311.04,CT,Toronto,0.95755,6552,2436,2247,3065,3485,2245,1845,1845,5520,5520,5520,2250,455,1795,2245,1755,385,825,700,25
409,5350311.05,CT,Toronto,0.34549,6823,2681,2593,3495,3330,2590,1670,1670,5720,5715,5720,2595,670,1920,2590,1670,385,685,1560,35
410,5350311.06,CT,Toronto,10.24442,5744,2703,2326,3010,2735,2325,1170,1170,5065,5060,5065,2325,790,1530,2325,1225,375,425,2115,20
411,5350312.02,CT,Toronto,0.524,3448,1185,1077,1655,1795,1080,920,920,2765,2765,2765,1075,180,895,1075,855,125,385,405,10
412,5350312.03,CT,Toronto,1.48726,6420,2219,2164,2975,3450,2165,1800,1800,5190,5190,5195,2160,435,1730,2165,1680,290,705,695,10
413,5350312.04,CT,Toronto,0.72554,5763,1820,1718,2695,3065,1720,1480,1480,4290,4290,4290,1720,250,1465,1720,1395,160,550,575,15
414,5350312.05,CT,Toronto,0.34586999999999996,3836,1348,1295,1735,2100,1295,1020,1020,2845,2845,2845,1295,240,1055,1295,1000,100,300,475,10
415,5350312.06,CT,Toronto,0.45843999999999996,3444,1086,1058,1555,1890,1060,935,935,2795,2795,2795,1060,190,875,1060,855,140,380,335,10
416,5350312.07,CT,Toronto,0.6247,3076,1312,1221,1445,1630,1220,835,835,2710,2710,2710,1225,455,765,1220,760,195,325,545,0
417,5350313.0,CT,Toronto,2.89834,5554,1945,1808,2675,2880,1810,1545,1545,4580,4585,4580,1805,310,1495,1810,1450,305,680,570,10
418,5350314.01,CT,Toronto,0.4281,5036,1741,1676,2420,2615,1675,1375,1375,3885,3885,3885,1675,280,1395,1675,1335,195,620,520,0
419,5350314.02,CT,Toronto,1.12467,4955,1704,1568,2380,2575,1570,1355,1355,4120,4115,4120,1570,265,1300,1570,1265,270,650,475,10
420,5350315.01,CT,Toronto,1.51758,3368,1223,1122,1665,1700,1125,990,990,2910,2910,2910,1120,190,935,1125,925,275,455,290,10
421,5350315.02,CT,Toronto,0.42796000000000006,3543,1170,1076,1710,1840,1075,970,970,2870,2870,2870,1075,170,905,1075,890,165,510,265,0
422,5350315.03,CT,Toronto,6.01015,5505,1895,1699,2660,2845,1700,1505,1505,4475,4480,4475,1700,275,1420,1695,1395,270,730,490,0
423,5350316.01,CT,Toronto,1.7746,3910,1301,1224,1845,2060,1225,1065,1065,3210,3205,3205,1225,230,995,1225,975,230,490,380,25
424,5350316.03,CT,Toronto,0.40066,5888,2039,1948,2815,3080,1950,1535,1535,4580,4580,4580,1950,375,1575,1950,1510,185,650,625,20
425,5350316.04,CT,Toronto,0.46506000000000003,4275,1760,1679,1940,2335,1680,1035,1035,3325,3325,3325,1675,610,1070,1680,1030,135,335,770,10
426,5350316.05,CT,Toronto,0.40614,3992,1373,1309,1910,2080,1310,1040,1040,3085,3085,3085,1310,240,1075,1305,1015,150,405,485,15
427,5350316.06,CT,Toronto,0.40499,3672,1198,1164,1625,2045,1165,975,975,2765,2765,2765,1160,215,955,1165,925,110,340,355,15
428,5350317.02,CT,Toronto,0.43231,7347,3408,3336,3230,4115,3335,2000,2000,6525,6525,6525,3335,1255,2085,3335,1990,725,755,1745,25
429,5350317.03,CT,Toronto,1.19309,3688,1264,1245,1825,1860,1245,1110,1110,3230,3235,3230,1245,160,1085,1245,1060,320,540,330,10
430,5350317.04,CT,Toronto,0.72206,6627,2594,2534,3070,3555,2535,1880,1880,5600,5605,5600,2535,615,1920,2535,1850,500,835,920,15
431,5350317.05,CT,Toronto,0.54133,2229,834,811,1060,1170,810,615,615,1995,1995,1995,810,200,610,810,590,190,280,395,0
432,5350318.0,CT,Toronto,1.9063700000000001,8574,3568,3330,4040,4530,3330,2300,2300,7630,7630,7630,3330,815,2515,3330,2280,680,1045,1680,15
433,5350319.0,CT,Toronto,1.20157,4191,1616,1527,2090,2100,1525,1185,1185,3685,3685,3685,1525,310,1220,1530,1165,335,570,585,10
434,5350320.01,CT,Toronto,0.73678,5197,2103,2036,2350,2845,2035,1395,1395,4355,4360,4360,2035,615,1420,2035,1360,420,585,970,20
435,5350320.02,CT,Toronto,0.8527600000000001,5869,2129,2067,2750,3115,2070,1640,1640,5150,5150,5150,2065,405,1660,2065,1580,440,760,890,10
436,5350321.01,CT,Toronto,1.25768,3830,1340,1258,1870,1955,1260,1120,1120,3365,3365,3365,1260,165,1095,1255,1065,305,585,380,0
437,5350321.02,CT,Toronto,1.2172,4030,1497,1429,2000,2035,1430,1130,1130,3555,3555,3555,1430,280,1145,1425,1100,320,585,555,10
438,5350322.01,CT,Toronto,0.20805,4737,2371,2242,2145,2590,2240,1245,1245,4320,4320,4315,2245,755,1485,2240,1320,425,480,1170,15
439,5350322.02,CT,Toronto,1.40695,3500,1262,1185,1585,1920,1185,770,770,2710,2710,2710,1185,385,800,1185,750,250,380,645,10
440,5350323.01,CT,Toronto,1.04061,4289,1746,1706,1980,2310,1705,1250,1250,3735,3735,3735,1705,455,1250,1705,1225,390,580,580,0
441,5350323.02,CT,Toronto,1.8599900000000003,5367,1935,1849,2405,2960,1850,1510,1510,4400,4400,4400,1850,390,1460,1850,1450,535,680,525,10
442,5350324.01,CT,Toronto,1.1954,3498,1214,1143,1645,1850,1140,1035,1035,3015,3015,3015,1145,130,1015,1140,990,230,480,285,0
443,5350324.02,CT,Toronto,1.89369,6123,2256,2133,2900,3220,2130,1820,1820,5340,5335,5335,2135,315,1820,2130,1760,410,850,680,0
444,5350324.03,CT,Toronto,2.16991,3862,1762,1701,1775,2085,1705,1140,1140,3535,3540,3540,1700,550,1155,1700,1110,540,410,765,0
445,5350324.05,CT,Toronto,0.65612,3388,1405,1382,1550,1835,1385,950,950,2980,2985,2985,1385,455,930,1385,910,250,480,590,10
446,5350324.06,CT,Toronto,0.65762,3561,1219,1182,1700,1860,1180,1050,1050,2945,2945,2945,1180,160,1020,1180,1005,185,640,250,0
447,5350330.0,CT,Toronto,2.19348,4288,1757,1730,2070,2215,1730,1265,1265,3675,3675,3675,1730,460,1270,1730,1235,460,560,585,10
448,5350331.01,CT,Toronto,1.52013,5629,2287,2261,2555,3075,2260,1585,1585,4685,4685,4685,2265,660,1600,2260,1565,545,665,780,0
449,5350331.03,CT,Toronto,0.51039,6162,1931,1877,3015,3145,1880,1590,1590,4530,4525,4525,1880,255,1620,1875,1565,205,845,500,0
450,5350331.04,CT,Toronto,1.06015,3212,1288,1261,1470,1740,1260,850,850,2655,2655,2655,1260,420,840,1260,820,255,385,485,0
451,5350332.0,CT,Toronto,1.52621,7350,2914,2785,3480,3875,2785,1925,1925,5895,5895,5895,2785,855,1935,2785,1850,360,825,1120,0
452,5350333.0,CT,Toronto,2.39935,4695,1710,1644,2285,2410,1645,1355,1355,3940,3935,3940,1645,305,1340,1645,1300,350,655,465,10
453,5350334.0,CT,Toronto,2.38519,3500,1358,1274,1725,1775,1275,1000,1000,2880,2880,2880,1270,270,1000,1275,980,295,525,350,10
454,5350335.0,CT,Toronto,2.2315099999999997,7740,3026,2984,3730,4015,2985,2065,2065,6435,6435,6435,2985,920,2065,2985,2005,485,1045,1140,15
455,5350336.0,CT,Toronto,1.63381,6772,2553,2393,3325,3445,2395,1890,1890,5625,5630,5625,2395,510,1880,2390,1830,515,920,785,30
456,5350337.01,CT,Toronto,0.20168,721,357,316,350,365,315,185,185,595,595,595,315,115,200,315,190,35,75,155,0
457,5350337.02,CT,Toronto,0.61933,2155,888,862,990,1165,865,540,540,1570,1570,1570,865,290,570,865,545,175,175,370,10
458,5350338.0,CT,Toronto,1.6501299999999999,5956,2729,2627,2950,3010,2625,1575,1575,4945,4950,4945,2625,975,1650,2630,1575,505,730,1195,30
459,5350339.0,CT,Toronto,1.8385099999999999,6687,3110,3000,3110,3580,3000,1885,1885,5610,5610,5610,3000,1070,1930,3000,1865,680,835,1245,70
460,5350340.0,CT,Toronto,1.27488,6771,2557,2457,3375,3395,2455,1845,1845,5495,5500,5500,2455,545,1915,2455,1820,450,980,870,15
461,5350341.02,CT,Toronto,0.77866,4379,1860,1777,2060,2320,1775,1040,1040,3560,3560,3560,1775,675,1100,1780,1010,320,480,970,10
462,5350341.03,CT,Toronto,0.40538,3436,1465,1334,1695,1740,1335,840,840,2480,2480,2480,1335,470,860,1335,835,75,470,545,0
463,5350341.04,CT,Toronto,0.67099,6030,2261,2171,2980,3050,2175,1500,1500,4710,4710,4710,2170,640,1535,2170,1450,310,745,935,25
464,5350342.0,CT,Toronto,1.2329700000000001,7561,2414,2376,3585,3980,2375,2075,2075,6010,6010,6010,2375,360,2015,2375,1960,335,1115,640,25
465,5350343.0,CT,Toronto,1.09816,4218,1620,1517,2135,2085,1515,1150,1150,3515,3515,3515,1520,370,1150,1520,1105,255,540,575,0
466,5350344.01,CT,Toronto,1.06274,5186,1990,1880,2595,2590,1880,1405,1405,4435,4435,4435,1880,495,1385,1880,1320,325,630,795,10
467,5350344.02,CT,Toronto,0.22083000000000003,3365,1850,1829,1515,1855,1830,845,845,2890,2895,2895,1830,955,870,1830,845,235,265,1025,0
468,5350345.0,CT,Toronto,0.78754,3938,1328,1258,1945,1990,1255,1075,1075,3340,3340,3340,1260,200,1055,1255,1025,205,550,405,15
469,5350346.01,CT,Toronto,1.5199799999999999,4634,1717,1609,2270,2365,1605,1250,1250,3660,3660,3655,1610,355,1255,1610,1205,210,605,535,20
470,5350346.02,CT,Toronto,0.40049,5388,2066,2029,2505,2880,2030,1490,1490,4365,4365,4365,2030,470,1560,2030,1485,290,695,715,10
471,5350347.0,CT,Toronto,1.50409,2833,931,924,1445,1385,925,750,750,2205,2205,2205,920,180,740,920,715,160,395,280,10
472,5350348.0,CT,Toronto,2.31904,5601,2007,1972,2590,3010,1975,1530,1530,4515,4515,4515,1975,445,1530,1975,1490,375,765,600,40
473,5350349.0,CT,Toronto,0.8761700000000001,5720,2335,2309,2720,3000,2310,1525,1525,4780,4780,4780,2310,735,1575,2310,1510,315,685,995,25
474,5350350.0,CT,Toronto,3.3616599999999996,5419,2063,1986,2595,2825,1990,1450,1450,4510,4510,4510,1985,550,1435,1985,1400,360,680,775,20
475,5350351.01,CT,Toronto,0.9748600000000001,5497,2130,2051,2655,2845,2055,1520,1520,4595,4595,4595,2050,540,1515,2050,1445,315,705,795,10
476,5350351.02,CT,Toronto,0.56565,2756,1116,1088,1320,1440,1085,765,765,2340,2335,2335,1090,300,785,1085,750,200,300,455,10
477,5350352.0,CT,Toronto,1.1271200000000001,5309,1945,1892,2500,2810,1890,1405,1405,4355,4360,4355,1890,495,1400,1890,1340,295,705,705,15
478,5350353.02,CT,Toronto,1.21341,5305,1697,1649,2585,2725,1650,1445,1445,4340,4340,4345,1650,280,1370,1650,1340,290,725,470,0
479,5350353.03,CT,Toronto,0.40919,3107,1100,1075,1470,1640,1075,860,860,2605,2605,2605,1075,240,835,1075,820,160,455,355,0
480,5350353.04,CT,Toronto,0.62956,4509,1650,1590,2135,2375,1590,1210,1210,3595,3595,3595,1590,375,1215,1590,1175,200,595,540,10
481,5350354.0,CT,Toronto,1.33283,5403,1826,1695,2665,2740,1695,1450,1450,4415,4415,4415,1695,320,1375,1695,1340,315,715,560,25
482,5350355.02,CT,Toronto,1.105,5214,1980,1919,2440,2780,1920,1475,1475,4415,4420,4415,1920,460,1460,1915,1415,320,655,630,0
483,5350355.04,CT,Toronto,0.5770000000000001,5270,1810,1776,2420,2855,1775,1345,1345,3990,3990,3985,1775,390,1380,1775,1330,245,655,585,0
484,5350355.05,CT,Toronto,0.31432,3033,1056,993,1430,1600,995,760,760,2230,2230,2230,995,205,785,995,745,115,330,385,0
485,5350355.06,CT,Toronto,0.1923,1643,603,559,760,880,560,455,455,1240,1245,1240,560,115,445,560,440,40,170,150,0
486,5350356.0,CT,Toronto,1.55598,4833,1633,1555,2345,2490,1555,1270,1270,3875,3875,3880,1555,310,1245,1555,1200,285,680,515,15
487,5350357.01,CT,Toronto,1.05106,7123,2490,2404,3405,3720,2405,1805,1805,5500,5500,5500,2405,715,1690,2405,1630,310,895,930,0
488,5350357.02,CT,Toronto,1.10589,4940,1774,1693,2320,2625,1695,1375,1375,3725,3720,3720,1690,345,1345,1695,1305,190,500,525,0
489,5350358.01,CT,Toronto,1.1101299999999998,3397,1180,1129,1685,1715,1130,985,985,2865,2860,2865,1130,195,935,1125,925,250,425,310,10
490,5350358.02,CT,Toronto,0.6179100000000001,4732,2021,1955,2165,2570,1955,1200,1200,3930,3930,3930,1955,765,1190,1955,1165,230,475,890,0
491,5350358.03,CT,Toronto,1.09741,5598,2304,2217,2725,2875,2220,1355,1355,4540,4540,4540,2220,870,1350,2220,1310,245,575,1065,10
492,5350359.0,CT,Toronto,2.23634,7558,2773,2687,3525,4035,2685,2010,2010,6025,6025,6025,2690,670,2015,2685,1945,315,835,985,0
493,5350360.0,CT,Toronto,4.55616,6107,2040,1998,2975,3130,1995,1745,1745,5035,5035,5035,1995,290,1705,2000,1670,440,835,470,10
494,5350361.01,CT,Toronto,2.95729,5804,1963,1928,2845,2960,1925,1740,1740,4960,4960,4960,1930,240,1690,1930,1670,525,900,335,0
495,5350361.02,CT,Toronto,2.46272,7558,2476,2451,3640,3915,2450,2270,2270,6235,6235,6235,2450,265,2185,2450,2175,575,1225,380,0
496,5350362.01,CT,Toronto,2.5287900000000003,6300,2153,2083,2970,3330,2085,1780,1780,5250,5250,5245,2080,385,1695,2085,1680,345,865,525,0
497,5350362.02,CT,Toronto,1.9434900000000002,5628,1731,1626,2795,2830,1625,1565,1565,4875,4870,4875,1625,185,1435,1625,1415,305,895,365,15
498,5350362.03,CT,Toronto,3.3025800000000003,6866,2176,2074,3405,3460,2075,1945,1945,6060,6055,6055,2075,235,1840,2075,1775,440,1060,600,10
499,5350362.04,CT,Toronto,1.3530799999999998,5019,1796,1756,2360,2655,1755,1340,1340,4190,4190,4185,1760,465,1285,1760,1250,295,625,605,0
500,5350363.02,CT,Toronto,1.19757,3253,1115,1106,1560,1690,1105,930,930,2800,2800,2800,1105,200,905,1105,885,235,455,295,0
501,5350363.04,CT,Toronto,1.12713,3668,1119,1106,1820,1855,1105,1015,1015,3100,3100,3100,1105,150,960,1105,945,190,535,250,0
502,5350363.05,CT,Toronto,0.50329,4538,1776,1694,2180,2355,1695,1150,1150,3565,3565,3565,1690,430,1265,1695,1140,155,505,825,0
503,5350363.06,CT,Toronto,0.82891,7307,3439,3326,3440,3875,3325,2085,2085,6290,6290,6290,3325,1070,2260,3325,2085,710,785,1540,0
504,5350363.07,CT,Toronto,2.2765400000000002,5338,1971,1925,2655,2680,1925,1300,1300,4240,4235,4240,1925,595,1330,1925,1250,210,685,960,0
505,5350364.01,CT,Toronto,2.90673,5996,2034,1973,2895,3100,1975,1575,1575,4810,4810,4810,1975,425,1550,1975,1500,390,755,650,10
506,5350364.02,CT,Toronto,0.74379,3053,1004,957,1490,1560,960,820,820,2460,2460,2460,955,155,805,955,775,200,425,290,0
507,5350365.0,CT,Toronto,1.5674,6497,2028,1946,3210,3285,1945,1745,1745,5435,5435,5435,1945,270,1680,1950,1625,295,960,615,0
508,5350366.0,CT,Toronto,1.44064,6136,2143,2069,2950,3185,2070,1740,1740,5105,5105,5105,2065,400,1670,2070,1635,350,830,630,10
509,5350367.01,CT,Toronto,0.71324,4710,1398,1375,2405,2305,1375,1235,1235,3755,3755,3755,1375,150,1225,1375,1170,180,735,440,0
510,5350367.02,CT,Toronto,1.0306799999999998,3548,1218,1186,1755,1790,1190,1020,1020,3025,3020,3020,1190,210,975,1190,945,260,490,405,20
511,5350368.01,CT,Toronto,0.8884700000000001,6843,3786,3582,3075,3770,3580,1760,1760,6270,6270,6270,3580,1455,2120,3580,1810,810,540,2240,10
512,5350368.02,CT,Toronto,1.57328,4315,1464,1399,2085,2230,1395,1065,1065,3285,3285,3285,1400,370,1030,1400,1010,315,500,525,0
513,5350369.0,CT,Toronto,2.4665,8094,2520,2441,4000,4095,2440,2140,2140,6300,6300,6300,2440,375,2065,2440,2010,405,1140,600,10
514,5350370.01,CT,Toronto,1.76665,9977,3792,3725,4570,5400,3725,2705,2705,7945,7940,7940,3725,1015,2710,3725,2625,590,1295,1310,10
515,5350370.02,CT,Toronto,2.27382,5580,1849,1803,2665,2915,1805,1480,1480,4420,4415,4420,1805,350,1455,1805,1415,295,775,595,20
516,5350370.03,CT,Toronto,0.8572299999999999,4137,1409,1357,1990,2150,1360,1140,1140,3410,3415,3415,1355,260,1095,1355,1070,210,575,425,10
517,5350371.0,CT,Toronto,3.7152300000000005,7626,2691,2570,3730,3890,2570,2060,2060,6240,6240,6240,2570,555,2020,2570,1955,490,1005,840,20
518,5350372.0,CT,Toronto,1.33184,4346,1504,1440,2105,2240,1440,1225,1225,3730,3735,3735,1440,235,1200,1440,1175,285,635,410,0
519,5350373.0,CT,Toronto,0.9606899999999999,4806,1869,1801,2425,2385,1800,1315,1315,4070,4070,4070,1800,465,1340,1800,1270,315,590,745,15
520,5350374.01,CT,Toronto,1.18795,4848,1717,1656,2330,2515,1660,1415,1415,4155,4155,4150,1655,275,1375,1655,1355,300,745,475,15
521,5350374.02,CT,Toronto,0.80225,3215,1084,1053,1540,1675,1050,955,955,2820,2820,2820,1050,155,900,1055,890,235,455,290,10
522,5350374.03,CT,Toronto,0.80821,4184,1718,1655,1960,2225,1655,1140,1140,3670,3670,3670,1655,520,1135,1655,1090,305,495,795,0
523,5350375.01,CT,Toronto,0.95309,6324,2817,2733,2800,3525,2730,1780,1780,5525,5525,5525,2735,955,1775,2735,1735,505,715,1195,15
524,5350375.02,CT,Toronto,0.61463,1959,702,694,925,1035,695,570,570,1670,1675,1675,690,145,545,690,540,155,295,190,0
525,5350375.03,CT,Toronto,0.81361,5318,1917,1866,2540,2780,1865,1485,1485,4380,4375,4375,1870,385,1480,1865,1430,310,685,650,0
526,5350375.04,CT,Toronto,0.9242799999999999,5300,1667,1633,2555,2745,1630,1500,1500,4545,4540,4545,1635,180,1455,1630,1420,305,760,495,0
527,5350375.05,CT,Toronto,1.13069,7208,2484,2449,3335,3875,2450,1955,1955,5815,5815,5810,2450,505,1940,2450,1900,460,1005,695,10
528,5350376.01,CT,Toronto,1.04665,5094,1697,1584,2370,2725,1580,1405,1405,4290,4290,4290,1585,245,1340,1585,1315,280,620,560,10
529,5350376.02,CT,Toronto,0.8583,5176,1656,1614,2525,2655,1615,1470,1470,4295,4295,4290,1615,215,1400,1615,1370,265,735,510,15
530,5350376.04,CT,Toronto,1.1940600000000001,5460,1866,1804,2590,2865,1805,1535,1535,4415,4415,4415,1805,320,1485,1800,1480,445,730,490,0
531,5350376.05,CT,Toronto,1.30767,6860,2045,1998,3330,3525,1995,1940,1940,5955,5955,5955,1995,325,1670,2000,1755,490,910,920,10
532,5350376.06,CT,Toronto,2.19192,484,229,219,155,330,220,80,80,315,315,315,220,135,85,220,85,60,5,145,0
533,5350376.08,CT,Toronto,0.87879,6157,2176,2123,2905,3255,2125,1785,1785,5380,5380,5380,2120,400,1720,2125,1690,455,855,690,15
534,5350376.09,CT,Toronto,0.80105,4638,1644,1602,2170,2465,1600,1415,1415,4110,4110,4110,1605,280,1325,1600,1310,365,620,510,10
535,5350376.11,CT,Toronto,0.47043999999999997,3416,1067,1014,1685,1735,1015,925,925,2810,2810,2810,1015,105,905,1015,880,145,450,285,10
536,5350376.12,CT,Toronto,0.91215,5318,1922,1887,2445,2875,1890,1565,1565,4725,4725,4730,1885,385,1500,1890,1475,415,765,595,10
537,5350376.13,CT,Toronto,0.51098,3902,1386,1362,1810,2090,1365,1190,1190,3435,3440,3435,1365,265,1100,1365,1115,340,545,390,0
538,5350376.14,CT,Toronto,0.7362,3763,1091,1053,1830,1935,1050,1115,1115,3205,3205,3205,1050,70,980,1055,1020,245,585,305,0
539,5350376.15,CT,Toronto,0.92289,3696,1574,1518,1655,2040,1515,1165,1165,3385,3390,3390,1515,335,1185,1515,1155,495,400,475,0
540,5350376.16,CT,Toronto,0.27148,4226,1672,1621,1805,2420,1620,985,985,3060,3065,3065,1625,615,1010,1620,970,245,505,750,10
541,5350377.01,CT,Toronto,2.06027,8996,3752,3574,4440,4560,3570,2535,2535,7845,7840,7840,3575,980,2590,3570,2450,725,1115,1590,25
542,5350377.02,CT,Toronto,1.9059599999999999,4405,1493,1407,2110,2290,1410,1300,1300,3905,3905,3905,1405,200,1210,1405,1215,310,650,400,10
543,5350377.03,CT,Toronto,0.65012,2815,892,868,1390,1425,870,820,820,2460,2455,2455,865,95,770,870,770,185,415,280,10
544,5350377.04,CT,Toronto,0.8833200000000001,5939,1746,1682,2880,3065,1685,1740,1740,5090,5085,5090,1685,140,1540,1680,1550,320,910,435,20
545,5350377.06,CT,Toronto,0.51169,3809,1001,980,1905,1905,980,1070,1070,3320,3320,3320,980,70,910,980,960,195,540,450,0
546,5350377.07,CT,Toronto,0.76461,4857,1321,1282,2330,2525,1280,1325,1325,3910,3910,3910,1285,105,1180,1280,1210,280,675,415,20
547,5350378.02,CT,Toronto,1.05954,3257,979,929,1670,1590,930,870,870,2790,2790,2790,925,90,835,930,790,170,460,440,0
548,5350378.03,CT,Toronto,2.2069099999999997,7363,2503,2434,3530,3830,2435,2055,2055,6270,6275,6275,2435,420,2015,2435,1955,370,1015,740,10
549,5350378.04,CT,Toronto,1.27906,6148,1826,1753,3035,3115,1750,1625,1625,4860,4860,4865,1755,255,1495,1750,1465,250,865,480,10
550,5350378.05,CT,Toronto,0.7275699999999999,3907,1235,1201,1805,2100,1200,1090,1090,3170,3170,3170,1200,160,1045,1200,1025,160,530,280,0
551,5350378.06,CT,Toronto,1.7906,6063,1754,1671,2930,3135,1670,1635,1635,4910,4910,4910,1670,165,1505,1670,1485,180,915,370,10
552,5350378.07,CT,Toronto,2.80032,7099,2311,2226,3385,3720,2230,1945,1945,5860,5865,5865,2225,350,1880,2230,1845,405,945,635,0
553,5350378.08,CT,Toronto,0.88574,6263,1997,1953,3000,3260,1955,1845,1845,5425,5425,5425,1955,270,1680,1955,1680,340,945,490,10
554,5350378.11,CT,Toronto,0.9633700000000001,5693,1748,1713,2810,2880,1715,1530,1530,4680,4680,4685,1715,255,1455,1710,1415,205,855,485,0
555,5350378.12,CT,Toronto,0.78391,5181,1904,1828,2370,2815,1830,1410,1410,4195,4195,4195,1830,455,1375,1830,1335,245,585,605,10
556,5350378.14,CT,Toronto,0.9291299999999999,3892,1184,1168,1890,2005,1165,1100,1100,3215,3215,3215,1170,120,1050,1170,1050,195,600,285,10
557,5350378.16,CT,Toronto,0.63484,6103,2005,1923,2985,3120,1925,1690,1690,5110,5115,5115,1925,335,1590,1925,1555,290,920,510,10
558,5350378.17,CT,Toronto,0.47397,3336,961,903,1540,1795,905,885,885,2670,2670,2670,900,70,830,905,820,100,475,150,10
559,5350378.18,CT,Toronto,0.09093,2765,1114,1100,1280,1485,1100,835,835,2345,2345,2340,1100,265,835,1100,820,225,315,345,0
560,5350378.19,CT,Toronto,4.5159199999999995,5162,1438,1411,2555,2610,1410,1485,1485,4395,4400,4395,1415,110,1305,1410,1330,245,835,310,10
561,5350378.2,CT,Toronto,0.10951,2093,775,769,965,1135,770,660,660,1800,1795,1800,770,140,630,770,630,180,280,210,0
562,5350378.21,CT,Toronto,0.70181,3948,1056,1043,1935,2010,1045,1125,1125,3305,3305,3305,1040,60,985,1045,1025,210,600,285,0
563,5350378.22,CT,Toronto,0.53214,3454,891,877,1730,1725,880,995,995,2990,2985,2990,880,40,835,875,880,205,490,315,10
564,5350378.23,CT,Toronto,1.53025,4095,1334,1302,1960,2130,1305,1210,1210,3650,3650,3650,1300,195,1105,1300,1115,300,570,430,10
565,5350378.24,CT,Toronto,2.52877,6109,2218,2147,2790,3320,2145,1715,1715,5165,5160,5160,2145,525,1625,2145,1610,435,815,715,10
566,5350378.25,CT,Toronto,4.76673,7931,1885,1858,3900,4030,1855,2090,2090,6285,6280,6280,1860,70,1790,1860,1795,155,1380,240,10
567,5350378.26,CT,Toronto,1.66052,4761,1165,1144,2335,2430,1145,1300,1300,3915,3915,3915,1145,40,1110,1145,1110,110,830,105,10
568,5350378.27,CT,Toronto,20.2249,5806,1556,1530,2780,3025,1530,1570,1570,4620,4625,4625,1530,140,1390,1530,1395,145,960,275,0
569,5350378.28,CT,Toronto,2.25257,7175,2041,1925,3470,3705,1925,1995,1995,6020,6020,6020,1925,170,1755,1925,1755,225,1065,320,0
570,5350802.01,CT,Toronto,2.2159999999999997,3829,1290,1267,1905,1925,1270,1160,1160,3205,3210,3210,1270,145,1125,1270,1115,310,620,190,0
571,5350802.02,CT,Toronto,2.4403099999999998,5675,1844,1826,2750,2925,1825,1635,1635,4640,4635,4635,1825,225,1605,1825,1585,445,930,300,0
