GeoUID,Type,Region Name,Area (sq km),Population ,Dwellings ,Households ,"v_CA16_401: Population, 2016",v_CA16_406: Population density per square kilometre,v_CA16_407: Land area in square kilometres,v_CA16_1: Age Stats
5350001.00,CT,Toronto,6.62211,595,274,247,595,97.6,6.10,595
5350002.00,CT,Toronto,3.2947,620,279,270,620,195.4,3.17,620
5350003.00,CT,Toronto,0.94253,749,267,258,749,820.5,0.91,755
5350004.00,CT,Toronto,0.34347,6686,3609,3455,6686,19453.0,0.34,6685
5350005.00,CT,Toronto,0.37612,6424,3729,3424,6424,17076.0,0.38,6420
5350006.00,CT,Toronto,0.01288,0,0,0,0,0.0,0.01,x
5350007.01,CT,Toronto,0.19931,3237,1827,1747,3237,16233.7,0.20,3235
5350007.02,CT,Toronto,0.43657,4753,2653,2506,4753,10891.4,0.44,4750
5350008.01,CT,Toronto,0.29723,7503,5192,4954,7503,25262.6,0.30,7500
5350008.02,CT,Toronto,1.83937,9942,6390,6060,9942,5345.7,1.86,9940
5350009.00,CT,Toronto,0.10317,567,169,166,567,5499.5,0.10,565
5350010.01,CT,Toronto,0.26263,5428,3281,3147,5428,20670.2,0.26,5425
5350010.02,CT,Toronto,0.54735,7740,4628,4447,7740,14144.7,0.55,7745
5350011.00,CT,Toronto,0.98037,17549,15207,11891,17549,17903.5,0.98,17555
5350012.01,CT,Toronto,0.41877,11658,7449,6881,11658,27843.3,0.42,11655
5350012.03,CT,Toronto,0.46643,8865,5997,5311,8865,19003.2,0.47,8865
5350012.04,CT,Toronto,0.233,4899,3258,2956,4899,21272.3,0.23,4900
5350013.01,CT,Toronto,0.34314,6290,4499,4059,6290,18332.8,0.34,6290
5350013.02,CT,Toronto,0.41796,8126,5270,4725,8126,19449.5,0.42,8125
5350014.00,CT,Toronto,0.47266,1242,975,691,1242,2628.0,0.47,1240
5350015.00,CT,Toronto,0.28599,3663,2451,2226,3663,12807.7,0.29,3665
5350016.00,CT,Toronto,0.65971,10101,6527,6180,10101,15430.8,0.65,10105
5350017.00,CT,Toronto,1.37531,7906,5250,4663,7906,5889.5,1.34,7905
5350018.00,CT,Toronto,0.35178,2456,1319,1248,2456,7081.9,0.35,2455
5350019.00,CT,Toronto,0.24894,3258,1410,1365,3258,13089.6,0.25,3255
5350020.00,CT,Toronto,0.73862,2390,1028,1014,2390,3236.3,0.74,2390
5350021.00,CT,Toronto,0.86807,5199,2830,2661,5199,5977.9,0.87,5200
5350022.00,CT,Toronto,0.55462,3883,1577,1504,3883,6998.9,0.55,3880
5350023.00,CT,Toronto,0.68635,3208,1355,1286,3208,4673.7,0.69,3205
5350024.00,CT,Toronto,0.70927,6887,3136,2963,6887,9713.7,0.71,6885
5350025.00,CT,Toronto,0.52843,3456,1659,1610,3456,6540.5,0.53,3460
5350026.00,CT,Toronto,0.77719,6486,2894,2695,6486,8344.3,0.78,6485
5350027.00,CT,Toronto,0.48531,4390,1818,1724,4390,9046.0,0.49,4390
5350028.01,CT,Toronto,0.20716,1387,728,684,1387,6690.8,0.21,1385
5350028.02,CT,Toronto,0.46335,6198,3007,2836,6198,13383.7,0.46,6200
5350029.00,CT,Toronto,0.68669,6987,3099,2962,6987,10354.2,0.67,6985
5350030.00,CT,Toronto,0.38708,4529,2319,2195,4529,11893.4,0.38,4530
5350031.00,CT,Toronto,0.26375,6274,2864,2765,6274,24270.8,0.26,6270
5350032.00,CT,Toronto,0.4197,5363,2976,2641,5363,12781.2,0.42,5360
5350033.00,CT,Toronto,0.31957,5042,3010,2733,5042,15780.9,0.32,5045
5350034.01,CT,Toronto,0.12455,4554,2884,2268,4554,36578.3,0.12,4555
5350034.02,CT,Toronto,0.39824,5147,3409,3055,5147,12922.4,0.40,5145
5350035.00,CT,Toronto,0.66273,9876,6772,5707,9876,14900.4,0.66,9880
5350036.00,CT,Toronto,0.38343,5487,3641,3272,5487,14311.4,0.38,5490
5350037.00,CT,Toronto,0.45102,4494,2463,2116,4494,9957.9,0.45,4490
5350038.00,CT,Toronto,0.36616,3772,1820,1638,3772,10303.2,0.37,3775
5350039.00,CT,Toronto,0.31773,4192,1821,1709,4192,13186.5,0.32,4190
5350040.00,CT,Toronto,0.36873,4568,1961,1788,4568,12396.2,0.37,4570
5350041.00,CT,Toronto,0.31712,3453,1588,1453,3453,10889.3,0.32,3450
5350042.00,CT,Toronto,0.48994,4570,2150,1965,4570,9328.4,0.49,4570
5350043.00,CT,Toronto,0.55392,3965,1863,1704,3965,7158.3,0.55,3960
5350044.00,CT,Toronto,0.49064,8825,5124,4629,8825,17988.2,0.49,8825
5350045.00,CT,Toronto,0.29514,3453,1567,1468,3453,11693.2,0.30,3455
5350046.00,CT,Toronto,0.42036,3281,1404,1330,3281,7808.2,0.42,3280
5350047.02,CT,Toronto,0.28694,3791,2083,1947,3791,13209.1,0.29,3790
5350047.03,CT,Toronto,0.11809,703,376,361,703,5952.6,0.12,700
5350047.04,CT,Toronto,0.27379,2846,1253,1180,2846,10394.4,0.27,2845
5350048.00,CT,Toronto,0.3349,3557,1660,1560,3557,10617.9,0.34,3555
5350049.00,CT,Toronto,0.46479,3663,1506,1426,3663,7879.1,0.46,3665
5350050.01,CT,Toronto,1.46504,8746,4553,4336,8746,6816.8,1.28,8750
5350050.03,CT,Toronto,1.92412,1109,606,590,1109,653.2,1.70,1110
5350050.04,CT,Toronto,0.77861,5008,2291,2212,5008,6589.5,0.76,5010
5350051.00,CT,Toronto,0.69119,5399,2570,2313,5399,7807.7,0.69,5400
5350052.00,CT,Toronto,0.50129,4077,1933,1839,4077,8134.5,0.50,4075
5350053.00,CT,Toronto,0.68317,5982,2840,2712,5982,8755.9,0.68,5985
5350054.00,CT,Toronto,0.70239,5803,2975,2724,5803,8261.7,0.70,5805
5350055.00,CT,Toronto,0.27636,2763,1403,1320,2763,10000.0,0.28,2760
5350056.00,CT,Toronto,0.50948,4772,2170,2018,4772,9367.9,0.51,4770
5350057.00,CT,Toronto,0.26644,2311,1226,1108,2311,8674.9,0.27,2310
5350058.00,CT,Toronto,0.38414,3980,2063,1888,3980,10351.1,0.38,3980
5350059.00,CT,Toronto,0.36663,3837,1621,1447,3837,10466.4,0.37,3835
5350060.00,CT,Toronto,0.27159,2685,1669,1471,2685,9885.9,0.27,2685
5350061.00,CT,Toronto,0.76722,1085,536,475,1085,1414.2,0.77,1085
5350062.01,CT,Toronto,0.10685,5595,3852,3302,5595,52387.6,0.11,5595
5350062.02,CT,Toronto,0.58534,9084,6837,5374,9084,15520.2,0.59,9085
5350063.03,CT,Toronto,0.09338,5104,3640,3405,5104,54646.7,0.09,5105
5350063.04,CT,Toronto,0.14093,3370,2409,2264,3370,23917.7,0.14,3370
5350063.05,CT,Toronto,0.12992,4331,3429,2943,4331,33315.4,0.13,4330
5350063.06,CT,Toronto,0.19221,5171,3761,3519,5171,26890.3,0.19,5170
5350064.00,CT,Toronto,0.19472,4311,2898,2683,4311,22130.4,0.19,4310
5350065.01,CT,Toronto,0.08613,2483,1496,1394,2483,28872.1,0.09,2480
5350065.02,CT,Toronto,0.14341,11821,5715,5481,11821,82433.8,0.14,11820
5350066.00,CT,Toronto,0.32848,7608,4597,4425,7608,23166.9,0.33,7610
5350067.00,CT,Toronto,0.66344,1694,868,814,1694,2600.6,0.65,1690
5350068.00,CT,Toronto,0.43058,2367,1296,1203,2367,5655.9,0.42,2370
5350069.00,CT,Toronto,0.87273,4923,2011,1894,4923,5734.4,0.86,4925
5350070.00,CT,Toronto,0.44642,3512,1774,1712,3512,7980.0,0.44,3515
5350071.00,CT,Toronto,0.46398,3481,1521,1402,3481,7498.9,0.46,3485
5350072.01,CT,Toronto,0.40518,4586,1949,1864,4586,11315.1,0.41,4590
5350072.02,CT,Toronto,0.5369,3141,1320,1261,3141,5850.3,0.54,3140
5350073.00,CT,Toronto,0.35718,2605,1077,1007,2605,7292.8,0.36,2605
5350074.00,CT,Toronto,0.3998,3848,1710,1598,3848,9624.8,0.40,3850
5350075.00,CT,Toronto,0.49858,4083,1839,1760,4083,8190.6,0.50,4085
5350076.00,CT,Toronto,0.45744,4415,1993,1937,4415,9646.1,0.46,4415
5350077.00,CT,Toronto,0.6104,4670,1968,1907,4670,7652.0,0.61,4670
5350078.00,CT,Toronto,0.77495,6016,2980,2854,6016,7760.6,0.78,6015
5350079.00,CT,Toronto,1.01839,7327,2986,2887,7327,7194.6,1.02,7330
5350080.01,CT,Toronto,0.47192,3352,1496,1428,3352,7104.7,0.47,3355
5350080.02,CT,Toronto,0.39054,4686,2073,2011,4686,11996.9,0.39,4685
5350081.00,CT,Toronto,0.36798,2848,1140,1076,2848,7741.2,0.37,2850
5350082.00,CT,Toronto,0.3084,2766,1060,1027,2766,8971.8,0.31,2765
5350083.00,CT,Toronto,0.44642,4052,1908,1822,4052,9077.1,0.45,4050
5350084.00,CT,Toronto,0.40903,3810,1613,1498,3810,9317.7,0.41,3810
5350085.00,CT,Toronto,0.49901,3994,2154,2078,3994,8112.9,0.49,3995
5350086.00,CT,Toronto,1.1385,2661,965,921,2661,2337.1,1.14,2660
5350087.00,CT,Toronto,1.60971,5155,2652,2491,5155,3218.5,1.60,5155
5350088.00,CT,Toronto,0.22973,3249,1997,1821,3249,14144.5,0.23,3255
5350089.00,CT,Toronto,0.32969,3896,2995,2345,3896,11816.8,0.33,3895
5350090.00,CT,Toronto,0.39427,4144,2584,2347,4144,10512.4,0.39,4145
5350091.01,CT,Toronto,0.51145,6031,3639,3224,6031,11788.5,0.51,6030
5350091.02,CT,Toronto,0.32714,3525,2288,2009,3525,10773.2,0.33,3525
5350092.00,CT,Toronto,0.62885,7278,4113,3718,7278,11576.3,0.63,7275
5350093.00,CT,Toronto,0.61785,5652,2490,2291,5652,9148.6,0.62,5655
5350094.00,CT,Toronto,0.63892,4950,2177,2048,4950,7742.8,0.64,4950
5350095.00,CT,Toronto,0.31549,3095,1392,1319,3095,9809.8,0.32,3095
5350096.01,CT,Toronto,0.20053,1658,694,658,1658,8265.2,0.20,1660
5350096.02,CT,Toronto,0.34918,3336,1494,1398,3336,9553.3,0.35,3335
5350097.01,CT,Toronto,0.3825,4322,1758,1621,4322,11305.3,0.38,4320
5350097.03,CT,Toronto,0.17179,1207,783,679,1207,7029.7,0.17,1205
5350097.04,CT,Toronto,0.32489,5462,2528,2392,5462,16816.5,0.32,5465
5350098.00,CT,Toronto,0.71535,7099,3123,3002,7099,9924.5,0.72,7100
5350099.00,CT,Toronto,0.5813,6585,3380,3241,6585,11326.1,0.58,6585
5350100.00,CT,Toronto,0.28925,2956,1492,1432,2956,10224.8,0.29,2955
5350101.00,CT,Toronto,0.43014,3128,1595,1464,3128,7272.7,0.43,3125
5350102.02,CT,Toronto,0.11566,4313,2688,2535,4313,37309.7,0.12,4315
5350102.03,CT,Toronto,0.13087,3682,2178,2095,3682,28128.3,0.13,3680
5350102.04,CT,Toronto,0.10129,671,309,285,671,6623.9,0.10,670
5350102.05,CT,Toronto,0.11899,861,359,340,861,7235.3,0.12,865
5350103.00,CT,Toronto,0.83794,6050,2627,2527,6050,7221.3,0.84,6050
5350104.00,CT,Toronto,0.73732,5525,2141,2054,5525,7491.5,0.74,5525
5350105.00,CT,Toronto,0.55453,4509,1917,1790,4509,8133.1,0.55,4510
5350106.00,CT,Toronto,1.37076,3773,1427,1343,3773,2752.4,1.37,3775
5350107.00,CT,Toronto,0.71899,5085,1880,1751,5085,7074.3,0.72,5085
5350108.00,CT,Toronto,0.73607,6013,2679,2475,6013,8168.7,0.74,6015
5350109.00,CT,Toronto,0.62602,5496,2299,2203,5496,8778.2,0.63,5500
5350110.00,CT,Toronto,0.54554,3577,1557,1434,3577,6556.1,0.55,3575
5350111.00,CT,Toronto,0.45581,2507,968,902,2507,5499.0,0.46,2510
5350112.00,CT,Toronto,0.50172,5295,2181,2035,5295,10556.2,0.50,5295
5350113.00,CT,Toronto,0.38225,2754,1197,1118,2754,7203.8,0.38,2755
5350114.00,CT,Toronto,0.62462,5349,2471,2369,5349,8561.1,0.62,5350
5350115.00,CT,Toronto,0.37543,4372,1670,1597,4372,11652.5,0.38,4370
5350116.00,CT,Toronto,0.67913,4628,2044,1921,4628,6827.0,0.68,4630
5350117.00,CT,Toronto,0.39107,2211,1165,1106,2211,5653.3,0.39,2215
5350118.00,CT,Toronto,0.69384,4127,2183,1990,4127,5948.4,0.69,4125
5350119.00,CT,Toronto,0.8519,4630,2485,2310,4630,5436.8,0.85,4630
5350120.00,CT,Toronto,0.25722,1381,697,654,1381,5367.3,0.26,1380
5350121.00,CT,Toronto,0.29736,2659,1629,1448,2659,8946.8,0.30,2660
5350122.00,CT,Toronto,0.53381,6220,3655,3443,6220,11654.5,0.53,6220
5350123.00,CT,Toronto,0.07501,2268,1494,1467,2268,30240.0,0.08,2265
5350124.00,CT,Toronto,0.55675,5416,3470,3278,5416,9725.3,0.56,5415
5350125.00,CT,Toronto,1.12047,4442,1618,1543,4442,3965.7,1.12,4445
5350126.00,CT,Toronto,1.44927,4248,1746,1693,4248,2931.3,1.45,4245
5350127.00,CT,Toronto,0.74046,5450,2325,2236,5450,7358.9,0.74,5450
5350128.02,CT,Toronto,0.51869,8705,5052,4766,8705,16779.1,0.52,8705
5350128.04,CT,Toronto,0.16199,4698,2994,2927,4698,29000.0,0.16,4695
5350128.05,CT,Toronto,0.18163,945,366,304,945,5203.7,0.18,945
5350128.06,CT,Toronto,0.08584,4199,2601,2523,4199,48882.4,0.09,4195
5350129.00,CT,Toronto,0.92741,5770,2787,2622,5770,6221.7,0.93,5770
5350130.00,CT,Toronto,1.27901,3543,1365,1279,3543,2769.5,1.28,3545
5350131.00,CT,Toronto,1.04439,5310,2505,2360,5310,5083.3,1.04,5310
5350132.00,CT,Toronto,0.92464,5467,2155,2038,5467,5912.8,0.92,5465
5350133.00,CT,Toronto,0.66745,7339,3629,3408,7339,10998.1,0.67,7340
5350134.00,CT,Toronto,0.41704,2959,1076,1033,2959,7092.5,0.42,2960
5350135.00,CT,Toronto,0.71622,6047,3316,3054,6047,8442.0,0.72,6045
5350136.01,CT,Toronto,0.19196,6128,4023,3779,6128,31916.7,0.19,6125
5350136.02,CT,Toronto,0.21013,4983,3459,3198,4983,23706.0,0.21,4980
5350137.00,CT,Toronto,0.91421,7077,3644,3509,7077,7740.3,0.91,7080
5350138.00,CT,Toronto,0.96546,3103,1250,1181,3103,3214.2,0.97,3105
5350139.01,CT,Toronto,0.7736,4167,1904,1824,4167,5385.8,0.77,4165
5350139.02,CT,Toronto,0.50952,2542,961,920,2542,4989.2,0.51,2540
5350140.00,CT,Toronto,0.57204,2408,826,791,2408,4209.8,0.57,2405
5350141.01,CT,Toronto,0.55041,4320,1685,1620,4320,7854.5,0.55,4320
5350141.02,CT,Toronto,0.68759,4477,1624,1561,4477,6512.0,0.69,4475
5350142.00,CT,Toronto,1.04392,5810,2313,2237,5810,5565.7,1.04,5810
5350150.00,CT,Toronto,1.10899,4201,1640,1586,4201,3939.4,1.07,4200
5350151.00,CT,Toronto,0.65559,3784,1577,1535,3784,5979.8,0.63,3785
5350152.00,CT,Toronto,0.85463,4545,1846,1764,4545,5317.7,0.85,4545
5350153.00,CT,Toronto,0.92761,4462,1783,1685,4462,4811.3,0.93,4465
5350154.00,CT,Toronto,2.15888,6157,2899,2818,6157,2936.0,2.10,6155
5350155.00,CT,Toronto,0.81296,3128,1316,1206,3128,3848.4,0.81,3130
5350156.01,CT,Toronto,0.60545,5688,2365,2273,5688,9395.4,0.61,5690
5350156.02,CT,Toronto,0.59201,2811,1124,1073,2811,4747.5,0.59,2810
5350157.00,CT,Toronto,0.48528,2635,1107,1016,2635,5689.9,0.46,2635
5350158.00,CT,Toronto,0.63989,2848,1346,1250,2848,4451.4,0.64,2845
5350159.01,CT,Toronto,0.49247,3487,1386,1223,3487,7081.6,0.49,3490
5350159.02,CT,Toronto,0.57532,4723,1843,1709,4723,8209.6,0.58,4725
5350160.00,CT,Toronto,0.73445,3116,1246,1143,3116,4241.2,0.73,3115
5350161.00,CT,Toronto,0.81126,6839,2689,2537,6839,8432.8,0.81,6835
5350162.00,CT,Toronto,0.57575,5119,2059,1952,5119,8890.2,0.58,5120
5350163.00,CT,Toronto,0.45422,4358,1882,1762,4358,9590.7,0.45,4360
5350164.00,CT,Toronto,0.62823,6258,2629,2515,6258,9966.6,0.63,6255
5350165.00,CT,Toronto,0.48493,4370,2031,1943,4370,9012.2,0.48,4370
5350166.00,CT,Toronto,0.78603,4180,1691,1625,4180,5317.4,0.79,4180
5350167.01,CT,Toronto,0.13411,1879,1483,1312,1879,14001.5,0.13,1880
5350167.02,CT,Toronto,0.60145,5815,3143,2998,5815,9667.5,0.60,5815
5350168.00,CT,Toronto,0.56552,5475,2665,2458,5475,9678.3,0.57,5475
5350169.01,CT,Toronto,0.3781,3472,1457,1334,3472,9182.8,0.38,3475
5350169.02,CT,Toronto,0.43778,7464,3318,3202,7464,17041.1,0.44,7465
5350170.00,CT,Toronto,1.01423,3321,1305,1201,3321,3274.8,1.01,3320
5350171.00,CT,Toronto,0.6081,4055,1613,1522,4055,6668.3,0.61,4055
5350172.00,CT,Toronto,1.21015,2522,1183,1128,2522,2083.8,1.21,2520
5350173.00,CT,Toronto,0.60145,3694,1528,1438,3694,6141.3,0.60,3695
5350174.00,CT,Toronto,1.06328,7264,2751,2723,7264,6928.0,1.05,7260
5350175.01,CT,Toronto,0.80126,6036,2551,2406,6036,7676.5,0.79,6040
5350175.02,CT,Toronto,0.74248,7679,3813,3585,7679,10824.6,0.71,7680
5350176.00,CT,Toronto,1.00471,4277,1697,1609,4277,4257.4,1.00,4270
5350180.00,CT,Toronto,0.6138,6556,2875,2765,6556,10679.3,0.61,6560
5350181.01,CT,Toronto,0.57055,4313,1940,1858,4313,7560.0,0.57,4310
5350181.02,CT,Toronto,0.60182,3552,1664,1591,3552,5901.3,0.60,3550
5350182.00,CT,Toronto,0.7605,5531,2297,2186,5531,7272.8,0.76,5535
5350183.01,CT,Toronto,0.52409,2603,1048,1007,2603,4966.6,0.52,2605
5350183.02,CT,Toronto,0.42813,3938,1584,1522,3938,9196.6,0.43,3940
5350184.01,CT,Toronto,0.47406,5108,2346,2307,5108,10767.3,0.47,5105
5350184.02,CT,Toronto,0.56201,3768,1694,1642,3768,6757.5,0.56,3765
5350185.01,CT,Toronto,0.49919,6810,3507,3394,6810,13647.3,0.50,6810
5350185.02,CT,Toronto,1.22887,4689,2305,2269,4689,3921.6,1.20,4685
5350186.00,CT,Toronto,1.91076,2416,949,913,2416,1297.7,1.86,2420
5350187.00,CT,Toronto,1.21045,3448,1424,1351,3448,2878.1,1.20,3445
5350188.00,CT,Toronto,0.55199,2017,842,797,2017,3655.3,0.55,2020
5350189.00,CT,Toronto,1.23951,5462,2226,2180,5462,4406.3,1.24,5460
5350190.01,CT,Toronto,0.40227,9127,3577,3507,9127,22681.4,0.40,9125
5350190.02,CT,Toronto,0.5813,4765,2102,2026,4765,8197.1,0.58,4765
5350191.00,CT,Toronto,0.82303,4229,1853,1779,4229,5137.3,0.82,4230
5350192.00,CT,Toronto,0.92037,905,462,440,905,986.8,0.92,900
5350193.00,CT,Toronto,1.41592,3314,1070,1043,3314,2396.2,1.38,3315
5350194.01,CT,Toronto,0.2315,5498,1482,1463,5498,24922.9,0.22,5495
5350194.02,CT,Toronto,0.34635,6240,1934,1923,6240,18013.9,0.35,6240
5350194.03,CT,Toronto,0.25016,2933,1238,1229,2933,11722.6,0.25,2935
5350194.04,CT,Toronto,2.29209,6437,2571,2508,6437,2813.5,2.29,6435
5350195.01,CT,Toronto,0.9462,4483,1656,1604,4483,4737.4,0.95,4480
5350195.02,CT,Toronto,0.37813,2317,920,894,2317,6124.8,0.38,2315
5350196.01,CT,Toronto,0.3774,1977,811,775,1977,5237.1,0.38,1980
5350196.02,CT,Toronto,1.10548,5635,2376,2250,5635,5097.7,1.11,5635
5350200.01,CT,Toronto,0.6408,5614,3143,3055,5614,10524.9,0.53,5615
5350200.02,CT,Toronto,0.14209,981,680,649,981,6903.6,0.14,980
5350201.00,CT,Toronto,0.75952,5371,2989,2776,5371,7138.5,0.75,5370
5350202.00,CT,Toronto,0.33589,1647,653,631,1647,4903.2,0.34,1645
5350203.00,CT,Toronto,0.58927,3160,1507,1431,3160,5364.1,0.59,3160
5350204.00,CT,Toronto,0.74088,4537,2310,2210,4537,6122.8,0.74,4535
5350205.00,CT,Toronto,0.73372,149,0,0,149,204.8,0.73,x
5350206.01,CT,Toronto,1.13878,4217,2151,2041,4217,3783.8,1.11,4220
5350206.02,CT,Toronto,1.08513,5867,2994,2774,5867,5406.9,1.09,5865
5350207.00,CT,Toronto,0.67366,2605,1285,1181,2605,3867.3,0.67,2605
5350208.00,CT,Toronto,1.29403,4172,2062,1981,4172,3223.9,1.29,4175
5350209.00,CT,Toronto,0.69308,2718,1338,1252,2718,3922.1,0.69,2715
5350210.01,CT,Toronto,2.96012,3083,1008,971,3083,1041.6,2.96,3080
5350210.02,CT,Toronto,0.94935,11390,9168,7016,11390,12511.0,0.91,11390
5350211.00,CT,Toronto,3.27116,6350,2512,2447,6350,1941.2,3.27,6345
5350212.00,CT,Toronto,1.70654,5704,2220,2169,5704,3397.9,1.68,5700
5350213.01,CT,Toronto,0.94226,2666,1021,990,2666,2829.5,0.94,2665
5350213.02,CT,Toronto,7.04474,6045,3246,3134,6045,864.7,6.99,6050
5350214.00,CT,Toronto,2.82378,5069,2466,2389,5069,1794.9,2.82,5070
5350215.00,CT,Toronto,2.60049,6748,2991,2789,6748,2600.0,2.60,6750
5350216.00,CT,Toronto,1.9993,5532,2238,2163,5532,2793.5,1.98,5535
5350217.00,CT,Toronto,1.33055,5692,2917,2756,5692,4704.5,1.21,5695
5350218.00,CT,Toronto,0.683,2652,1060,1025,2652,3882.3,0.68,2655
5350219.00,CT,Toronto,1.36063,4427,1690,1644,4427,3254.0,1.36,4430
5350220.00,CT,Toronto,1.32212,4177,1597,1584,4177,3219.5,1.30,4180
5350221.01,CT,Toronto,1.64542,6377,2751,2725,6377,3925.8,1.62,6380
5350221.02,CT,Toronto,0.80501,5202,2167,2064,5202,6461.3,0.81,5205
5350222.01,CT,Toronto,1.28483,6699,2626,2557,6699,5213.2,1.29,6695
5350222.02,CT,Toronto,1.2002,5141,1830,1782,5141,4283.1,1.20,5140
5350223.01,CT,Toronto,0.87242,1522,536,530,1522,1744.6,0.87,1520
5350223.02,CT,Toronto,0.87247,2136,793,771,2136,2449.0,0.87,2135
5350224.00,CT,Toronto,1.04417,1696,578,573,1696,1624.1,1.04,1695
5350225.01,CT,Toronto,0.93466,4981,2387,2316,4981,5330.1,0.93,4980
5350225.02,CT,Toronto,0.3048,9706,5006,4859,9706,31843.8,0.30,9710
5350226.00,CT,Toronto,0.95333,3167,1262,1212,3167,3321.8,0.95,3165
5350227.00,CT,Toronto,0.49184,1750,637,626,1750,3558.4,0.49,1750
5350228.00,CT,Toronto,0.883,3131,1418,1362,3131,3829.5,0.82,3135
5350229.00,CT,Toronto,0.32031,1223,393,384,1223,3819.5,0.32,1225
5350230.01,CT,Toronto,1.50655,2537,1109,1082,2537,1752.3,1.45,2535
5350230.02,CT,Toronto,0.98584,6537,2775,2606,6537,6631.2,0.99,6540
5350231.00,CT,Toronto,3.02848,6461,2722,2566,6461,2133.5,3.03,6460
5350232.00,CT,Toronto,2.04605,3825,1348,1306,3825,1869.5,2.05,3825
5350233.00,CT,Toronto,2.0806,5530,2032,1982,5530,2658.3,2.08,5530
5350234.00,CT,Toronto,2.11718,4524,1645,1600,4524,2136.7,2.12,4520
5350235.01,CT,Toronto,1.40707,2841,1009,997,2841,2019.3,1.41,2840
5350235.02,CT,Toronto,1.07805,5277,2039,2010,5277,4894.7,1.08,5280
5350236.01,CT,Toronto,0.98685,6646,2560,2519,6646,6734.9,0.99,6645
5350236.02,CT,Toronto,4.07421,5946,2284,2256,5946,1504.1,3.95,5945
5350237.01,CT,Toronto,1.18532,6816,2468,2410,6816,5750.4,1.19,6815
5350237.02,CT,Toronto,0.95503,2986,1077,1061,2986,3126.0,0.96,2985
5350237.03,CT,Toronto,1.06898,5638,2626,2544,5638,5274.1,1.07,5640
5350238.01,CT,Toronto,1.03807,3350,1259,1231,3350,3227.0,1.04,3350
5350238.02,CT,Toronto,0.98177,5244,2070,1953,5244,5342.3,0.98,5245
5350239.00,CT,Toronto,2.55782,6481,2511,2383,6481,2561.6,2.53,6480
5350240.01,CT,Toronto,1.27269,3366,1291,1263,3366,2644.8,1.27,3365
5350240.02,CT,Toronto,1.04495,6043,2621,2558,6043,5782.8,1.05,6040
5350241.00,CT,Toronto,1.0982,3231,1030,1003,3231,2967.2,1.09,3230
5350242.00,CT,Toronto,0.67084,1674,610,575,1674,2759.2,0.61,1675
5350243.01,CT,Toronto,0.31518,6658,2236,2142,6658,21129.8,0.32,6660
5350243.02,CT,Toronto,1.2154,3617,1342,1304,3617,2975.7,1.22,3615
5350244.01,CT,Toronto,1.45046,5677,2009,1945,5677,3957.2,1.43,5680
5350244.02,CT,Toronto,1.46584,3779,1335,1274,3779,2640.3,1.43,3780
5350245.00,CT,Toronto,1.42111,6934,2672,2567,6934,4879.7,1.42,6935
5350246.00,CT,Toronto,1.0727,3595,1317,1279,3595,3351.0,1.07,3595
5350247.01,CT,Toronto,17.35024,8727,2931,2748,8727,504.8,17.29,8725
5350247.02,CT,Toronto,3.22582,7167,2537,2385,7167,2221.5,3.23,7170
5350248.02,CT,Toronto,1.23696,5671,1864,1784,5671,4688.3,1.21,5670
5350248.03,CT,Toronto,3.79608,2619,789,754,2619,701.7,3.73,2620
5350248.04,CT,Toronto,1.51177,4771,1671,1496,4771,3220.0,1.48,4770
5350248.05,CT,Toronto,1.15519,4332,1413,1310,4332,3859.9,1.12,4330
5350249.01,CT,Toronto,0.82975,4650,1428,1341,4650,5603.8,0.83,4645
5350249.03,CT,Toronto,2.96801,5696,1704,1592,5696,1922.3,2.96,5695
5350249.04,CT,Toronto,0.68632,3344,999,952,3344,4872.5,0.69,3345
5350249.05,CT,Toronto,0.64364,5476,1584,1534,5476,8507.1,0.64,5475
5350250.01,CT,Toronto,1.40913,5432,1618,1545,5432,3940.2,1.38,5430
5350250.02,CT,Toronto,1.99197,4928,1854,1735,4928,2559.7,1.93,4925
5350250.04,CT,Toronto,0.50556,6206,2057,1994,6206,12840.9,0.48,6205
5350250.05,CT,Toronto,0.70576,7607,2288,2270,7607,11273.0,0.67,7605
5350260.01,CT,Toronto,0.7288,6748,2431,2398,6748,9423.3,0.72,6745
5350260.04,CT,Toronto,0.1881,4147,1498,1480,4147,22046.8,0.19,4150
5350260.05,CT,Toronto,0.2543,4020,1369,1332,4020,15808.1,0.25,4020
5350260.06,CT,Toronto,0.95204,3348,1132,1116,3348,3603.9,0.93,3350
5350260.07,CT,Toronto,0.35737,3670,1534,1504,3670,10693.5,0.34,3670
5350261.00,CT,Toronto,1.92395,5501,2284,2194,5501,2881.0,1.91,5500
5350262.01,CT,Toronto,0.67091,5736,2752,2728,5736,8549.7,0.67,5735
5350262.02,CT,Toronto,2.16555,6273,2526,2490,6273,2931.9,2.14,6275
5350263.02,CT,Toronto,2.00598,3471,1680,1629,3471,1730.1,2.01,3470
5350263.03,CT,Toronto,1.56059,4906,2106,2060,4906,3143.3,1.56,4905
5350263.04,CT,Toronto,0.69962,6531,3616,3536,6531,9694.2,0.67,6535
5350264.00,CT,Toronto,3.46534,1301,482,435,1301,375.4,3.47,1300
5350265.00,CT,Toronto,2.6864,4756,1855,1742,4756,1773.2,2.68,4755
5350266.00,CT,Toronto,2.76338,3209,1141,1064,3209,1163.8,2.76,3205
5350267.00,CT,Toronto,2.71113,6368,2133,2062,6368,2350.9,2.71,6365
5350268.00,CT,Toronto,3.0571,6419,2938,2837,6419,2120.7,3.03,6415
5350269.01,CT,Toronto,0.75312,5056,2354,2081,5056,6811.3,0.74,5055
5350269.02,CT,Toronto,1.76908,2569,951,923,2569,1477.8,1.74,2570
5350270.01,CT,Toronto,1.12407,4980,2117,1953,4980,4431.0,1.12,4980
5350270.02,CT,Toronto,0.75775,4264,1636,1611,4264,5639.5,0.76,4265
5350271.01,CT,Toronto,0.8935,2429,899,893,2429,2718.5,0.89,2430
5350271.02,CT,Toronto,0.7092,4815,1765,1749,4815,6791.3,0.71,4815
5350272.01,CT,Toronto,0.4552,5987,2408,2342,5987,13152.5,0.46,5990
5350272.02,CT,Toronto,0.99884,4705,1791,1763,4705,4711.1,1.00,4705
5350273.01,CT,Toronto,3.20658,4014,1311,1231,4014,1258.9,3.19,4015
5350273.02,CT,Toronto,1.28882,4160,1530,1477,4160,3228.1,1.29,4160
5350274.01,CT,Toronto,1.52481,4900,1788,1756,4900,3213.3,1.52,4900
5350274.02,CT,Toronto,1.33137,4738,2056,1964,4738,3558.7,1.33,4740
5350275.00,CT,Toronto,1.97559,5836,2451,2347,5836,2953.6,1.98,5835
5350276.01,CT,Toronto,1.22609,6446,2764,2642,6446,5257.3,1.23,6450
5350276.02,CT,Toronto,1.28263,6870,2514,2398,6870,5354.6,1.28,6870
5350277.00,CT,Toronto,1.02778,4084,1323,1220,4084,3973.1,1.03,4085
5350278.00,CT,Toronto,1.3337,7734,2944,2679,7734,5798.0,1.33,7735
5350279.01,CT,Toronto,1.21444,4028,1665,1523,4028,3317.1,1.21,4030
5350279.02,CT,Toronto,1.57835,6503,2195,2117,6503,4120.5,1.58,6505
5350280.00,CT,Toronto,2.14172,7333,2993,2920,7333,3424.1,2.14,7330
5350281.01,CT,Toronto,0.96206,6484,2324,2256,6484,6740.8,0.96,6480
5350281.02,CT,Toronto,0.41638,3940,1350,1306,3940,9462.1,0.42,3940
5350282.00,CT,Toronto,2.22534,4480,1663,1607,4480,2021.4,2.22,4480
5350283.01,CT,Toronto,0.9285,5399,1965,1938,5399,5814.8,0.93,5400
5350283.02,CT,Toronto,1.16712,4542,1761,1712,4542,3892.0,1.17,4540
5350284.00,CT,Toronto,1.41266,6840,2427,2349,6840,4841.8,1.41,6840
5350285.00,CT,Toronto,1.1118,3271,1269,1207,3271,2942.6,1.11,3270
5350286.00,CT,Toronto,3.24625,4273,1987,1704,4273,1316.1,3.25,4270
5350287.02,CT,Toronto,1.05804,6732,2401,2246,6732,6364.8,1.06,6730
5350287.03,CT,Toronto,0.48415,3432,1444,1305,3432,7088.0,0.48,3430
5350287.04,CT,Toronto,0.59394,4474,2069,2017,4474,7530.7,0.59,4470
5350288.00,CT,Toronto,2.63071,9970,4165,4002,9970,3790.9,2.63,9970
5350289.00,CT,Toronto,1.3028,4713,1779,1725,4713,3618.7,1.30,4715
5350290.01,CT,Toronto,0.94404,3620,1515,1475,3620,3834.3,0.94,3620
5350290.02,CT,Toronto,0.34585,1534,782,717,1534,4434.8,0.35,1535
5350291.02,CT,Toronto,1.14643,4947,2010,1927,4947,4315.6,1.15,4950
5350291.03,CT,Toronto,0.41741,2302,945,903,2302,5516.4,0.42,2300
5350291.04,CT,Toronto,0.51571,1585,680,654,1585,3073.5,0.52,1585
5350292.00,CT,Toronto,3.74218,6721,2893,2247,6721,1796.3,3.74,6720
5350293.00,CT,Toronto,2.0619,6242,2197,2103,6242,3132.4,1.99,6245
5350294.01,CT,Toronto,0.85923,4386,1586,1547,4386,5104.2,0.86,4390
5350294.02,CT,Toronto,1.02545,4504,1453,1384,4504,4392.0,1.03,4505
5350295.00,CT,Toronto,1.0824,5180,2035,1907,5180,4785.7,1.08,5180
5350296.00,CT,Toronto,4.6433,64,19,19,64,13.8,4.64,65
5350297.01,CT,Toronto,1.13952,7313,3119,3027,7313,6417.7,1.14,7310
5350297.02,CT,Toronto,1.50956,6502,2716,2552,6502,4306.5,1.51,6500
5350298.00,CT,Toronto,2.27223,4661,1605,1566,4661,2051.1,2.27,4660
5350299.01,CT,Toronto,2.89291,6256,2319,2207,6256,2162.5,2.89,6260
5350299.02,CT,Toronto,0.1593,5247,3019,2815,5247,32937.9,0.16,5245
5350300.00,CT,Toronto,1.03364,13667,7532,6956,13667,13220.2,1.03,13665
5350301.01,CT,Toronto,0.90166,2915,1087,1071,2915,3253.3,0.90,2915
5350301.03,CT,Toronto,0.2736,6949,2944,2789,6949,25398.4,0.27,6950
5350301.04,CT,Toronto,1.42622,5859,2615,2502,5859,4107.8,1.43,5860
5350302.01,CT,Toronto,1.22921,6253,2406,2358,6253,5088.3,1.23,6250
5350302.02,CT,Toronto,1.08389,6140,2092,2037,6140,5663.7,1.08,6140
5350302.03,CT,Toronto,0.69385,3425,1205,1124,3425,4935.9,0.69,3425
5350303.00,CT,Toronto,1.06327,5355,1893,1819,5355,5035.7,1.06,5355
5350304.01,CT,Toronto,0.24931,4541,1633,1610,4541,18215.0,0.25,4545
5350304.02,CT,Toronto,1.21224,4777,1885,1832,4777,3941.1,1.21,4775
5350304.03,CT,Toronto,0.99547,2898,994,968,2898,2998.1,0.97,2895
5350304.04,CT,Toronto,0.23444,3724,1415,1404,3724,15887.4,0.23,3725
5350304.05,CT,Toronto,0.703,2847,1112,1096,2847,4050.4,0.70,2845
5350304.06,CT,Toronto,0.74893,5807,2258,2207,5807,7754.0,0.75,5805
5350305.01,CT,Toronto,2.44425,4451,1626,1564,4451,1842.0,2.42,4450
5350305.03,CT,Toronto,0.71145,4914,2338,2178,4914,6907.5,0.71,4910
5350305.04,CT,Toronto,1.00966,9133,5153,4822,9133,9093.0,1.00,9135
5350306.01,CT,Toronto,1.17222,4574,1586,1478,4574,3902.4,1.17,4575
5350306.02,CT,Toronto,1.11852,4793,1831,1714,4793,4283.3,1.12,4795
5350307.03,CT,Toronto,0.11011,5039,2359,2238,5039,45726.0,0.11,5040
5350307.04,CT,Toronto,0.15295,7035,3530,3360,7035,45980.4,0.15,7035
5350307.05,CT,Toronto,0.10463,3581,2038,1926,3581,34235.2,0.10,3580
5350307.06,CT,Toronto,0.10419,5424,2374,2266,5424,52053.7,0.10,5425
5350307.07,CT,Toronto,1.22458,6321,2651,2366,6321,5160.8,1.22,6320
5350308.02,CT,Toronto,1.42465,4310,1688,1588,4310,3025.0,1.42,4310
5350308.03,CT,Toronto,0.39669,1147,425,385,1147,2891.4,0.40,1145
5350308.04,CT,Toronto,1.08521,11479,5941,5576,11479,10577.8,1.09,11475
5350309.00,CT,Toronto,0.74182,6383,2354,2308,6383,8605.9,0.74,6380
5350310.01,CT,Toronto,1.42763,3512,1271,1204,3512,2470.3,1.42,3515
5350310.02,CT,Toronto,2.23548,5048,2028,1858,5048,2357.4,2.14,5045
5350311.02,CT,Toronto,0.89054,5823,2308,2141,5823,6536.8,0.89,5825
5350311.03,CT,Toronto,0.79713,2651,923,863,2651,3326.2,0.80,2650
5350311.04,CT,Toronto,0.95755,6552,2436,2247,6552,6845.7,0.96,6555
5350311.05,CT,Toronto,0.34549,6823,2681,2593,6823,19748.2,0.35,6825
5350311.06,CT,Toronto,10.24442,5744,2703,2326,5744,561.4,10.23,5745
5350312.02,CT,Toronto,0.524,3448,1185,1077,3448,6580.2,0.52,3445
5350312.03,CT,Toronto,1.48726,6420,2219,2164,6420,4316.5,1.49,6420
5350312.04,CT,Toronto,0.72554,5763,1820,1718,5763,7942.4,0.73,5765
5350312.05,CT,Toronto,0.34587,3836,1348,1295,3836,11089.9,0.35,3835
5350312.06,CT,Toronto,0.45844,3444,1086,1058,3444,7513.1,0.46,3445
5350312.07,CT,Toronto,0.6247,3076,1312,1221,3076,4929.5,0.62,3075
5350313.00,CT,Toronto,2.89834,5554,1945,1808,5554,1938.6,2.86,5555
5350314.01,CT,Toronto,0.4281,5036,1741,1676,5036,11766.4,0.43,5040
5350314.02,CT,Toronto,1.12467,4955,1704,1568,4955,4610.6,1.07,4955
5350315.01,CT,Toronto,1.51758,3368,1223,1122,3368,2285.1,1.47,3365
5350315.02,CT,Toronto,0.42796,3543,1170,1076,3543,8283.8,0.43,3545
5350315.03,CT,Toronto,6.01015,5505,1895,1699,5505,915.9,6.01,5505
5350316.01,CT,Toronto,1.7746,3910,1301,1224,3910,2203.2,1.77,3910
5350316.03,CT,Toronto,0.40066,5888,2039,1948,5888,14694.3,0.40,5890
5350316.04,CT,Toronto,0.46506,4275,1760,1679,4275,9193.5,0.47,4275
5350316.05,CT,Toronto,0.40614,3992,1373,1309,3992,9827.7,0.41,3990
5350316.06,CT,Toronto,0.40499,3672,1198,1164,3672,9064.4,0.41,3670
5350317.02,CT,Toronto,0.43231,7347,3408,3336,7347,16999.1,0.43,7350
5350317.03,CT,Toronto,1.19309,3688,1264,1245,3688,3090.8,1.19,3690
5350317.04,CT,Toronto,0.72206,6627,2594,2534,6627,9179.9,0.72,6625
5350317.05,CT,Toronto,0.54133,2229,834,811,2229,4499.4,0.50,2230
5350318.00,CT,Toronto,1.90637,8574,3568,3330,8574,4497.7,1.91,8575
5350319.00,CT,Toronto,1.20157,4191,1616,1527,4191,3487.8,1.20,4190
5350320.01,CT,Toronto,0.73678,5197,2103,2036,5197,7054.4,0.74,5195
5350320.02,CT,Toronto,0.85276,5869,2129,2067,5869,6883.7,0.85,5870
5350321.01,CT,Toronto,1.25768,3830,1340,1258,3830,3046.0,1.26,3830
5350321.02,CT,Toronto,1.2172,4030,1497,1429,4030,3310.6,1.22,4030
5350322.01,CT,Toronto,0.20805,4737,2371,2242,4737,22774.0,0.21,4735
5350322.02,CT,Toronto,1.40695,3500,1262,1185,3500,2487.4,1.41,3500
5350323.01,CT,Toronto,1.04061,4289,1746,1706,4289,4148.4,1.03,4290
5350323.02,CT,Toronto,1.85999,5367,1935,1849,5367,2895.3,1.85,5365
5350324.01,CT,Toronto,1.1954,3498,1214,1143,3498,2958.9,1.18,3500
5350324.02,CT,Toronto,1.89369,6123,2256,2133,6123,3233.9,1.89,6125
5350324.03,CT,Toronto,2.16991,3862,1762,1701,3862,1781.9,2.17,3860
5350324.05,CT,Toronto,0.65612,3388,1405,1382,3388,5163.1,0.66,3390
5350324.06,CT,Toronto,0.65762,3561,1219,1182,3561,5433.3,0.66,3560
5350330.00,CT,Toronto,2.19348,4288,1757,1730,4288,1954.7,2.19,4285
5350331.01,CT,Toronto,1.52013,5629,2287,2261,5629,3703.0,1.52,5625
5350331.03,CT,Toronto,0.51039,6162,1931,1877,6162,12072.9,0.51,6160
5350331.04,CT,Toronto,1.06015,3212,1288,1261,3212,3029.9,1.06,3210
5350332.00,CT,Toronto,1.52621,7350,2914,2785,7350,4815.6,1.53,7350
5350333.00,CT,Toronto,2.39935,4695,1710,1644,4695,1956.9,2.40,4695
5350334.00,CT,Toronto,2.38519,3500,1358,1274,3500,1470.2,2.38,3500
5350335.00,CT,Toronto,2.23151,7740,3026,2984,7740,3468.1,2.23,7740
5350336.00,CT,Toronto,1.63381,6772,2553,2393,6772,4144.2,1.63,6770
5350337.01,CT,Toronto,0.20168,721,357,316,721,3574.6,0.20,720
5350337.02,CT,Toronto,0.61933,2155,888,862,2155,3480.3,0.62,2155
5350338.00,CT,Toronto,1.65013,5956,2729,2627,5956,3609.5,1.65,5955
5350339.00,CT,Toronto,1.83851,6687,3110,3000,6687,3664.7,1.82,6685
5350340.00,CT,Toronto,1.27488,6771,2557,2457,6771,5310.6,1.28,6770
5350341.02,CT,Toronto,0.77866,4379,1860,1777,4379,5624.9,0.78,4380
5350341.03,CT,Toronto,0.40538,3436,1465,1334,3436,8475.6,0.41,3435
5350341.04,CT,Toronto,0.67099,6030,2261,2171,6030,8986.6,0.67,6030
5350342.00,CT,Toronto,1.23297,7561,2414,2376,7561,6133.2,1.23,7565
5350343.00,CT,Toronto,1.09816,4218,1620,1517,4218,3841.5,1.10,4220
5350344.01,CT,Toronto,1.06274,5186,1990,1880,5186,4879.1,1.06,5185
5350344.02,CT,Toronto,0.22083,3365,1850,1829,3365,15240.0,0.22,3365
5350345.00,CT,Toronto,0.78754,3938,1328,1258,3938,5000.6,0.79,3940
5350346.01,CT,Toronto,1.51998,4634,1717,1609,4634,3048.9,1.52,4630
5350346.02,CT,Toronto,0.40049,5388,2066,2029,5388,13449.8,0.40,5385
5350347.00,CT,Toronto,1.50409,2833,931,924,2833,1883.4,1.50,2835
5350348.00,CT,Toronto,2.31904,5601,2007,1972,5601,2417.9,2.32,5605
5350349.00,CT,Toronto,0.87617,5720,2335,2309,5720,6528.9,0.88,5720
5350350.00,CT,Toronto,3.36166,5419,2063,1986,5419,1612.0,3.36,5420
5350351.01,CT,Toronto,0.97486,5497,2130,2051,5497,5639.1,0.97,5500
5350351.02,CT,Toronto,0.56565,2756,1116,1088,2756,4871.8,0.57,2755
5350352.00,CT,Toronto,1.12712,5309,1945,1892,5309,4709.5,1.13,5310
5350353.02,CT,Toronto,1.21341,5305,1697,1649,5305,4372.4,1.21,5305
5350353.03,CT,Toronto,0.40919,3107,1100,1075,3107,7596.6,0.41,3105
5350353.04,CT,Toronto,0.62956,4509,1650,1590,4509,7162.8,0.63,4510
5350354.00,CT,Toronto,1.33283,5403,1826,1695,5403,4053.3,1.33,5400
5350355.02,CT,Toronto,1.105,5214,1980,1919,5214,4718.1,1.11,5215
5350355.04,CT,Toronto,0.577,5270,1810,1776,5270,9131.9,0.58,5270
5350355.05,CT,Toronto,0.31432,3033,1056,993,3033,9650.0,0.31,3035
5350355.06,CT,Toronto,0.1923,1643,603,559,1643,8543.9,0.19,1640
5350356.00,CT,Toronto,1.55598,4833,1633,1555,4833,3109.4,1.55,4830
5350357.01,CT,Toronto,1.05106,7123,2490,2404,7123,6776.7,1.05,7120
5350357.02,CT,Toronto,1.10589,4940,1774,1693,4940,4467.0,1.11,4940
5350358.01,CT,Toronto,1.11013,3397,1180,1129,3397,3060.4,1.11,3395
5350358.02,CT,Toronto,0.61791,4732,2021,1955,4732,7657.0,0.62,4735
5350358.03,CT,Toronto,1.09741,5598,2304,2217,5598,5101.1,1.10,5595
5350359.00,CT,Toronto,2.23634,7558,2773,2687,7558,3380.0,2.24,7555
5350360.00,CT,Toronto,4.55616,6107,2040,1998,6107,1352.0,4.52,6105
5350361.01,CT,Toronto,2.95729,5804,1963,1928,5804,1981.7,2.93,5810
5350361.02,CT,Toronto,2.46272,7558,2476,2451,7558,3075.6,2.46,7555
5350362.01,CT,Toronto,2.52879,6300,2153,2083,6300,2540.7,2.48,6300
5350362.02,CT,Toronto,1.94349,5628,1731,1626,5628,2895.8,1.94,5625
5350362.03,CT,Toronto,3.30258,6866,2176,2074,6866,2107.9,3.26,6870
5350362.04,CT,Toronto,1.35308,5019,1796,1756,5019,3709.5,1.35,5020
5350363.02,CT,Toronto,1.19757,3253,1115,1106,3253,2716.5,1.20,3255
5350363.04,CT,Toronto,1.12713,3668,1119,1106,3668,3254.1,1.13,3670
5350363.05,CT,Toronto,0.50329,4538,1776,1694,4538,9018.3,0.50,4540
5350363.06,CT,Toronto,0.82891,7307,3439,3326,7307,8815.3,0.83,7305
5350363.07,CT,Toronto,2.27654,5338,1971,1925,5338,2344.6,2.28,5335
5350364.01,CT,Toronto,2.90673,5996,2034,1973,5996,2062.7,2.91,5995
5350364.02,CT,Toronto,0.74379,3053,1004,957,3053,4104.6,0.74,3050
5350365.00,CT,Toronto,1.5674,6497,2028,1946,6497,4145.3,1.57,6495
5350366.00,CT,Toronto,1.44064,6136,2143,2069,6136,4260.2,1.44,6135
5350367.01,CT,Toronto,0.71324,4710,1398,1375,4710,6605.9,0.71,4710
5350367.02,CT,Toronto,1.03068,3548,1218,1186,3548,3442.7,1.03,3545
5350368.01,CT,Toronto,0.88847,6843,3786,3582,6843,7702.6,0.89,6845
5350368.02,CT,Toronto,1.57328,4315,1464,1399,4315,2742.5,1.57,4315
5350369.00,CT,Toronto,2.4665,8094,2520,2441,8094,3281.6,2.47,8100
5350370.01,CT,Toronto,1.76665,9977,3792,3725,9977,5648.2,1.77,9975
5350370.02,CT,Toronto,2.27382,5580,1849,1803,5580,2454.0,2.27,5580
5350370.03,CT,Toronto,0.85723,4137,1409,1357,4137,4826.2,0.86,4135
5350371.00,CT,Toronto,3.71523,7626,2691,2570,7626,2052.7,3.72,7625
5350372.00,CT,Toronto,1.33184,4346,1504,1440,4346,3263.0,1.33,4350
5350373.00,CT,Toronto,0.96069,4806,1869,1801,4806,5002.1,0.96,4805
5350374.01,CT,Toronto,1.18795,4848,1717,1656,4848,4081.8,1.19,4850
5350374.02,CT,Toronto,0.80225,3215,1084,1053,3215,4007.7,0.80,3215
5350374.03,CT,Toronto,0.80821,4184,1718,1655,4184,5176.9,0.81,4185
5350375.01,CT,Toronto,0.95309,6324,2817,2733,6324,6633.1,0.95,6320
5350375.02,CT,Toronto,0.61463,1959,702,694,1959,3214.1,0.61,1960
5350375.03,CT,Toronto,0.81361,5318,1917,1866,5318,6537.2,0.81,5315
5350375.04,CT,Toronto,0.92428,5300,1667,1633,5300,5733.4,0.92,5300
5350375.05,CT,Toronto,1.13069,7208,2484,2449,7208,6374.8,1.13,7210
5350376.01,CT,Toronto,1.04665,5094,1697,1584,5094,4866.3,1.05,5095
5350376.02,CT,Toronto,0.8583,5176,1656,1614,5176,6067.3,0.85,5175
5350376.04,CT,Toronto,1.19406,5460,1866,1804,5460,4572.9,1.19,5460
5350376.05,CT,Toronto,1.30767,6860,2045,1998,6860,5328.2,1.29,6860
5350376.06,CT,Toronto,2.19192,484,229,219,484,220.8,2.19,485
5350376.08,CT,Toronto,0.87879,6157,2176,2123,6157,7006.1,0.88,6155
5350376.09,CT,Toronto,0.80105,4638,1644,1602,4638,5790.3,0.80,4640
5350376.11,CT,Toronto,0.47044,3416,1067,1014,3416,7257.3,0.47,3415
5350376.12,CT,Toronto,0.91215,5318,1922,1887,5318,5829.2,0.91,5320
5350376.13,CT,Toronto,0.51098,3902,1386,1362,3902,7636.0,0.51,3905
5350376.14,CT,Toronto,0.7362,3763,1091,1053,3763,5110.7,0.74,3765
5350376.15,CT,Toronto,0.92289,3696,1574,1518,3696,4016.5,0.92,3695
5350376.16,CT,Toronto,0.27148,4226,1672,1621,4226,15565.4,0.27,4225
5350377.01,CT,Toronto,2.06027,8996,3752,3574,8996,4366.1,2.06,8995
5350377.02,CT,Toronto,1.90596,4405,1493,1407,4405,2311.2,1.91,4405
5350377.03,CT,Toronto,0.65012,2815,892,868,2815,4329.4,0.65,2815
5350377.04,CT,Toronto,0.88332,5939,1746,1682,5939,6722.1,0.88,5940
5350377.06,CT,Toronto,0.51169,3809,1001,980,3809,7442.4,0.51,3810
5350377.07,CT,Toronto,0.76461,4857,1321,1282,4857,6351.5,0.76,4860
5350378.02,CT,Toronto,1.05954,3257,979,929,3257,3073.8,1.06,3260
5350378.03,CT,Toronto,2.20691,7363,2503,2434,7363,3336.5,2.21,7360
5350378.04,CT,Toronto,1.27906,6148,1826,1753,6148,4806.5,1.28,6150
5350378.05,CT,Toronto,0.72757,3907,1235,1201,3907,5369.7,0.73,3905
5350378.06,CT,Toronto,1.7906,6063,1754,1671,6063,3386.2,1.79,6065
5350378.07,CT,Toronto,2.80032,7099,2311,2226,7099,2535.2,2.80,7095
5350378.08,CT,Toronto,0.88574,6263,1997,1953,6263,7071.2,0.89,6260
5350378.11,CT,Toronto,0.96337,5693,1748,1713,5693,5910.5,0.96,5695
5350378.12,CT,Toronto,0.78391,5181,1904,1828,5181,6609.3,0.78,5180
5350378.14,CT,Toronto,0.92913,3892,1184,1168,3892,4189.0,0.93,3895
5350378.16,CT,Toronto,0.63484,6103,2005,1923,6103,9615.6,0.63,6105
5350378.17,CT,Toronto,0.47397,3336,961,903,3336,7036.5,0.47,3335
5350378.18,CT,Toronto,0.09093,2765,1114,1100,2765,30384.6,0.09,2765
5350378.19,CT,Toronto,4.51592,5162,1438,1411,5162,1146.1,4.50,5165
5350378.20,CT,Toronto,0.10951,2093,775,769,2093,19114.2,0.11,2095
5350378.21,CT,Toronto,0.70181,3948,1056,1043,3948,5623.9,0.70,3950
5350378.22,CT,Toronto,0.53214,3454,891,877,3454,6492.5,0.53,3455
5350378.23,CT,Toronto,1.53025,4095,1334,1302,4095,2676.3,1.53,4090
5350378.24,CT,Toronto,2.52877,6109,2218,2147,6109,2415.7,2.53,6110
5350378.25,CT,Toronto,4.76673,7931,1885,1858,7931,1664.2,4.77,7930
5350378.26,CT,Toronto,1.66052,4761,1165,1144,4761,2927.5,1.63,4760
5350378.27,CT,Toronto,20.2249,5806,1556,1530,5806,290.3,20.00,5800
5350378.28,CT,Toronto,2.25257,7175,2041,1925,7175,3236.4,2.22,7175
5350400.02,CT,Markham,1.67359,5911,1914,1877,5911,3531.7,1.67,5910
5350400.03,CT,Markham,0.79644,2961,966,945,2961,3717.5,0.80,2965
5350400.04,CT,Markham,3.52577,1961,757,724,1961,596.8,3.29,1960
5350400.06,CT,Markham,0.94431,3062,1046,1034,3062,3243.0,0.94,3060
5350400.07,CT,Markham,1.57264,3316,1201,1175,3316,2108.9,1.57,3315
5350400.08,CT,Markham,1.74757,2844,1413,1358,2844,1628.7,1.75,2845
5350400.11,CT,Markham,1.67189,6259,1651,1564,6259,3743.6,1.67,6260
5350400.12,CT,Markham,1.72606,6829,2223,2188,6829,3956.3,1.73,6830
5350400.13,CT,Markham,1.27887,6678,1704,1651,6678,5231.1,1.28,6680
5350400.14,CT,Markham,1.0543,6116,1604,1530,6116,5799.9,1.05,6120
5350400.15,CT,Markham,2.16768,4629,1605,1586,4629,2158.2,2.14,4630
5350400.16,CT,Markham,2.27069,5388,1465,1446,5388,2428.7,2.22,5390
5350400.17,CT,Markham,0.59753,4679,1276,1179,4679,7827.0,0.60,4680
5350400.18,CT,Markham,0.29591,2507,776,699,2507,8472.5,0.30,2505
5350400.19,CT,Markham,2.48947,10048,3081,3031,10048,4036.0,2.49,10045
5350400.20,CT,Markham,5.23694,4250,1227,1182,4250,811.6,5.24,4250
5350400.21,CT,Markham,3.52922,2102,612,603,2102,595.6,3.53,2100
5350400.22,CT,Markham,14.80663,9623,2426,2384,9623,650.3,14.80,9625
5350400.23,CT,Markham,4.31419,8556,2116,2078,8556,2003.8,4.27,8560
5350401.04,CT,Markham,0.74002,3305,1006,982,3305,4465.6,0.74,3305
5350401.05,CT,Markham,8.25165,2424,1509,1265,2424,295.1,8.21,2425
5350401.06,CT,Markham,1.75565,4891,1524,1484,4891,2785.9,1.76,4895
5350401.07,CT,Markham,1.75155,4112,1468,1409,4112,2349.3,1.75,4110
5350401.08,CT,Markham,1.47458,3345,1083,1057,3345,2318.9,1.44,3345
5350401.09,CT,Markham,2.20879,8404,2839,2737,8404,3805.0,2.21,8405
5350401.10,CT,Markham,4.06513,4723,1479,1452,4723,1167.2,4.05,4725
5350401.11,CT,Markham,1.11659,6784,1862,1788,6784,6076.1,1.12,6785
5350401.13,CT,Markham,0.9908,6440,1859,1770,6440,6501.8,0.99,6440
5350401.14,CT,Markham,2.35055,7822,2307,2257,7822,3327.7,2.35,7820
5350401.15,CT,Markham,1.1533,2759,1171,1132,2759,2480.7,1.11,2760
5350401.17,CT,Markham,1.11074,3510,995,957,3510,3160.2,1.11,3510
5350401.18,CT,Markham,6.16762,6141,3357,2978,6141,997.0,6.16,6140
5350401.19,CT,Markham,1.66562,6820,2048,1954,6820,4095.1,1.67,6825
5350401.20,CT,Markham,0.62924,4453,1157,1115,4453,7079.5,0.63,4455
5350401.21,CT,Markham,0.46916,2920,796,743,2920,6224.7,0.47,2920
5350401.22,CT,Markham,2.24582,8579,2544,2473,8579,3857.6,2.22,8580
5350401.23,CT,Markham,1.76344,1946,553,542,1946,1103.6,1.76,1945
5350402.01,CT,Markham,1.97022,2465,862,852,2465,1251.1,1.97,2465
5350402.02,CT,Markham,1.70591,5455,2379,2189,5455,3197.7,1.71,5455
5350402.03,CT,Markham,1.53984,3177,1237,1214,3177,2063.3,1.54,3180
5350402.04,CT,Markham,2.8493,5061,1832,1812,5061,1780.2,2.84,5060
5350402.05,CT,Markham,1.41933,2005,752,705,2005,1412.7,1.42,2005
5350402.06,CT,Markham,1.79778,6031,2468,2393,6031,3354.3,1.80,6035
5350402.07,CT,Markham,1.28801,2054,764,751,2054,1594.5,1.29,2055
5350402.08,CT,Markham,1.81066,6194,2312,2273,6194,3421.0,1.81,6190
5350402.09,CT,Markham,1.55794,3699,1496,1461,3699,2374.2,1.56,3700
5350402.10,CT,Markham,1.0297,3632,1438,1399,3632,3527.2,1.03,3630
5350402.12,CT,Markham,4.22049,5937,3054,2904,5937,1409.1,4.21,5935
5350402.13,CT,Markham,3.1674,4965,1592,1577,4965,1567.5,3.17,4965
5350403.01,CT,Markham,4.15862,7585,2195,2153,7585,1835.8,4.13,7585
5350403.04,CT,Markham,2.09846,4330,1271,1259,4330,2070.0,2.09,4330
5350403.05,CT,Markham,4.17658,4155,1308,1271,4155,1007.2,4.13,4155
5350403.07,CT,Markham,2.32911,12001,3621,3544,12001,5154.4,2.33,12000
5350403.09,CT,Markham,0.85191,5012,1409,1401,5012,5884.7,0.85,5010
5350403.10,CT,Markham,1.19113,5609,1644,1614,5609,4709.9,1.19,5605
5350403.11,CT,Markham,2.09459,10620,2947,2914,10620,5071.1,2.09,10620
5350403.12,CT,Markham,2.50196,9490,2636,2595,9490,3793.4,2.50,9490
5350403.13,CT,Markham,1.65395,6334,2246,2212,6334,4048.1,1.56,6335
5350403.14,CT,Markham,2.19729,10117,2894,2848,10117,4604.5,2.20,10120
5350403.15,CT,Markham,13.79869,11854,3742,3662,11854,860.2,13.78,11855
5350403.16,CT,Markham,60.21491,4087,1412,1344,4087,68.0,60.07,4090
5350410.02,CT,Vaughan,0.80263,4396,1436,1414,4396,5477.9,0.80,4400
5350410.03,CT,Vaughan,1.88176,7178,2489,2449,7178,3814.0,1.88,7180
5350410.04,CT,Vaughan,0.77542,3758,1213,1197,3758,4845.3,0.78,3755
5350410.05,CT,Vaughan,4.41455,6241,1900,1867,6241,1421.0,4.39,6240
5350410.07,CT,Vaughan,0.87638,3653,1068,1058,3653,4168.7,0.88,3655
5350410.09,CT,Vaughan,1.2371,5354,2140,2098,5354,4327.9,1.24,5355
5350410.10,CT,Vaughan,0.50683,3963,1643,1605,3963,7818.1,0.51,3960
5350410.11,CT,Vaughan,0.79101,4207,1210,1180,4207,5318.6,0.79,4205
5350410.12,CT,Vaughan,0.88079,6623,3649,3509,6623,7521.0,0.88,6625
5350410.13,CT,Vaughan,3.51506,6909,1991,1970,6909,1966.1,3.51,6905
5350410.14,CT,Vaughan,1.16424,6012,1859,1834,6012,5182.8,1.16,6010
5350410.15,CT,Vaughan,0.76742,1827,606,602,1827,2392.9,0.76,1825
5350411.01,CT,Vaughan,1.86268,5509,1926,1879,5509,2957.7,1.86,5505
5350411.04,CT,Vaughan,1.49815,5598,1807,1782,5598,3746.7,1.49,5600
5350411.07,CT,Vaughan,1.7623,4294,1364,1329,4294,2450.8,1.75,4295
5350411.08,CT,Vaughan,29.6803,2418,1307,846,2418,81.6,29.65,2420
5350411.09,CT,Vaughan,1.40332,6332,1874,1853,6332,4511.9,1.40,6335
5350411.12,CT,Vaughan,1.29257,5592,1571,1558,5592,4326.2,1.29,5590
5350411.15,CT,Vaughan,1.4093,4243,1410,1384,4243,3011.1,1.41,4240
5350411.16,CT,Vaughan,35.99029,6414,1868,1822,6414,179.1,35.82,6415
5350411.17,CT,Vaughan,4.16568,7439,2135,2092,7439,1806.9,4.12,7445
5350411.18,CT,Vaughan,2.85706,11132,3085,3070,11132,3900.1,2.85,11135
5350411.19,CT,Vaughan,4.21012,8657,2570,2498,8657,2060.3,4.20,8655
5350411.21,CT,Vaughan,2.19994,2443,661,657,2443,1131.9,2.16,2445
5350411.22,CT,Vaughan,1.35127,5492,1599,1582,5492,4064.5,1.35,5495
5350411.23,CT,Vaughan,1.1381,4587,2102,2032,4587,4061.4,1.13,4590
5350411.24,CT,Vaughan,1.16963,7393,1848,1791,7393,6318.3,1.17,7395
5350411.25,CT,Vaughan,0.93551,3435,922,911,3435,3672.6,0.94,3435
5350411.26,CT,Vaughan,1.03073,5377,1521,1518,5377,5247.4,1.02,5375
5350411.27,CT,Vaughan,1.15944,4203,1119,1113,4203,3690.1,1.14,4205
5350411.28,CT,Vaughan,0.91668,5152,1482,1469,5152,5618.9,0.92,5150
5350411.29,CT,Vaughan,1.99924,5482,1583,1556,5482,2755.5,1.99,5480
5350411.30,CT,Vaughan,1.60979,7289,2099,2078,7289,4527.9,1.61,7290
5350412.01,CT,Vaughan,4.40597,6419,2358,2246,6419,1476.9,4.35,6420
5350412.02,CT,Vaughan,6.19365,8918,3836,3613,8918,1459.4,6.11,8915
5350412.04,CT,Vaughan,7.03446,4387,1425,1410,4387,625.7,7.01,4385
5350412.06,CT,Vaughan,1.04717,3475,1203,1186,3475,3318.7,1.05,3475
5350412.08,CT,Vaughan,0.92689,2624,908,900,2624,2831.2,0.93,2625
5350412.10,CT,Vaughan,1.96341,5860,1815,1765,5860,2984.8,1.96,5860
5350412.11,CT,Vaughan,27.17093,4717,1347,1335,4717,174.8,26.99,4715
5350412.12,CT,Vaughan,1.0346,4027,1340,1323,4027,3893.5,1.03,4025
5350412.13,CT,Vaughan,2.57434,4065,1329,1323,4065,1579.2,2.57,4065
5350412.14,CT,Vaughan,2.26593,3400,1008,1004,3400,1550.9,2.19,3400
5350412.15,CT,Vaughan,4.49787,5456,1860,1814,5456,1215.6,4.49,5455
5350412.18,CT,Vaughan,6.82047,7593,2257,2222,7593,1121.4,6.77,7590
5350412.19,CT,Vaughan,2.86349,9559,2737,2711,9559,3376.2,2.83,9555
5350412.20,CT,Vaughan,1.2966,5761,1702,1694,5761,4477.7,1.29,5765
5350412.21,CT,Vaughan,3.94862,10,6,6,10,2.6,3.92,x
5350412.22,CT,Vaughan,2.06177,8811,2393,2391,8811,4277.4,2.06,8810
5350412.24,CT,Vaughan,1.89856,8371,2295,2272,8371,4409.0,1.90,8370
5350412.25,CT,Vaughan,1.58528,5508,1534,1508,5508,3477.9,1.58,5510
5350412.26,CT,Vaughan,0.80656,6267,1692,1680,6267,7770.6,0.81,6265
5350413.01,CT,Vaughan,70.92705,9614,3088,2814,9614,136.6,70.39,9615
5350413.02,CT,Vaughan,6.47108,12789,3467,3433,12789,1977.3,6.47,12790
5350420.03,CT,Richmond Hill,2.28755,6503,2471,2376,6503,2842.5,2.29,6505
5350420.05,CT,Richmond Hill,4.40595,7714,3120,2973,7714,1751.7,4.40,7715
5350420.06,CT,Richmond Hill,1.67367,5147,1543,1511,5147,3075.4,1.67,5145
5350420.08,CT,Richmond Hill,0.87116,4375,2072,1979,4375,5021.2,0.87,4375
5350420.09,CT,Richmond Hill,0.58154,4537,2283,2033,4537,7800.9,0.58,4535
5350420.10,CT,Richmond Hill,3.28778,3727,978,965,3727,1135.2,3.28,3725
5350420.11,CT,Richmond Hill,2.77661,6190,1765,1711,6190,2229.2,2.78,6190
5350420.13,CT,Richmond Hill,1.87828,5570,2236,2152,5570,2965.1,1.88,5575
5350420.14,CT,Richmond Hill,0.9277,7143,2951,2884,7143,7698.0,0.93,7145
5350420.15,CT,Richmond Hill,0.92883,2349,704,679,2349,2529.1,0.93,2345
5350421.01,CT,Richmond Hill,4.44012,6824,2430,2285,6824,1537.7,4.44,6825
5350421.04,CT,Richmond Hill,0.69801,3675,1632,1591,3675,5265.8,0.70,3675
5350421.05,CT,Richmond Hill,1.01694,3600,1229,1204,3600,3540.5,1.02,3600
5350421.06,CT,Richmond Hill,1.06318,3631,1449,1412,3631,3414.8,1.06,3630
5350421.07,CT,Richmond Hill,1.55857,4097,1368,1310,4097,2628.6,1.56,4095
5350422.02,CT,Richmond Hill,1.87289,5361,2272,2068,5361,2862.4,1.87,5360
5350422.03,CT,Richmond Hill,3.60861,6992,2086,2045,6992,1939.6,3.60,6995
5350422.04,CT,Richmond Hill,0.85754,3956,1161,1147,3956,4613.4,0.86,3955
5350422.05,CT,Richmond Hill,1.57634,7090,2036,2006,7090,4502.2,1.57,7090
5350422.06,CT,Richmond Hill,1.83816,5212,2310,2211,5212,2836.5,1.84,5215
5350423.01,CT,Richmond Hill,1.73704,3719,1360,1298,3719,2140.8,1.74,3720
5350423.02,CT,Richmond Hill,2.68458,7786,2733,2666,7786,2943.6,2.65,7785
5350424.04,CT,Richmond Hill,1.36697,2404,717,707,2404,1758.7,1.37,2405
5350424.05,CT,Richmond Hill,2.2766,9297,2982,2846,9297,4094.7,2.27,9300
5350424.07,CT,Richmond Hill,2.10078,8404,2493,2458,8404,4056.2,2.07,8405
5350424.08,CT,Richmond Hill,2.32611,7399,2162,2136,7399,3181.0,2.33,7400
5350424.09,CT,Richmond Hill,2.12529,3607,1219,1141,3607,1697.3,2.13,3605
5350424.10,CT,Richmond Hill,2.75141,6495,1905,1883,6495,2361.6,2.75,6495
5350424.11,CT,Richmond Hill,4.79645,8070,2663,2563,8070,1911.9,4.22,8070
5350424.13,CT,Richmond Hill,26.28691,2373,834,770,2373,91.3,26.00,2375
5350424.14,CT,Richmond Hill,5.10692,13212,3867,3820,13212,2669.8,4.95,13215
5350424.15,CT,Richmond Hill,7.12297,9776,2943,2848,9776,1412.2,6.92,9775
5350424.16,CT,Richmond Hill,3.58599,8787,2491,2438,8787,2451.0,3.59,8785
5350430.03,CT,Whitchurch-Stouffville,3.17955,5411,1837,1796,5411,1712.8,3.16,5405
5350430.05,CT,Whitchurch-Stouffville,2.1509,7264,2289,2277,7264,3376.7,2.15,7265
5350430.06,CT,Whitchurch-Stouffville,1.91088,6760,1992,1986,6760,3563.9,1.90,6760
5350430.07,CT,Whitchurch-Stouffville,9.75549,7518,2743,2689,7518,784.8,9.58,7520
5350430.08,CT,Whitchurch-Stouffville,6.71985,6072,1947,1929,6072,905.3,6.71,6075
5350431.01,CT,Whitchurch-Stouffville,50.1587,6384,2574,2509,6384,130.6,48.88,6385
5350431.02,CT,Whitchurch-Stouffville,135.28696,6428,2330,2169,6428,48.0,133.85,6435
5350440.00,CT,Aurora,22.53979,7105,2580,2496,7105,317.0,22.41,7105
5350441.02,CT,Aurora,1.56354,4494,1841,1777,4494,2892.5,1.55,4495
5350441.03,CT,Aurora,3.0496,7295,2549,2496,7295,2396.7,3.04,7295
5350441.04,CT,Aurora,4.60351,5612,1695,1674,5612,1229.3,4.57,5610
5350442.02,CT,Aurora,1.59821,4059,1681,1630,4059,2540.8,1.60,4060
5350442.03,CT,Aurora,4.01442,5277,1714,1688,5277,1316.6,4.01,5275
5350442.04,CT,Aurora,1.53934,3669,1363,1333,3669,2482.4,1.48,3670
5350442.05,CT,Aurora,3.54152,7377,2637,2602,7377,2088.6,3.53,7375
5350442.06,CT,Aurora,7.7458,10557,3321,3155,10557,1379.4,7.65,10560
5350450.02,CT,Newmarket,1.44655,3208,1229,1184,3208,2220.5,1.44,3210
5350450.03,CT,Newmarket,5.10713,8471,2950,2914,8471,1665.8,5.09,8475
5350450.05,CT,Newmarket,2.99349,5909,1991,1982,5909,1980.6,2.98,5910
5350450.06,CT,Newmarket,3.35437,7845,2322,2276,7845,2341.9,3.35,7845
5350451.01,CT,Newmarket,1.06564,2283,957,931,2283,2226.7,1.03,2280
5350451.02,CT,Newmarket,1.99216,4932,2360,2256,4932,2475.7,1.99,4930
5350451.03,CT,Newmarket,2.53055,6952,2470,2417,6952,2757.0,2.52,6955
5350451.05,CT,Newmarket,2.55741,4583,1488,1466,4583,1797.8,2.55,4585
5350451.06,CT,Newmarket,1.92903,6596,2090,2067,6596,3422.0,1.93,6595
5350451.07,CT,Newmarket,3.5017,4979,1551,1541,4979,1423.7,3.50,4980
5350452.01,CT,Newmarket,1.42113,3153,1289,1243,3153,2225.9,1.42,3155
5350452.02,CT,Newmarket,1.43572,4978,2019,1882,4978,3468.0,1.44,4975
5350452.03,CT,Newmarket,3.75315,5579,2160,2124,5579,1492.2,3.74,5575
5350452.05,CT,Newmarket,2.34022,4892,1378,1365,4892,2095.8,2.33,4895
5350452.06,CT,Newmarket,1.17913,4529,1311,1295,4529,3841.1,1.18,4530
5350452.07,CT,Newmarket,1.97021,5335,1750,1730,5335,2708.0,1.97,5335
5350455.00,CT,East Gwillimbury,127.86132,8254,2862,2788,8254,64.9,127.15,8255
5350456.01,CT,East Gwillimbury,62.03991,4480,1560,1513,4480,72.5,61.81,4475
5350456.02,CT,East Gwillimbury,18.33531,7199,2436,2392,7199,394.1,18.27,7200
5350456.03,CT,East Gwillimbury,39.02456,4058,1421,1384,4058,107.3,37.82,4060
5350460.01,CT,King,26.03289,7234,2500,2373,7234,278.9,25.93,7235
5350460.02,CT,King,114.92376,3557,1377,1230,3557,31.3,113.60,3555
5350461.01,CT,King,16.5393,5658,1834,1687,5658,342.6,16.51,5655
5350461.02,CT,King,178.68375,8063,3025,2854,8063,45.5,177.20,8065
5350470.00,CT,Georgina,34.15025,2790,1216,1088,2790,82.4,33.85,2790
5350471.00,CT,Georgina,172.03921,3276,1346,1183,3276,19.1,171.16,3275
5350472.00,CT,Georgina,14.9439,7475,2763,2670,7475,734.2,10.18,7480
5350473.01,CT,Georgina,3.8874,6659,2210,2187,6659,1754.1,3.80,6660
5350473.02,CT,Georgina,3.18505,6998,2574,2508,6998,2202.5,3.18,6995
5350473.03,CT,Georgina,13.7289,3713,1496,1420,3713,1790.3,2.07,3715
5350474.00,CT,Georgina,219.05169,5517,2755,2127,5517,181.8,30.35,5525
5350475.00,CT,Georgina,17.99233,6826,2975,2711,6826,518.4,13.17,6825
5350476.01,CT,Georgina,15.77302,261,565,118,261,17.9,14.55,265
5350476.02,CT,Georgina,130.7247,2164,1352,927,2164,108.2,19.99,2160
5350480.01,CT,Bradford West Gwillimbury,3.5007,4069,1747,1686,4069,1175.1,3.46,4070
5350480.02,CT,Bradford West Gwillimbury,3.55629,11075,3414,3360,11075,3114.1,3.56,11075
5350481.01,CT,Bradford West Gwillimbury,3.90071,8469,2560,2531,8469,2171.0,3.90,8470
5350481.02,CT,Bradford West Gwillimbury,3.1952,4286,1662,1584,4286,1381.0,3.10,4290
5350482.00,CT,Bradford West Gwillimbury,188.66256,7426,2535,2430,7426,39.7,187.01,7420
5350483.01,CT,New Tecumseth,10.05004,4782,1828,1778,4782,483.5,9.89,4785
5350483.02,CT,New Tecumseth,65.35723,3237,1221,1194,3237,49.6,65.23,3235
5350484.02,CT,New Tecumseth,93.95229,6071,2148,2124,6071,64.7,93.82,6070
5350484.03,CT,New Tecumseth,10.43571,3976,1956,1930,3976,384.0,10.35,3975
5350484.04,CT,New Tecumseth,79.7629,885,328,313,885,11.1,79.70,880
5350485.01,CT,New Tecumseth,8.70938,8215,2876,2812,8215,943.5,8.71,8215
5350485.02,CT,New Tecumseth,6.51613,7076,2834,2755,7076,1086.4,6.51,7075
5350500.01,CT,Mississauga,0.79472,3381,1634,1574,3381,4253.9,0.79,3380
5350500.02,CT,Mississauga,3.20294,4874,2304,2218,4874,1540.0,3.16,4875
5350501.01,CT,Mississauga,8.82447,5945,2602,2548,5945,675.3,8.80,5945
5350501.02,CT,Mississauga,4.05456,6814,2447,2385,6814,1703.4,4.00,6810
5350502.01,CT,Mississauga,1.17321,5429,2004,1969,5429,4627.9,1.17,5425
5350502.02,CT,Mississauga,0.69186,2545,947,933,2545,3678.8,0.69,2545
5350503.00,CT,Mississauga,1.67366,5017,1899,1868,5017,2997.7,1.67,5015
5350504.00,CT,Mississauga,1.3782,3392,1218,1206,3392,2461.4,1.38,3395
5350505.01,CT,Mississauga,2.76318,4688,1481,1460,4688,1696.6,2.76,4685
5350505.02,CT,Mississauga,3.82541,5762,1824,1775,5762,1506.9,3.82,5760
5350506.00,CT,Mississauga,1.82823,2717,860,834,2717,1472.4,1.85,2715
5350507.00,CT,Mississauga,2.06131,3702,1348,1317,3702,1796.2,2.06,3700
5350508.00,CT,Mississauga,1.3105,3175,1178,1151,3175,2422.4,1.31,3175
5350509.01,CT,Mississauga,1.94648,5015,1992,1961,5015,2576.4,1.95,5015
5350509.02,CT,Mississauga,2.93688,3168,1280,1258,3168,1086.3,2.92,3170
5350510.00,CT,Mississauga,6.32995,5540,2035,2002,5540,876.1,6.32,5540
5350511.01,CT,Mississauga,0.45414,6166,2646,2578,6166,13578.5,0.45,6165
5350511.02,CT,Mississauga,1.39494,4714,1828,1775,4714,3379.2,1.40,4715
5350512.00,CT,Mississauga,2.05444,6012,2229,2181,6012,2926.4,2.05,6010
5350513.01,CT,Mississauga,3.48202,6973,2485,2449,6973,1991.6,3.50,6975
5350513.02,CT,Mississauga,1.10129,6352,2492,2447,6352,5767.2,1.10,6350
5350513.03,CT,Mississauga,1.06653,3527,1181,1158,3527,3307.1,1.07,3525
5350513.04,CT,Mississauga,1.36207,3742,1267,1240,3742,2746.8,1.36,3745
5350514.01,CT,Mississauga,3.35993,2340,792,762,2340,696.5,3.36,2340
5350514.02,CT,Mississauga,1.92885,5832,1843,1805,5832,3023.3,1.93,5830
5350515.01,CT,Mississauga,2.74841,4305,1519,1514,4305,1567.8,2.75,4305
5350515.02,CT,Mississauga,1.41053,3874,1373,1362,3874,2746.9,1.41,3870
5350516.01,CT,Mississauga,1.45292,5445,1825,1801,5445,3747.7,1.45,5445
5350516.02,CT,Mississauga,1.74642,4852,1579,1565,4852,2781.8,1.74,4850
5350516.03,CT,Mississauga,1.11564,5715,2209,2195,5715,5122.3,1.12,5715
5350516.04,CT,Mississauga,1.07182,6250,2646,2590,6250,6078.0,1.03,6245
5350516.05,CT,Mississauga,1.16581,6156,2183,2141,6156,5280.5,1.17,6155
5350516.06,CT,Mississauga,0.92376,4934,1811,1739,4934,5450.1,0.91,4935
5350516.08,CT,Mississauga,1.32584,5971,2216,2186,5971,4504.0,1.33,5970
5350516.09,CT,Mississauga,2.37602,7000,2622,2555,7000,2946.3,2.38,7000
5350516.11,CT,Mississauga,2.1802,4646,1465,1448,4646,2131.1,2.18,4645
5350516.16,CT,Mississauga,2.94042,5533,2199,2084,5533,1883.7,2.94,5535
5350516.17,CT,Mississauga,1.07976,3583,1369,1345,3583,3317.9,1.08,3585
5350516.18,CT,Mississauga,1.15649,3555,1195,1188,3555,3073.4,1.16,3555
5350516.20,CT,Mississauga,1.32212,6249,1878,1870,6249,4726.6,1.32,6250
5350516.21,CT,Mississauga,1.35295,2918,869,865,2918,2156.5,1.35,2920
5350516.22,CT,Mississauga,1.67752,6967,1974,1961,6967,4153.7,1.68,6965
5350516.23,CT,Mississauga,1.31857,5605,1644,1614,5605,4252.0,1.32,5605
5350516.24,CT,Mississauga,2.83175,4081,1245,1228,4081,1441.1,2.83,4085
5350516.25,CT,Mississauga,2.82079,3870,1261,1234,3870,1372.0,2.82,3870
5350516.26,CT,Mississauga,1.49495,6832,2059,2006,6832,4571.4,1.49,6830
5350516.28,CT,Mississauga,0.91545,4820,1448,1439,4820,5264.9,0.92,4820
5350516.29,CT,Mississauga,0.75486,4857,1502,1492,4857,6434.8,0.75,4855
5350516.30,CT,Mississauga,2.4084,5931,1705,1682,5931,2463.0,2.41,5930
5350516.31,CT,Mississauga,1.42458,2804,935,873,2804,1967.6,1.43,2805
5350516.32,CT,Mississauga,1.04439,4951,1440,1431,4951,4740.1,1.04,4950
5350516.37,CT,Mississauga,1.14709,6099,2505,2249,6099,5316.9,1.15,6100
5350516.38,CT,Mississauga,1.57699,6517,1883,1846,6517,4135.9,1.58,6520
5350516.39,CT,Mississauga,3.49685,5168,1323,1312,5168,1479.4,3.49,5165
5350516.40,CT,Mississauga,1.3156,6382,1811,1795,6382,4851.0,1.32,6385
5350516.41,CT,Mississauga,0.67449,5734,1714,1675,5734,8501.1,0.67,5730
5350516.42,CT,Mississauga,1.72484,8626,2303,2282,8626,5119.6,1.68,8620
5350516.43,CT,Mississauga,1.27118,4210,1423,1407,4210,3311.6,1.27,4215
5350516.44,CT,Mississauga,1.27768,5438,1568,1553,5438,4262.1,1.28,5435
5350516.46,CT,Mississauga,1.22625,7625,1902,1887,7625,6218.4,1.23,7625
5350516.47,CT,Mississauga,1.25314,5127,1353,1342,5127,4367.9,1.17,5125
5350516.48,CT,Mississauga,0.91182,6661,1790,1756,6661,7331.1,0.91,6665
5350516.49,CT,Mississauga,1.49557,8971,2741,2670,8971,6004.3,1.49,8970
5350517.00,CT,Mississauga,1.23405,1678,594,588,1678,1365.3,1.23,1675
5350518.00,CT,Mississauga,0.74159,4236,1648,1574,4236,5713.5,0.74,4235
5350519.00,CT,Mississauga,1.1138,3810,1367,1244,3810,3420.7,1.11,3810
5350520.01,CT,Mississauga,2.62361,5483,1728,1619,5483,2090.1,2.62,5480
5350520.02,CT,Mississauga,1.63995,7102,2433,2331,7102,4330.5,1.64,7105
5350520.05,CT,Mississauga,0.56635,3637,1330,1260,3637,6420.1,0.57,3635
5350520.07,CT,Mississauga,0.33839,5198,2013,1988,5198,15360.5,0.34,5195
5350520.08,CT,Mississauga,1.1147,6304,2346,2305,6304,5669.6,1.11,6305
5350520.09,CT,Mississauga,0.27326,7125,3398,3257,7125,26060.7,0.27,7125
5350520.10,CT,Mississauga,0.47972,9663,4586,4071,9663,20143.8,0.48,9665
5350521.01,CT,Mississauga,0.1995,5684,2380,2325,5684,28491.2,0.20,5685
5350521.02,CT,Mississauga,0.86007,3483,1200,1176,3483,4049.1,0.86,3485
5350521.03,CT,Mississauga,0.6263,4995,1531,1514,4995,7975.4,0.63,4995
5350521.04,CT,Mississauga,1.28427,6604,2352,2324,6604,5141.7,1.28,6605
5350521.05,CT,Mississauga,0.75013,4201,1812,1778,4201,5599.8,0.75,4200
5350521.06,CT,Mississauga,0.61814,5575,2476,2443,5575,9018.1,0.62,5575
5350522.00,CT,Mississauga,1.74776,6008,2229,2198,6008,3437.3,1.75,6010
5350523.00,CT,Mississauga,1.18015,6170,2567,2511,6170,5228.4,1.18,6170
5350524.01,CT,Mississauga,0.80537,4737,1682,1664,4737,5879.4,0.81,4740
5350524.02,CT,Mississauga,0.62909,3579,1602,1563,3579,5689.1,0.63,3575
5350525.01,CT,Mississauga,0.51954,3450,1154,1128,3450,6642.3,0.52,3450
5350525.02,CT,Mississauga,1.80241,4662,1972,1809,4662,2586.8,1.80,4665
5350526.01,CT,Mississauga,0.75771,6042,2033,1996,6042,7974.1,0.76,6045
5350526.02,CT,Mississauga,0.80781,3557,1325,1298,3557,4402.8,0.81,3555
5350527.01,CT,Mississauga,2.46119,10665,5410,4745,10665,4333.6,2.46,10665
5350527.02,CT,Mississauga,1.15978,5258,1821,1777,5258,4533.5,1.16,5260
5350527.03,CT,Mississauga,1.29613,8677,3756,3482,8677,6693.7,1.30,8680
5350527.04,CT,Mississauga,1.66682,5778,2138,2118,5778,3467.8,1.67,5775
5350527.05,CT,Mississauga,1.66013,5629,2092,2056,5629,3391.0,1.66,5630
5350527.06,CT,Mississauga,1.06079,3979,1265,1236,3979,3750.6,1.06,3975
5350527.07,CT,Mississauga,1.29951,4916,1703,1662,4916,3783.9,1.30,4915
5350527.08,CT,Mississauga,1.21283,4172,1331,1288,4172,3440.0,1.21,4170
5350527.09,CT,Mississauga,1.89933,3415,1109,1097,3415,1792.7,1.90,3415
5350528.01,CT,Mississauga,1.31424,5695,1774,1741,5695,4331.8,1.31,5695
5350528.02,CT,Mississauga,1.54219,7622,2228,2189,7622,4944.9,1.54,7625
5350528.10,CT,Mississauga,1.52335,8863,2513,2461,8863,5817.9,1.52,8865
5350528.11,CT,Mississauga,0.20899,5511,2628,2524,5511,26368.4,0.21,5510
5350528.12,CT,Mississauga,1.42452,5748,1597,1548,5748,3990.6,1.44,5750
5350528.13,CT,Mississauga,1.41633,3509,988,966,3509,2431.1,1.44,3510
5350528.15,CT,Mississauga,0.89246,4438,1214,1198,4438,4973.7,0.89,4435
5350528.16,CT,Mississauga,0.86726,5188,1434,1418,5188,5980.4,0.87,5190
5350528.18,CT,Mississauga,1.54722,6831,1941,1906,6831,4415.1,1.55,6830
5350528.19,CT,Mississauga,0.77018,5359,1614,1583,5359,6958.8,0.77,5360
5350528.20,CT,Brampton,3.27983,5909,1857,1744,5909,1810.0,3.26,5905
5350528.21,CT,Brampton,1.40074,4354,1430,1410,4354,3136.7,1.39,4355
5350528.22,CT,Brampton,1.37741,6543,1862,1747,6543,4750.3,1.38,6545
5350528.24,CT,Mississauga,4.66059,5234,1568,1510,5234,1124.3,4.66,5235
5350528.25,CT,Mississauga,1.22821,7714,2519,2484,7714,6280.2,1.23,7715
5350528.26,CT,Mississauga,0.6187,5325,2243,2079,5325,8630.5,0.62,5325
5350528.31,CT,Brampton,0.82471,6332,2039,1957,6332,7678.9,0.82,6330
5350528.32,CT,Mississauga,1.94927,4190,1102,1081,4190,2149.8,1.95,4195
5350528.33,CT,Mississauga,2.49288,6444,1800,1763,6444,2563.6,2.51,6445
5350528.34,CT,Mississauga,3.34168,5975,1869,1855,5975,1788.0,3.34,5975
5350528.35,CT,Mississauga,15.07662,3310,908,898,3310,220.0,15.05,3315
5350528.36,CT,Brampton,1.11315,8215,2061,1944,8215,7381.0,1.11,8215
5350528.37,CT,Brampton,8.55139,8535,2233,2212,8535,999.2,8.54,8535
5350528.39,CT,Mississauga,5.94057,6886,1982,1962,6886,1161.1,5.93,6890
5350528.40,CT,Mississauga,3.50208,6198,1705,1696,6198,1795.9,3.45,6195
5350528.41,CT,Mississauga,55.91238,7940,2089,2035,7940,142.3,55.78,7940
5350528.42,CT,Mississauga,1.16239,5566,1335,1314,5566,4788.0,1.16,5565
5350528.43,CT,Mississauga,0.71651,5110,1499,1478,5110,7131.9,0.72,5110
5350528.44,CT,Mississauga,0.68383,2081,625,621,2081,3043.3,0.68,2080
5350528.45,CT,Mississauga,0.98466,5652,1792,1768,5652,5740.4,0.98,5650
5350528.46,CT,Mississauga,0.88541,7144,1842,1811,7144,8070.5,0.89,7145
5350528.47,CT,Mississauga,1.61023,5261,1479,1449,5261,3267.3,1.61,5260
5350528.48,CT,Mississauga,2.30041,7955,1928,1906,7955,3468.0,2.29,7955
5350528.49,CT,Mississauga,1.73097,4860,1271,1258,4860,2805.2,1.73,4865
5350529.01,CT,Mississauga,1.00008,3848,1363,1193,3848,3847.2,1.00,3845
5350529.02,CT,Mississauga,0.7937,4676,1528,1424,4676,5892.1,0.79,4675
5350530.01,CT,Mississauga,0.84484,5212,1643,1549,5212,6168.8,0.84,5215
5350530.02,CT,Mississauga,0.39969,3169,1050,1009,3169,7930.4,0.40,3170
5350531.01,CT,Mississauga,0.66929,4144,1392,1318,4144,6191.5,0.67,4145
5350531.02,CT,Mississauga,1.33603,6660,2065,1929,6660,4984.7,1.34,6660
5350532.01,CT,Mississauga,0.82768,4353,1350,1221,4353,5259.2,0.83,4355
5350532.02,CT,Mississauga,0.69029,4629,1449,1312,4629,6706.8,0.69,4630
5350540.01,CT,Mississauga,1.56218,5031,2709,2590,5031,3241.0,1.55,5030
5350540.02,CT,Mississauga,1.07929,5599,2925,2825,5599,5179.5,1.08,5600
5350550.01,CT,Mississauga,7.56836,4649,1682,1666,4649,615.2,7.56,4650
5350550.02,CT,Mississauga,2.99474,7464,3140,2914,7464,2491.8,3.00,7465
5350560.00,CT,Brampton,4.13566,6270,2174,2133,6270,1516.0,4.14,6270
5350561.00,CT,Brampton,4.64822,6447,2378,2322,6447,1387.0,4.65,6450
5350562.02,CT,Brampton,2.07444,6494,2174,2125,6494,3169.2,2.05,6495
5350562.03,CT,Brampton,1.06799,4824,1655,1589,4824,4516.9,1.07,4825
5350562.04,CT,Brampton,1.04561,4528,1513,1451,4528,4329.3,1.05,4530
5350562.05,CT,Brampton,1.3111,5659,2297,2249,5659,4376.3,1.29,5660
5350562.06,CT,Brampton,1.10293,3036,1007,953,3036,3646.0,0.83,3035
5350562.07,CT,Brampton,1.10888,4480,1472,1400,4480,4040.8,1.11,4480
5350562.08,CT,Brampton,1.04004,4103,1437,1393,4103,3945.2,1.04,4105
5350562.09,CT,Brampton,0.99831,3880,1335,1286,3880,3886.6,1.00,3880
5350562.11,CT,Brampton,0.77391,3030,1025,1000,3030,3915.7,0.77,3030
5350562.12,CT,Brampton,0.9327,7092,3010,2741,7092,7739.8,0.92,7090
5350562.13,CT,Brampton,5.98084,1227,373,370,1227,205.6,5.97,1230
5350562.14,CT,Brampton,0.98731,3924,1160,1118,3924,3974.9,0.99,3925
5350562.15,CT,Brampton,0.96914,3724,1098,1066,3724,3842.7,0.97,3725
5350563.01,CT,Brampton,0.85836,6743,2540,2507,6743,7855.3,0.86,6745
5350563.02,CT,Brampton,1.01238,2934,1041,1013,2934,2897.8,1.01,2935
5350564.01,CT,Brampton,0.84189,2328,764,751,2328,2765.2,0.84,2330
5350564.02,CT,Brampton,0.91612,4788,1519,1455,4788,5225.9,0.92,4790
5350570.01,CT,Brampton,8.16747,3297,1354,1343,3297,404.9,8.14,3295
5350570.02,CT,Brampton,1.32016,3645,1317,1306,3645,2775.0,1.31,3645
5350571.01,CT,Brampton,0.72802,3855,1458,1404,3855,5296.1,0.73,3855
5350571.02,CT,Brampton,1.35938,3998,1533,1484,3998,2941.0,1.36,4000
5350572.01,CT,Brampton,2.10076,6789,2751,2634,6789,3232.1,2.10,6790
5350572.04,CT,Brampton,0.80261,3124,1043,1019,3124,3893.3,0.80,3125
5350572.05,CT,Brampton,0.8241,5902,2386,2330,5902,7161.8,0.82,5900
5350572.07,CT,Brampton,1.18774,4645,1348,1300,4645,3911.9,1.19,4645
5350572.08,CT,Brampton,0.86335,5455,1529,1430,5455,6318.0,0.86,5455
5350572.09,CT,Brampton,1.69078,4810,1311,1282,4810,2845.0,1.69,4810
5350572.10,CT,Brampton,0.48411,3598,978,944,3598,7433.9,0.48,3600
5350573.03,CT,Brampton,1.39504,6441,2108,2023,6441,4617.5,1.39,6445
5350573.05,CT,Brampton,1.39019,5585,1875,1817,5585,4017.7,1.39,5585
5350573.06,CT,Brampton,0.82661,4598,1444,1436,4598,5563.2,0.83,4595
5350573.07,CT,Brampton,1.54079,5818,2281,2225,5818,3776.2,1.54,5815
5350573.09,CT,Brampton,1.37947,6060,1726,1669,6060,4393.2,1.38,6060
5350573.10,CT,Brampton,0.80428,3196,854,845,3196,3973.6,0.80,3195
5350573.11,CT,Brampton,0.68038,5082,1305,1277,5082,7470.2,0.68,5085
5350574.00,CT,Brampton,1.98706,6619,3714,3524,6619,3331.0,1.99,6615
5350575.01,CT,Brampton,1.2088,5892,2139,2011,5892,4873.9,1.21,5890
5350575.02,CT,Brampton,1.0015,4698,1954,1866,4698,4691.0,1.00,4700
5350575.03,CT,Brampton,1.07581,6703,2220,2092,6703,6230.1,1.08,6700
5350575.04,CT,Brampton,1.56934,6198,2125,2058,6198,3949.5,1.57,6195
5350575.05,CT,Brampton,1.56076,6932,2265,2209,6932,4441.6,1.56,6930
5350575.07,CT,Brampton,0.7947,4075,1023,1004,4075,5486.7,0.74,4075
5350575.08,CT,Brampton,0.99881,5561,1719,1631,5561,5567.7,1.00,5565
5350576.04,CT,Brampton,3.42378,4398,1437,1416,4398,1358.6,3.24,4400
5350576.05,CT,Brampton,1.53487,7022,2066,1965,7022,4575.2,1.53,7020
5350576.06,CT,Brampton,2.50755,7300,2330,2212,7300,3270.9,2.23,7300
5350576.07,CT,Brampton,3.54707,4573,1378,1347,4573,1289.2,3.55,4575
5350576.09,CT,Brampton,1.87541,3782,1282,1271,3782,2027.0,1.87,3780
5350576.10,CT,Brampton,5.89865,12449,3613,3546,12449,2120.5,5.87,12450
5350576.16,CT,Brampton,0.98504,6468,1659,1592,6468,6566.5,0.99,6465
5350576.17,CT,Brampton,1.17632,6767,1747,1669,6767,5751.8,1.18,6765
5350576.20,CT,Brampton,0.97311,6827,1655,1565,6827,7029.4,0.97,6825
5350576.22,CT,Brampton,1.73596,7401,1877,1796,7401,4264.0,1.74,7400
5350576.24,CT,Brampton,27.05135,10438,2474,2414,10438,386.0,27.04,10435
5350576.29,CT,Brampton,0.73058,4136,1146,1133,4136,5660.3,0.73,4135
5350576.31,CT,Brampton,1.61546,3786,1169,1160,3786,2343.5,1.62,3785
5350576.32,CT,Brampton,1.72197,9555,2538,2514,9555,5548.5,1.72,9555
5350576.33,CT,Brampton,0.78679,2518,809,793,2518,3295.4,0.76,2515
5350576.34,CT,Brampton,1.79793,6067,1709,1677,6067,3374.9,1.80,6070
5350576.40,CT,Brampton,29.58607,7968,1861,1779,7968,273.0,29.19,7970
5350576.41,CT,Brampton,1.19122,8197,2047,2029,8197,6881.3,1.19,8200
5350576.42,CT,Brampton,1.90894,12430,3350,3319,12430,6511.9,1.91,12430
5350576.43,CT,Brampton,1.40182,6463,1735,1701,6463,4610.5,1.40,6460
5350576.44,CT,Brampton,0.87375,2784,735,730,2784,3186.4,0.87,2780
5350576.45,CT,Brampton,0.54659,2929,721,703,2929,5356.6,0.55,2930
5350576.46,CT,Brampton,0.68204,5318,1392,1334,5318,7796.5,0.68,5320
5350576.47,CT,Brampton,1.55823,4062,921,873,4062,2644.5,1.54,4065
5350576.49,CT,Brampton,0.75526,6039,1595,1534,6039,7995.5,0.76,6040
5350576.50,CT,Brampton,1.22252,6735,1713,1667,6735,5508.8,1.22,6735
5350576.52,CT,Brampton,0.8952,5871,1477,1462,5871,6559.0,0.90,5870
5350576.53,CT,Brampton,0.83351,4441,1118,1107,4441,5327.5,0.83,4440
5350576.54,CT,Brampton,2.59416,4682,1079,1065,4682,1804.9,2.59,4680
5350576.55,CT,Brampton,1.13132,6800,1518,1475,6800,6010.3,1.13,6800
5350576.56,CT,Brampton,1.19412,7839,1718,1682,7839,6564.2,1.19,7835
5350576.57,CT,Brampton,2.96851,3505,1091,1058,3505,1184.7,2.96,3505
5350576.58,CT,Brampton,2.78505,8392,2094,2056,8392,3013.1,2.79,8390
5350576.59,CT,Brampton,0.93009,6551,1562,1501,6551,7041.8,0.93,6550
5350576.60,CT,Brampton,1.78506,8505,1939,1919,8505,4767.9,1.78,8505
5350576.61,CT,Brampton,2.01514,11174,2584,2573,11174,5544.9,2.02,11170
5350576.62,CT,Brampton,1.18506,7013,1641,1564,7013,5917.6,1.19,7015
5350576.63,CT,Brampton,2.33938,6183,1400,1345,6183,2668.3,2.32,6180
5350576.64,CT,Brampton,1.84806,8607,1984,1945,8607,4697.1,1.83,8610
5350576.65,CT,Brampton,1.49208,2364,632,598,2364,1585.5,1.49,2365
5350576.66,CT,Brampton,2.94452,6608,1446,1415,6608,2244.0,2.94,6605
5350576.67,CT,Brampton,1.24398,8090,1779,1741,8090,6503.2,1.24,8090
5350576.68,CT,Brampton,1.11714,5096,1234,1197,5096,4577.8,1.11,5100
5350576.69,CT,Brampton,1.5967,5665,1305,1281,5665,3555.3,1.59,5665
5350576.70,CT,Brampton,23.28333,18972,5147,5053,18972,815.0,23.28,18970
5350576.71,CT,Brampton,7.86846,23401,5646,5500,23401,2974.0,7.87,23400
5350576.72,CT,Brampton,22.67445,9492,2861,2636,9492,419.8,22.61,9490
5350585.02,CT,Caledon,77.21726,6180,1936,1873,6180,80.4,76.89,6180
5350585.03,CT,Caledon,8.2278,5451,1972,1912,5451,666.4,8.18,5455
5350585.05,CT,Caledon,4.0871,7211,2302,2272,7211,1773.8,4.07,7215
5350585.07,CT,Caledon,100.03004,7011,2402,2323,7011,70.9,98.94,7015
5350585.08,CT,Caledon,43.78736,3829,1219,1183,3829,89.6,42.76,3830
5350585.09,CT,Caledon,2.55581,5761,1872,1843,5761,2293.0,2.51,5755
5350585.10,CT,Caledon,1.94728,4112,1298,1283,4112,2113.8,1.95,4115
5350586.01,CT,Caledon,84.63883,12562,3663,3595,12562,149.1,84.23,12565
5350586.02,CT,Caledon,85.71979,2894,1088,1004,2894,33.8,85.50,2890
5350587.01,CT,Caledon,132.82716,5966,2066,1990,5966,45.4,131.27,5965
5350587.02,CT,Caledon,154.51205,5525,2203,1978,5525,36.4,151.88,5515
5350590.00,CT,Orangeville,1.8653,4966,2206,2144,4966,2662.4,1.87,4965
5350591.01,CT,Orangeville,3.14723,5442,1806,1803,5442,1734.7,3.14,5445
5350591.02,CT,Orangeville,2.96534,5026,1732,1722,5026,1699.4,2.96,5025
5350592.01,CT,Orangeville,4.17567,6874,2822,2775,6874,1754.3,3.92,6875
5350592.02,CT,Orangeville,3.74312,6592,2130,2121,6592,1768.8,3.73,6590
5350593.00,CT,Mono,280.58695,8609,3127,2919,8609,31.0,277.83,8610
5350600.01,CT,Oakville,4.94921,6302,2069,2028,6302,1273.7,4.95,6300
5350600.02,CT,Oakville,5.34704,7016,2113,2102,7016,1312.1,5.35,7020
5350601.00,CT,Oakville,3.21482,4115,1355,1282,4115,1280.0,3.21,4115
5350602.00,CT,Oakville,4.02489,4898,1844,1749,4898,1234.8,3.97,4895
5350603.00,CT,Oakville,1.25235,4999,2781,2524,4999,4314.7,1.16,4995
5350604.00,CT,Oakville,0.90263,2343,1258,1152,2343,2727.9,0.86,2345
5350605.00,CT,Oakville,1.53006,2532,1115,1012,2532,1679.5,1.51,2535
5350606.00,CT,Oakville,3.39406,5092,2203,2102,5092,1500.5,3.39,5090
5350607.00,CT,Oakville,3.23794,2978,1114,1072,2978,919.8,3.24,2980
5350608.00,CT,Oakville,1.40992,2674,911,864,2674,1896.3,1.41,2675
5350609.00,CT,Oakville,2.15025,2802,970,933,2802,1303.2,2.15,2805
5350610.02,CT,Oakville,3.26653,8876,3054,2972,8876,2749.9,3.23,8875
5350610.03,CT,Oakville,1.20661,4533,2620,2452,4533,3915.9,1.16,4535
5350610.04,CT,Oakville,0.98886,3244,1434,1412,3244,3281.1,0.99,3245
5350611.00,CT,Oakville,4.94647,4992,1737,1718,4992,1014.0,4.92,4990
5350612.01,CT,Oakville,8.08114,68,20,19,68,8.5,8.02,70
5350612.03,CT,Oakville,4.16952,6249,2052,1992,6249,1504.9,4.15,6250
5350612.05,CT,Oakville,3.33437,5871,2056,2017,5871,1796.5,3.27,5875
5350612.08,CT,Oakville,1.66372,5562,1705,1687,5562,3342.5,1.66,5560
5350612.10,CT,Oakville,4.20322,51,17,17,51,12.1,4.20,50
5350612.11,CT,Oakville,2.47339,5811,1765,1760,5811,2379.2,2.44,5810
5350612.12,CT,Oakville,1.79532,6846,2051,2040,6846,3812.2,1.80,6845
5350612.13,CT,Oakville,1.21337,3811,1429,1410,3811,3141.0,1.21,3810
5350612.14,CT,Oakville,2.11866,4261,1474,1461,4261,2011.1,2.12,4260
5350612.15,CT,Oakville,4.0821,7111,2194,2167,7111,1751.1,4.06,7110
5350612.18,CT,Oakville,1.60041,4379,1343,1338,4379,2771.7,1.58,4380
5350612.19,CT,Oakville,1.0303,4067,1301,1294,4067,4010.1,1.01,4065
5350612.20,CT,Oakville,1.05044,4403,1325,1322,4403,4194.1,1.05,4405
5350612.21,CT,Oakville,1.35643,6694,2020,1979,6694,4935.5,1.36,6695
5350612.22,CT,Oakville,1.43992,7321,2155,2090,7321,5084.0,1.44,7325
5350612.23,CT,Oakville,1.3423,4822,1374,1369,4822,3592.6,1.34,4820
5350612.24,CT,Oakville,2.61118,7982,2489,2351,7982,3056.8,2.61,7980
5350612.25,CT,Oakville,1.59409,5474,1613,1597,5474,3433.5,1.59,5475
5350612.26,CT,Oakville,1.13664,4141,1967,1783,4141,3642.4,1.14,4140
5350612.27,CT,Oakville,1.57349,5322,1719,1707,5322,3382.9,1.57,5320
5350613.01,CT,Oakville,1.93329,4134,1551,1515,4134,2176.0,1.90,4135
5350613.03,CT,Oakville,1.74548,4071,1674,1610,4071,2332.3,1.75,4075
5350613.04,CT,Oakville,1.32671,4477,2104,1915,4477,3374.5,1.33,4480
5350614.01,CT,Oakville,1.58839,3137,1100,1098,3137,1975.2,1.59,3135
5350614.02,CT,Oakville,3.06805,3941,1438,1428,3941,1284.6,3.07,3940
5350615.00,CT,Oakville,40.29309,6430,2103,1929,6430,160.2,40.14,6430
5350620.01,CT,Milton,2.51331,9195,3153,2967,9195,3658.4,2.51,9195
5350620.05,CT,Milton,1.04158,4590,1242,1239,4590,4405.8,1.04,4590
5350620.06,CT,Milton,1.13132,6801,2249,2048,6801,6010.6,1.13,6805
5350620.07,CT,Milton,0.9749,5447,1402,1398,5447,5588.4,0.97,5445
5350620.08,CT,Milton,1.3797,7926,2407,2369,7926,5742.6,1.38,7925
5350620.09,CT,Milton,0.94126,5278,1694,1550,5278,5607.7,0.94,5280
5350620.10,CT,Milton,2.50329,11955,3252,3238,11955,4786.2,2.50,11960
5350620.11,CT,Milton,4.54481,11685,3489,3461,11685,2570.9,4.55,11685
5350620.12,CT,Milton,8.46943,17652,5405,5016,17652,2084.4,8.47,17655
5350620.13,CT,Milton,126.68489,2369,891,822,2369,18.8,126.33,2370
5350621.00,CT,Milton,2.54485,5583,1990,1985,5583,2195.4,2.54,5580
5350622.00,CT,Milton,2.63224,6042,2300,2267,6042,2295.5,2.63,6040
5350623.00,CT,Milton,1.51587,3604,1781,1720,3604,2421.1,1.49,3605
5350624.00,CT,Milton,1.72425,5280,1991,1976,5280,3062.3,1.72,5280
5350625.00,CT,Milton,15.15232,880,180,172,880,58.2,15.13,880
5350626.00,CT,Milton,191.28231,5841,2111,2029,5841,30.8,189.88,5840
5350630.00,CT,Halton Hills,110.80386,3315,1147,1092,3315,30.1,110.26,3315
5350631.02,CT,Halton Hills,2.40294,4903,1446,1441,4903,2040.9,2.40,4900
5350631.03,CT,Halton Hills,1.65067,4827,1348,1321,4827,2924.4,1.65,4825
5350631.04,CT,Halton Hills,1.61188,5440,1663,1638,5440,3375.7,1.61,5440
5350632.00,CT,Halton Hills,2.05225,4353,1703,1674,4353,2121.3,2.05,4355
5350633.00,CT,Halton Hills,3.67276,3379,1424,1386,3379,921.6,3.67,3380
5350634.01,CT,Halton Hills,2.99598,4431,1481,1469,4431,1485.7,2.98,4435
5350634.02,CT,Halton Hills,1.44026,3666,1397,1382,3666,2545.7,1.44,3670
5350635.00,CT,Halton Hills,2.90365,6066,2542,2492,6066,2091.4,2.90,6065
5350636.00,CT,Halton Hills,1.55533,3064,1135,1110,3064,1969.8,1.56,3060
5350637.00,CT,Halton Hills,129.56597,7255,2297,2249,7255,56.3,128.97,7260
5350638.00,CT,Halton Hills,6.73843,6012,2347,2297,6012,935.3,6.43,6010
5350639.00,CT,Halton Hills,10.37409,4450,1545,1527,4450,430.1,10.35,4450
5350800.01,CT,Pickering,1.38655,3107,1461,1404,3107,2907.3,1.07,3105
5350800.02,CT,Pickering,10.69123,4534,1878,1768,4534,431.2,10.51,4535
5350801.01,CT,Pickering,1.86461,3513,1409,1376,3513,2419.8,1.45,3515
5350801.02,CT,Pickering,4.05961,5881,2043,2001,5881,1528.6,3.85,5880
5350802.01,CT,Toronto,2.216,3829,1290,1267,3829,1754.7,2.18,3830
5350802.02,CT,Toronto,2.44031,5675,1844,1826,5675,2511.4,2.26,5675
5350803.03,CT,Pickering,2.97276,5375,1779,1730,5375,1813.3,2.96,5385
5350803.04,CT,Pickering,2.82186,5923,1761,1729,5923,2125.3,2.79,5920
5350803.05,CT,Pickering,2.45935,6831,2101,2085,6831,2782.3,2.46,6835
5350803.06,CT,Pickering,1.56732,5564,1750,1725,5564,3558.5,1.56,5560
5350804.01,CT,Pickering,3.06147,7247,2308,2270,7247,2367.3,3.06,7245
5350804.05,CT,Pickering,3.05651,6786,2228,2177,6786,2220.1,3.06,6785
5350804.06,CT,Pickering,0.81635,3039,1077,1071,3039,3725.6,0.82,3040
5350804.07,CT,Pickering,0.90808,4148,1428,1404,4148,4567.3,0.91,4150
5350804.08,CT,Pickering,2.49075,3663,1180,1163,3663,1472.6,2.49,3660
5350804.10,CT,Pickering,1.49564,4955,2281,2264,4955,3313.3,1.50,4955
5350804.11,CT,Pickering,1.68941,5537,2038,2012,5537,3277.3,1.69,5535
5350804.12,CT,Pickering,7.5347,6694,2027,1988,6694,888.8,7.53,6695
5350804.13,CT,Pickering,1.92949,5012,1411,1358,5012,2605.3,1.92,5010
5350805.04,CT,Ajax,7.10055,7226,2278,2245,7226,1031.6,7.00,7230
5350805.06,CT,Ajax,1.47698,6033,1860,1821,6033,4084.6,1.48,6030
5350805.09,CT,Ajax,1.11841,5667,1640,1616,5667,5066.6,1.12,5670
5350805.10,CT,Ajax,1.18253,6452,2054,2030,6452,5456.7,1.18,6450
5350805.12,CT,Ajax,12.70016,8669,2394,2363,8669,683.0,12.69,8670
5350805.14,CT,Ajax,7.80596,8725,2435,2409,8725,1121.4,7.78,8725
5350805.15,CT,Ajax,8.36155,9412,2607,2575,9412,1130.4,8.33,9415
5350805.16,CT,Ajax,2.06196,7355,1824,1797,7355,3567.1,2.06,7355
5350805.17,CT,Ajax,1.25073,5636,1488,1483,5636,4507.0,1.25,5635
5350805.18,CT,Ajax,0.76295,3048,961,951,3048,3995.8,0.76,3050
5350805.19,CT,Ajax,0.29678,1853,637,630,1853,6241.2,0.30,1855
5350805.20,CT,Ajax,1.71667,4736,1434,1409,4736,2758.8,1.72,4735
5350805.21,CT,Ajax,2.29673,1679,518,509,1679,731.0,2.30,1680
5350806.00,CT,Pickering,62.7469,1559,573,538,1559,25.0,62.46,1555
5350807.00,CT,Pickering,119.92622,2403,897,856,2403,20.1,119.47,2405
5350810.01,CT,Ajax,0.60726,3888,1793,1715,3888,6401.1,0.61,3890
5350810.02,CT,Ajax,0.78372,2404,1009,992,2404,3067.5,0.78,2405
5350810.03,CT,Ajax,1.06838,3092,1213,1208,3092,2894.9,1.07,3090
5350810.04,CT,Ajax,2.53642,5479,2140,2116,5479,2160.2,2.54,5475
5350810.05,CT,Ajax,3.75977,3602,1383,1374,3602,1079.8,3.34,3605
5350811.00,CT,Ajax,3.59011,3752,1622,1608,3752,1054.6,3.56,3750
5350812.00,CT,Ajax,1.5508,6159,2179,2131,6159,3971.5,1.55,6160
5350820.03,CT,Ajax,1.15623,3888,1127,1114,3888,3363.3,1.16,3885
5350820.04,CT,Ajax,0.46924,2764,763,753,2764,5889.6,0.47,2765
5350820.05,CT,Ajax,1.01589,2229,630,624,2229,2213.3,1.01,2230
5350820.06,CT,Ajax,1.65392,1927,830,814,1927,1183.2,1.63,1930
5350820.07,CT,Ajax,1.3329,4002,1286,1262,4002,3017.2,1.33,4005
5350830.00,CT,Uxbridge,188.18382,4596,1705,1588,4596,24.6,186.55,4595
5350831.01,CT,Uxbridge,12.14731,5750,2058,2031,5750,475.3,12.10,5750
5350831.02,CT,Uxbridge,17.74002,6780,2661,2627,6780,385.4,17.59,6780
5350832.00,CT,Uxbridge,205.81278,4050,1522,1417,4050,19.8,204.71,4050
