GeoUID,Type,Region Name,Area (sq km),Population ,Dwellings ,Households ,"v_CA16_401: Population, 2016",v_CA16_406: Population density per square kilometre,v_CA16_407: Land area in square kilometres,v_CA16_1: Age Stats
5350001.00,CT,Toronto,6.62211,595,274,247,595,97.6,6.10,595
5350002.00,CT,Toronto,3.2947,620,279,270,620,195.4,3.17,620
5350003.00,CT,Toronto,0.94253,749,267,258,749,820.5,0.91,755
5350004.00,CT,Toronto,0.34347,6686,3609,3455,6686,19453.0,0.34,6685
5350005.00,CT,Toronto,0.37612,6424,3729,3424,6424,17076.0,0.38,6420
5350006.00,CT,Toronto,0.01288,0,0,0,0,0.0,0.01,0
5350007.01,CT,Toronto,0.19931,3237,1827,1747,3237,16233.7,0.20,3235
5350007.02,CT,Toronto,0.43657,4753,2653,2506,4753,10891.4,0.44,4750
5350008.01,CT,Toronto,0.29723,7503,5192,4954,7503,25262.6,0.30,7500
5350008.02,CT,Toronto,1.83937,9942,6390,6060,9942,5345.7,1.86,9940
5350009.00,CT,Toronto,0.10317,567,169,166,567,5499.5,0.10,565
5350010.01,CT,Toronto,0.26263,5428,3281,3147,5428,20670.2,0.26,5425
5350010.02,CT,Toronto,0.54735,7740,4628,4447,7740,14144.7,0.55,7745
5350011.00,CT,Toronto,0.98037,17549,15207,11891,17549,17903.5,0.98,17555
5350012.01,CT,Toronto,0.41877,11658,7449,6881,11658,27843.3,0.42,11655
5350012.03,CT,Toronto,0.46643,8865,5997,5311,8865,19003.2,0.47,8865
5350012.04,CT,Toronto,0.233,4899,3258,2956,4899,21272.3,0.23,4900
5350013.01,CT,Toronto,0.34314,6290,4499,4059,6290,18332.8,0.34,6290
5350013.02,CT,Toronto,0.41796,8126,5270,4725,8126,19449.5,0.42,8125
5350014.00,CT,Toronto,0.47266,1242,975,691,1242,2628.0,0.47,1240
5350015.00,CT,Toronto,0.28599,3663,2451,2226,3663,12807.7,0.29,3665
5350016.00,CT,Toronto,0.65971,10101,6527,6180,10101,15430.8,0.65,10105
5350017.00,CT,Toronto,1.37531,7906,5250,4663,7906,5889.5,1.34,7905
5350018.00,CT,Toronto,0.35178,2456,1319,1248,2456,7081.9,0.35,2455
5350019.00,CT,Toronto,0.24894,3258,1410,1365,3258,13089.6,0.25,3255
5350020.00,CT,Toronto,0.73862,2390,1028,1014,2390,3236.3,0.74,2390
5350021.00,CT,Toronto,0.86807,5199,2830,2661,5199,5977.9,0.87,5200
5350022.00,CT,Toronto,0.55462,3883,1577,1504,3883,6998.9,0.55,3880
5350023.00,CT,Toronto,0.68635,3208,1355,1286,3208,4673.7,0.69,3205
5350024.00,CT,Toronto,0.70927,6887,3136,2963,6887,9713.7,0.71,6885
5350025.00,CT,Toronto,0.52843,3456,1659,1610,3456,6540.5,0.53,3460
5350026.00,CT,Toronto,0.77719,6486,2894,2695,6486,8344.3,0.78,6485
5350027.00,CT,Toronto,0.48531,4390,1818,1724,4390,9046.0,0.49,4390
5350028.01,CT,Toronto,0.20716,1387,728,684,1387,6690.8,0.21,1385
5350028.02,CT,Toronto,0.46335,6198,3007,2836,6198,13383.7,0.46,6200
5350029.00,CT,Toronto,0.68669,6987,3099,2962,6987,10354.2,0.67,6985
5350030.00,CT,Toronto,0.38708,4529,2319,2195,4529,11893.4,0.38,4530
5350031.00,CT,Toronto,0.26375,6274,2864,2765,6274,24270.8,0.26,6270
5350032.00,CT,Toronto,0.4197,5363,2976,2641,5363,12781.2,0.42,5360
5350033.00,CT,Toronto,0.31957,5042,3010,2733,5042,15780.9,0.32,5045
5350034.01,CT,Toronto,0.12455,4554,2884,2268,4554,36578.3,0.12,4555
5350034.02,CT,Toronto,0.39824,5147,3409,3055,5147,12922.4,0.40,5145
5350035.00,CT,Toronto,0.66273,9876,6772,5707,9876,14900.4,0.66,9880
5350036.00,CT,Toronto,0.38343,5487,3641,3272,5487,14311.4,0.38,5490
5350037.00,CT,Toronto,0.45102,4494,2463,2116,4494,9957.9,0.45,4490
5350038.00,CT,Toronto,0.36616,3772,1820,1638,3772,10303.2,0.37,3775
5350039.00,CT,Toronto,0.31773,4192,1821,1709,4192,13186.5,0.32,4190
5350040.00,CT,Toronto,0.36873,4568,1961,1788,4568,12396.2,0.37,4570
5350041.00,CT,Toronto,0.31712,3453,1588,1453,3453,10889.3,0.32,3450
5350042.00,CT,Toronto,0.48994,4570,2150,1965,4570,9328.4,0.49,4570
5350043.00,CT,Toronto,0.55392,3965,1863,1704,3965,7158.3,0.55,3960
5350044.00,CT,Toronto,0.49064,8825,5124,4629,8825,17988.2,0.49,8825
5350045.00,CT,Toronto,0.29514,3453,1567,1468,3453,11693.2,0.30,3455
5350046.00,CT,Toronto,0.42036,3281,1404,1330,3281,7808.2,0.42,3280
5350047.02,CT,Toronto,0.28694,3791,2083,1947,3791,13209.1,0.29,3790
5350047.03,CT,Toronto,0.11809,703,376,361,703,5952.6,0.12,700
5350047.04,CT,Toronto,0.27379,2846,1253,1180,2846,10394.4,0.27,2845
5350048.00,CT,Toronto,0.3349,3557,1660,1560,3557,10617.9,0.34,3555
5350049.00,CT,Toronto,0.46479,3663,1506,1426,3663,7879.1,0.46,3665
5350050.01,CT,Toronto,1.46504,8746,4553,4336,8746,6816.8,1.28,8750
5350050.03,CT,Toronto,1.92412,1109,606,590,1109,653.2,1.70,1110
5350050.04,CT,Toronto,0.77861,5008,2291,2212,5008,6589.5,0.76,5010
5350051.00,CT,Toronto,0.69119,5399,2570,2313,5399,7807.7,0.69,5400
5350052.00,CT,Toronto,0.50129,4077,1933,1839,4077,8134.5,0.50,4075
5350053.00,CT,Toronto,0.68317,5982,2840,2712,5982,8755.9,0.68,5985
5350054.00,CT,Toronto,0.70239,5803,2975,2724,5803,8261.7,0.70,5805
5350055.00,CT,Toronto,0.27636,2763,1403,1320,2763,10000.0,0.28,2760
5350056.00,CT,Toronto,0.50948,4772,2170,2018,4772,9367.9,0.51,4770
5350057.00,CT,Toronto,0.26644,2311,1226,1108,2311,8674.9,0.27,2310
5350058.00,CT,Toronto,0.38414,3980,2063,1888,3980,10351.1,0.38,3980
5350059.00,CT,Toronto,0.36663,3837,1621,1447,3837,10466.4,0.37,3835
5350060.00,CT,Toronto,0.27159,2685,1669,1471,2685,9885.9,0.27,2685
5350061.00,CT,Toronto,0.76722,1085,536,475,1085,1414.2,0.77,1085
5350062.01,CT,Toronto,0.10685,5595,3852,3302,5595,52387.6,0.11,5595
5350062.02,CT,Toronto,0.58534,9084,6837,5374,9084,15520.2,0.59,9085
5350063.03,CT,Toronto,0.09338,5104,3640,3405,5104,54646.7,0.09,5105
5350063.04,CT,Toronto,0.14093,3370,2409,2264,3370,23917.7,0.14,3370
5350063.05,CT,Toronto,0.12992,4331,3429,2943,4331,33315.4,0.13,4330
5350063.06,CT,Toronto,0.19221,5171,3761,3519,5171,26890.3,0.19,5170
5350064.00,CT,Toronto,0.19472,4311,2898,2683,4311,22130.4,0.19,4310
5350065.01,CT,Toronto,0.08613,2483,1496,1394,2483,28872.1,0.09,2480
5350065.02,CT,Toronto,0.14341,11821,5715,5481,11821,82433.8,0.14,11820
5350066.00,CT,Toronto,0.32848,7608,4597,4425,7608,23166.9,0.33,7610
5350067.00,CT,Toronto,0.66344,1694,868,814,1694,2600.6,0.65,1690
5350068.00,CT,Toronto,0.43058,2367,1296,1203,2367,5655.9,0.42,2370
5350069.00,CT,Toronto,0.87273,4923,2011,1894,4923,5734.4,0.86,4925
5350070.00,CT,Toronto,0.44642,3512,1774,1712,3512,7980.0,0.44,3515
5350071.00,CT,Toronto,0.46398,3481,1521,1402,3481,7498.9,0.46,3485
5350072.01,CT,Toronto,0.40518,4586,1949,1864,4586,11315.1,0.41,4590
5350072.02,CT,Toronto,0.5369,3141,1320,1261,3141,5850.3,0.54,3140
5350073.00,CT,Toronto,0.35718,2605,1077,1007,2605,7292.8,0.36,2605
5350074.00,CT,Toronto,0.3998,3848,1710,1598,3848,9624.8,0.40,3850
5350075.00,CT,Toronto,0.49858,4083,1839,1760,4083,8190.6,0.50,4085
5350076.00,CT,Toronto,0.45744,4415,1993,1937,4415,9646.1,0.46,4415
5350077.00,CT,Toronto,0.6104,4670,1968,1907,4670,7652.0,0.61,4670
5350078.00,CT,Toronto,0.77495,6016,2980,2854,6016,7760.6,0.78,6015
5350079.00,CT,Toronto,1.01839,7327,2986,2887,7327,7194.6,1.02,7330
5350080.01,CT,Toronto,0.47192,3352,1496,1428,3352,7104.7,0.47,3355
5350080.02,CT,Toronto,0.39054,4686,2073,2011,4686,11996.9,0.39,4685
5350081.00,CT,Toronto,0.36798,2848,1140,1076,2848,7741.2,0.37,2850
5350082.00,CT,Toronto,0.3084,2766,1060,1027,2766,8971.8,0.31,2765
5350083.00,CT,Toronto,0.44642,4052,1908,1822,4052,9077.1,0.45,4050
5350084.00,CT,Toronto,0.40903,3810,1613,1498,3810,9317.7,0.41,3810
5350085.00,CT,Toronto,0.49901,3994,2154,2078,3994,8112.9,0.49,3995
5350086.00,CT,Toronto,1.1385,2661,965,921,2661,2337.1,1.14,2660
5350087.00,CT,Toronto,1.60971,5155,2652,2491,5155,3218.5,1.60,5155
5350088.00,CT,Toronto,0.22973,3249,1997,1821,3249,14144.5,0.23,3255
5350089.00,CT,Toronto,0.32969,3896,2995,2345,3896,11816.8,0.33,3895
5350090.00,CT,Toronto,0.39427,4144,2584,2347,4144,10512.4,0.39,4145
5350091.01,CT,Toronto,0.51145,6031,3639,3224,6031,11788.5,0.51,6030
5350091.02,CT,Toronto,0.32714,3525,2288,2009,3525,10773.2,0.33,3525
5350092.00,CT,Toronto,0.62885,7278,4113,3718,7278,11576.3,0.63,7275
5350093.00,CT,Toronto,0.61785,5652,2490,2291,5652,9148.6,0.62,5655
5350094.00,CT,Toronto,0.63892,4950,2177,2048,4950,7742.8,0.64,4950
5350095.00,CT,Toronto,0.31549,3095,1392,1319,3095,9809.8,0.32,3095
5350096.01,CT,Toronto,0.20053,1658,694,658,1658,8265.2,0.20,1660
5350096.02,CT,Toronto,0.34918,3336,1494,1398,3336,9553.3,0.35,3335
5350097.01,CT,Toronto,0.3825,4322,1758,1621,4322,11305.3,0.38,4320
5350097.03,CT,Toronto,0.17179,1207,783,679,1207,7029.7,0.17,1205
5350097.04,CT,Toronto,0.32489,5462,2528,2392,5462,16816.5,0.32,5465
5350098.00,CT,Toronto,0.71535,7099,3123,3002,7099,9924.5,0.72,7100
5350099.00,CT,Toronto,0.5813,6585,3380,3241,6585,11326.1,0.58,6585
5350100.00,CT,Toronto,0.28925,2956,1492,1432,2956,10224.8,0.29,2955
5350101.00,CT,Toronto,0.43014,3128,1595,1464,3128,7272.7,0.43,3125
5350102.02,CT,Toronto,0.11566,4313,2688,2535,4313,37309.7,0.12,4315
5350102.03,CT,Toronto,0.13087,3682,2178,2095,3682,28128.3,0.13,3680
5350102.04,CT,Toronto,0.10129,671,309,285,671,6623.9,0.10,670
5350102.05,CT,Toronto,0.11899,861,359,340,861,7235.3,0.12,865
5350103.00,CT,Toronto,0.83794,6050,2627,2527,6050,7221.3,0.84,6050
5350104.00,CT,Toronto,0.73732,5525,2141,2054,5525,7491.5,0.74,5525
5350105.00,CT,Toronto,0.55453,4509,1917,1790,4509,8133.1,0.55,4510
5350106.00,CT,Toronto,1.37076,3773,1427,1343,3773,2752.4,1.37,3775
5350107.00,CT,Toronto,0.71899,5085,1880,1751,5085,7074.3,0.72,5085
5350108.00,CT,Toronto,0.73607,6013,2679,2475,6013,8168.7,0.74,6015
5350109.00,CT,Toronto,0.62602,5496,2299,2203,5496,8778.2,0.63,5500
5350110.00,CT,Toronto,0.54554,3577,1557,1434,3577,6556.1,0.55,3575
5350111.00,CT,Toronto,0.45581,2507,968,902,2507,5499.0,0.46,2510
5350112.00,CT,Toronto,0.50172,5295,2181,2035,5295,10556.2,0.50,5295
5350113.00,CT,Toronto,0.38225,2754,1197,1118,2754,7203.8,0.38,2755
5350114.00,CT,Toronto,0.62462,5349,2471,2369,5349,8561.1,0.62,5350
5350115.00,CT,Toronto,0.37543,4372,1670,1597,4372,11652.5,0.38,4370
5350116.00,CT,Toronto,0.67913,4628,2044,1921,4628,6827.0,0.68,4630
5350117.00,CT,Toronto,0.39107,2211,1165,1106,2211,5653.3,0.39,2215
5350118.00,CT,Toronto,0.69384,4127,2183,1990,4127,5948.4,0.69,4125
5350119.00,CT,Toronto,0.8519,4630,2485,2310,4630,5436.8,0.85,4630
5350120.00,CT,Toronto,0.25722,1381,697,654,1381,5367.3,0.26,1380
5350121.00,CT,Toronto,0.29736,2659,1629,1448,2659,8946.8,0.30,2660
5350122.00,CT,Toronto,0.53381,6220,3655,3443,6220,11654.5,0.53,6220
5350123.00,CT,Toronto,0.07501,2268,1494,1467,2268,30240.0,0.08,2265
5350124.00,CT,Toronto,0.55675,5416,3470,3278,5416,9725.3,0.56,5415
5350125.00,CT,Toronto,1.12047,4442,1618,1543,4442,3965.7,1.12,4445
5350126.00,CT,Toronto,1.44927,4248,1746,1693,4248,2931.3,1.45,4245
5350127.00,CT,Toronto,0.74046,5450,2325,2236,5450,7358.9,0.74,5450
5350128.02,CT,Toronto,0.51869,8705,5052,4766,8705,16779.1,0.52,8705
5350128.04,CT,Toronto,0.16199,4698,2994,2927,4698,29000.0,0.16,4695
5350128.05,CT,Toronto,0.18163,945,366,304,945,5203.7,0.18,945
5350128.06,CT,Toronto,0.08584,4199,2601,2523,4199,48882.4,0.09,4195
5350129.00,CT,Toronto,0.92741,5770,2787,2622,5770,6221.7,0.93,5770
5350130.00,CT,Toronto,1.27901,3543,1365,1279,3543,2769.5,1.28,3545
5350131.00,CT,Toronto,1.04439,5310,2505,2360,5310,5083.3,1.04,5310
5350132.00,CT,Toronto,0.92464,5467,2155,2038,5467,5912.8,0.92,5465
5350133.00,CT,Toronto,0.66745,7339,3629,3408,7339,10998.1,0.67,7340
5350134.00,CT,Toronto,0.41704,2959,1076,1033,2959,7092.5,0.42,2960
5350135.00,CT,Toronto,0.71622,6047,3316,3054,6047,8442.0,0.72,6045
5350136.01,CT,Toronto,0.19196,6128,4023,3779,6128,31916.7,0.19,6125
5350136.02,CT,Toronto,0.21013,4983,3459,3198,4983,23706.0,0.21,4980
5350137.00,CT,Toronto,0.91421,7077,3644,3509,7077,7740.3,0.91,7080
5350138.00,CT,Toronto,0.96546,3103,1250,1181,3103,3214.2,0.97,3105
5350139.01,CT,Toronto,0.7736,4167,1904,1824,4167,5385.8,0.77,4165
5350139.02,CT,Toronto,0.50952,2542,961,920,2542,4989.2,0.51,2540
5350140.00,CT,Toronto,0.57204,2408,826,791,2408,4209.8,0.57,2405
5350141.01,CT,Toronto,0.55041,4320,1685,1620,4320,7854.5,0.55,4320
5350141.02,CT,Toronto,0.68759,4477,1624,1561,4477,6512.0,0.69,4475
5350142.00,CT,Toronto,1.04392,5810,2313,2237,5810,5565.7,1.04,5810
5350150.00,CT,Toronto,1.10899,4201,1640,1586,4201,3939.4,1.07,4200
5350151.00,CT,Toronto,0.65559,3784,1577,1535,3784,5979.8,0.63,3785
5350152.00,CT,Toronto,0.85463,4545,1846,1764,4545,5317.7,0.85,4545
5350153.00,CT,Toronto,0.92761,4462,1783,1685,4462,4811.3,0.93,4465
5350154.00,CT,Toronto,2.15888,6157,2899,2818,6157,2936.0,2.10,6155
5350155.00,CT,Toronto,0.81296,3128,1316,1206,3128,3848.4,0.81,3130
5350156.01,CT,Toronto,0.60545,5688,2365,2273,5688,9395.4,0.61,5690
5350156.02,CT,Toronto,0.59201,2811,1124,1073,2811,4747.5,0.59,2810
5350157.00,CT,Toronto,0.48528,2635,1107,1016,2635,5689.9,0.46,2635
5350158.00,CT,Toronto,0.63989,2848,1346,1250,2848,4451.4,0.64,2845
5350159.01,CT,Toronto,0.49247,3487,1386,1223,3487,7081.6,0.49,3490
5350159.02,CT,Toronto,0.57532,4723,1843,1709,4723,8209.6,0.58,4725
5350160.00,CT,Toronto,0.73445,3116,1246,1143,3116,4241.2,0.73,3115
5350161.00,CT,Toronto,0.81126,6839,2689,2537,6839,8432.8,0.81,6835
5350162.00,CT,Toronto,0.57575,5119,2059,1952,5119,8890.2,0.58,5120
5350163.00,CT,Toronto,0.45422,4358,1882,1762,4358,9590.7,0.45,4360
5350164.00,CT,Toronto,0.62823,6258,2629,2515,6258,9966.6,0.63,6255
5350165.00,CT,Toronto,0.48493,4370,2031,1943,4370,9012.2,0.48,4370
5350166.00,CT,Toronto,0.78603,4180,1691,1625,4180,5317.4,0.79,4180
5350167.01,CT,Toronto,0.13411,1879,1483,1312,1879,14001.5,0.13,1880
5350167.02,CT,Toronto,0.60145,5815,3143,2998,5815,9667.5,0.60,5815
5350168.00,CT,Toronto,0.56552,5475,2665,2458,5475,9678.3,0.57,5475
5350169.01,CT,Toronto,0.3781,3472,1457,1334,3472,9182.8,0.38,3475
5350169.02,CT,Toronto,0.43778,7464,3318,3202,7464,17041.1,0.44,7465
5350170.00,CT,Toronto,1.01423,3321,1305,1201,3321,3274.8,1.01,3320
5350171.00,CT,Toronto,0.6081,4055,1613,1522,4055,6668.3,0.61,4055
5350172.00,CT,Toronto,1.21015,2522,1183,1128,2522,2083.8,1.21,2520
5350173.00,CT,Toronto,0.60145,3694,1528,1438,3694,6141.3,0.60,3695
5350174.00,CT,Toronto,1.06328,7264,2751,2723,7264,6928.0,1.05,7260
5350175.01,CT,Toronto,0.80126,6036,2551,2406,6036,7676.5,0.79,6040
5350175.02,CT,Toronto,0.74248,7679,3813,3585,7679,10824.6,0.71,7680
5350176.00,CT,Toronto,1.00471,4277,1697,1609,4277,4257.4,1.00,4270
5350180.00,CT,Toronto,0.6138,6556,2875,2765,6556,10679.3,0.61,6560
5350181.01,CT,Toronto,0.57055,4313,1940,1858,4313,7560.0,0.57,4310
5350181.02,CT,Toronto,0.60182,3552,1664,1591,3552,5901.3,0.60,3550
5350182.00,CT,Toronto,0.7605,5531,2297,2186,5531,7272.8,0.76,5535
5350183.01,CT,Toronto,0.52409,2603,1048,1007,2603,4966.6,0.52,2605
5350183.02,CT,Toronto,0.42813,3938,1584,1522,3938,9196.6,0.43,3940
5350184.01,CT,Toronto,0.47406,5108,2346,2307,5108,10767.3,0.47,5105
5350184.02,CT,Toronto,0.56201,3768,1694,1642,3768,6757.5,0.56,3765
5350185.01,CT,Toronto,0.49919,6810,3507,3394,6810,13647.3,0.50,6810
5350185.02,CT,Toronto,1.22887,4689,2305,2269,4689,3921.6,1.20,4685
5350186.00,CT,Toronto,1.91076,2416,949,913,2416,1297.7,1.86,2420
5350187.00,CT,Toronto,1.21045,3448,1424,1351,3448,2878.1,1.20,3445
5350188.00,CT,Toronto,0.55199,2017,842,797,2017,3655.3,0.55,2020
5350189.00,CT,Toronto,1.23951,5462,2226,2180,5462,4406.3,1.24,5460
5350190.01,CT,Toronto,0.40227,9127,3577,3507,9127,22681.4,0.40,9125
5350190.02,CT,Toronto,0.5813,4765,2102,2026,4765,8197.1,0.58,4765
5350191.00,CT,Toronto,0.82303,4229,1853,1779,4229,5137.3,0.82,4230
5350192.00,CT,Toronto,0.92037,905,462,440,905,986.8,0.92,900
5350193.00,CT,Toronto,1.41592,3314,1070,1043,3314,2396.2,1.38,3315
5350194.01,CT,Toronto,0.2315,5498,1482,1463,5498,24922.9,0.22,5495
5350194.02,CT,Toronto,0.34635,6240,1934,1923,6240,18013.9,0.35,6240
5350194.03,CT,Toronto,0.25016,2933,1238,1229,2933,11722.6,0.25,2935
5350194.04,CT,Toronto,2.29209,6437,2571,2508,6437,2813.5,2.29,6435
5350195.01,CT,Toronto,0.9462,4483,1656,1604,4483,4737.4,0.95,4480
5350195.02,CT,Toronto,0.37813,2317,920,894,2317,6124.8,0.38,2315
5350196.01,CT,Toronto,0.3774,1977,811,775,1977,5237.1,0.38,1980
5350196.02,CT,Toronto,1.10548,5635,2376,2250,5635,5097.7,1.11,5635
5350200.01,CT,Toronto,0.6408,5614,3143,3055,5614,10524.9,0.53,5615
5350200.02,CT,Toronto,0.14209,981,680,649,981,6903.6,0.14,980
5350201.00,CT,Toronto,0.75952,5371,2989,2776,5371,7138.5,0.75,5370
5350202.00,CT,Toronto,0.33589,1647,653,631,1647,4903.2,0.34,1645
5350203.00,CT,Toronto,0.58927,3160,1507,1431,3160,5364.1,0.59,3160
5350204.00,CT,Toronto,0.74088,4537,2310,2210,4537,6122.8,0.74,4535
5350205.00,CT,Toronto,0.73372,149,0,0,149,204.8,0.73,0
5350206.01,CT,Toronto,1.13878,4217,2151,2041,4217,3783.8,1.11,4220
5350206.02,CT,Toronto,1.08513,5867,2994,2774,5867,5406.9,1.09,5865
5350207.00,CT,Toronto,0.67366,2605,1285,1181,2605,3867.3,0.67,2605
5350208.00,CT,Toronto,1.29403,4172,2062,1981,4172,3223.9,1.29,4175
5350209.00,CT,Toronto,0.69308,2718,1338,1252,2718,3922.1,0.69,2715
5350210.01,CT,Toronto,2.96012,3083,1008,971,3083,1041.6,2.96,3080
5350210.02,CT,Toronto,0.94935,11390,9168,7016,11390,12511.0,0.91,11390
5350211.00,CT,Toronto,3.27116,6350,2512,2447,6350,1941.2,3.27,6345
5350212.00,CT,Toronto,1.70654,5704,2220,2169,5704,3397.9,1.68,5700
5350213.01,CT,Toronto,0.94226,2666,1021,990,2666,2829.5,0.94,2665
5350213.02,CT,Toronto,7.04474,6045,3246,3134,6045,864.7,6.99,6050
5350214.00,CT,Toronto,2.82378,5069,2466,2389,5069,1794.9,2.82,5070
5350215.00,CT,Toronto,2.60049,6748,2991,2789,6748,2600.0,2.60,6750
5350216.00,CT,Toronto,1.9993,5532,2238,2163,5532,2793.5,1.98,5535
5350217.00,CT,Toronto,1.33055,5692,2917,2756,5692,4704.5,1.21,5695
5350218.00,CT,Toronto,0.683,2652,1060,1025,2652,3882.3,0.68,2655
5350219.00,CT,Toronto,1.36063,4427,1690,1644,4427,3254.0,1.36,4430
5350220.00,CT,Toronto,1.32212,4177,1597,1584,4177,3219.5,1.30,4180
5350221.01,CT,Toronto,1.64542,6377,2751,2725,6377,3925.8,1.62,6380
5350221.02,CT,Toronto,0.80501,5202,2167,2064,5202,6461.3,0.81,5205
5350222.01,CT,Toronto,1.28483,6699,2626,2557,6699,5213.2,1.29,6695
5350222.02,CT,Toronto,1.2002,5141,1830,1782,5141,4283.1,1.20,5140
5350223.01,CT,Toronto,0.87242,1522,536,530,1522,1744.6,0.87,1520
5350223.02,CT,Toronto,0.87247,2136,793,771,2136,2449.0,0.87,2135
5350224.00,CT,Toronto,1.04417,1696,578,573,1696,1624.1,1.04,1695
5350225.01,CT,Toronto,0.93466,4981,2387,2316,4981,5330.1,0.93,4980
5350225.02,CT,Toronto,0.3048,9706,5006,4859,9706,31843.8,0.30,9710
5350226.00,CT,Toronto,0.95333,3167,1262,1212,3167,3321.8,0.95,3165
5350227.00,CT,Toronto,0.49184,1750,637,626,1750,3558.4,0.49,1750
5350228.00,CT,Toronto,0.883,3131,1418,1362,3131,3829.5,0.82,3135
5350229.00,CT,Toronto,0.32031,1223,393,384,1223,3819.5,0.32,1225
5350230.01,CT,Toronto,1.50655,2537,1109,1082,2537,1752.3,1.45,2535
5350230.02,CT,Toronto,0.98584,6537,2775,2606,6537,6631.2,0.99,6540
5350231.00,CT,Toronto,3.02848,6461,2722,2566,6461,2133.5,3.03,6460
5350232.00,CT,Toronto,2.04605,3825,1348,1306,3825,1869.5,2.05,3825
5350233.00,CT,Toronto,2.0806,5530,2032,1982,5530,2658.3,2.08,5530
5350234.00,CT,Toronto,2.11718,4524,1645,1600,4524,2136.7,2.12,4520
5350235.01,CT,Toronto,1.40707,2841,1009,997,2841,2019.3,1.41,2840
5350235.02,CT,Toronto,1.07805,5277,2039,2010,5277,4894.7,1.08,5280
5350236.01,CT,Toronto,0.98685,6646,2560,2519,6646,6734.9,0.99,6645
5350236.02,CT,Toronto,4.07421,5946,2284,2256,5946,1504.1,3.95,5945
5350237.01,CT,Toronto,1.18532,6816,2468,2410,6816,5750.4,1.19,6815
5350237.02,CT,Toronto,0.95503,2986,1077,1061,2986,3126.0,0.96,2985
5350237.03,CT,Toronto,1.06898,5638,2626,2544,5638,5274.1,1.07,5640
5350238.01,CT,Toronto,1.03807,3350,1259,1231,3350,3227.0,1.04,3350
5350238.02,CT,Toronto,0.98177,5244,2070,1953,5244,5342.3,0.98,5245
5350239.00,CT,Toronto,2.55782,6481,2511,2383,6481,2561.6,2.53,6480
5350240.01,CT,Toronto,1.27269,3366,1291,1263,3366,2644.8,1.27,3365
5350240.02,CT,Toronto,1.04495,6043,2621,2558,6043,5782.8,1.05,6040
5350241.00,CT,Toronto,1.0982,3231,1030,1003,3231,2967.2,1.09,3230
5350242.00,CT,Toronto,0.67084,1674,610,575,1674,2759.2,0.61,1675
5350243.01,CT,Toronto,0.31518,6658,2236,2142,6658,21129.8,0.32,6660
5350243.02,CT,Toronto,1.2154,3617,1342,1304,3617,2975.7,1.22,3615
5350244.01,CT,Toronto,1.45046,5677,2009,1945,5677,3957.2,1.43,5680
5350244.02,CT,Toronto,1.46584,3779,1335,1274,3779,2640.3,1.43,3780
5350245.00,CT,Toronto,1.42111,6934,2672,2567,6934,4879.7,1.42,6935
5350246.00,CT,Toronto,1.0727,3595,1317,1279,3595,3351.0,1.07,3595
5350247.01,CT,Toronto,17.35024,8727,2931,2748,8727,504.8,17.29,8725
5350247.02,CT,Toronto,3.22582,7167,2537,2385,7167,2221.5,3.23,7170
5350248.02,CT,Toronto,1.23696,5671,1864,1784,5671,4688.3,1.21,5670
5350248.03,CT,Toronto,3.79608,2619,789,754,2619,701.7,3.73,2620
5350248.04,CT,Toronto,1.51177,4771,1671,1496,4771,3220.0,1.48,4770
5350248.05,CT,Toronto,1.15519,4332,1413,1310,4332,3859.9,1.12,4330
5350249.01,CT,Toronto,0.82975,4650,1428,1341,4650,5603.8,0.83,4645
5350249.03,CT,Toronto,2.96801,5696,1704,1592,5696,1922.3,2.96,5695
5350249.04,CT,Toronto,0.68632,3344,999,952,3344,4872.5,0.69,3345
5350249.05,CT,Toronto,0.64364,5476,1584,1534,5476,8507.1,0.64,5475
5350250.01,CT,Toronto,1.40913,5432,1618,1545,5432,3940.2,1.38,5430
5350250.02,CT,Toronto,1.99197,4928,1854,1735,4928,2559.7,1.93,4925
5350250.04,CT,Toronto,0.50556,6206,2057,1994,6206,12840.9,0.48,6205
5350250.05,CT,Toronto,0.70576,7607,2288,2270,7607,11273.0,0.67,7605
5350260.01,CT,Toronto,0.7288,6748,2431,2398,6748,9423.3,0.72,6745
5350260.04,CT,Toronto,0.1881,4147,1498,1480,4147,22046.8,0.19,4150
5350260.05,CT,Toronto,0.2543,4020,1369,1332,4020,15808.1,0.25,4020
5350260.06,CT,Toronto,0.95204,3348,1132,1116,3348,3603.9,0.93,3350
5350260.07,CT,Toronto,0.35737,3670,1534,1504,3670,10693.5,0.34,3670
5350261.00,CT,Toronto,1.92395,5501,2284,2194,5501,2881.0,1.91,5500
5350262.01,CT,Toronto,0.67091,5736,2752,2728,5736,8549.7,0.67,5735
5350262.02,CT,Toronto,2.16555,6273,2526,2490,6273,2931.9,2.14,6275
5350263.02,CT,Toronto,2.00598,3471,1680,1629,3471,1730.1,2.01,3470
5350263.03,CT,Toronto,1.56059,4906,2106,2060,4906,3143.3,1.56,4905
5350263.04,CT,Toronto,0.69962,6531,3616,3536,6531,9694.2,0.67,6535
5350264.00,CT,Toronto,3.46534,1301,482,435,1301,375.4,3.47,1300
5350265.00,CT,Toronto,2.6864,4756,1855,1742,4756,1773.2,2.68,4755
5350266.00,CT,Toronto,2.76338,3209,1141,1064,3209,1163.8,2.76,3205
5350267.00,CT,Toronto,2.71113,6368,2133,2062,6368,2350.9,2.71,6365
5350268.00,CT,Toronto,3.0571,6419,2938,2837,6419,2120.7,3.03,6415
5350269.01,CT,Toronto,0.75312,5056,2354,2081,5056,6811.3,0.74,5055
5350269.02,CT,Toronto,1.76908,2569,951,923,2569,1477.8,1.74,2570
5350270.01,CT,Toronto,1.12407,4980,2117,1953,4980,4431.0,1.12,4980
5350270.02,CT,Toronto,0.75775,4264,1636,1611,4264,5639.5,0.76,4265
5350271.01,CT,Toronto,0.8935,2429,899,893,2429,2718.5,0.89,2430
5350271.02,CT,Toronto,0.7092,4815,1765,1749,4815,6791.3,0.71,4815
5350272.01,CT,Toronto,0.4552,5987,2408,2342,5987,13152.5,0.46,5990
5350272.02,CT,Toronto,0.99884,4705,1791,1763,4705,4711.1,1.00,4705
5350273.01,CT,Toronto,3.20658,4014,1311,1231,4014,1258.9,3.19,4015
5350273.02,CT,Toronto,1.28882,4160,1530,1477,4160,3228.1,1.29,4160
5350274.01,CT,Toronto,1.52481,4900,1788,1756,4900,3213.3,1.52,4900
5350274.02,CT,Toronto,1.33137,4738,2056,1964,4738,3558.7,1.33,4740
5350275.00,CT,Toronto,1.97559,5836,2451,2347,5836,2953.6,1.98,5835
5350276.01,CT,Toronto,1.22609,6446,2764,2642,6446,5257.3,1.23,6450
5350276.02,CT,Toronto,1.28263,6870,2514,2398,6870,5354.6,1.28,6870
5350277.00,CT,Toronto,1.02778,4084,1323,1220,4084,3973.1,1.03,4085
5350278.00,CT,Toronto,1.3337,7734,2944,2679,7734,5798.0,1.33,7735
5350279.01,CT,Toronto,1.21444,4028,1665,1523,4028,3317.1,1.21,4030
5350279.02,CT,Toronto,1.57835,6503,2195,2117,6503,4120.5,1.58,6505
5350280.00,CT,Toronto,2.14172,7333,2993,2920,7333,3424.1,2.14,7330
5350281.01,CT,Toronto,0.96206,6484,2324,2256,6484,6740.8,0.96,6480
5350281.02,CT,Toronto,0.41638,3940,1350,1306,3940,9462.1,0.42,3940
5350282.00,CT,Toronto,2.22534,4480,1663,1607,4480,2021.4,2.22,4480
5350283.01,CT,Toronto,0.9285,5399,1965,1938,5399,5814.8,0.93,5400
5350283.02,CT,Toronto,1.16712,4542,1761,1712,4542,3892.0,1.17,4540
5350284.00,CT,Toronto,1.41266,6840,2427,2349,6840,4841.8,1.41,6840
5350285.00,CT,Toronto,1.1118,3271,1269,1207,3271,2942.6,1.11,3270
5350286.00,CT,Toronto,3.24625,4273,1987,1704,4273,1316.1,3.25,4270
5350287.02,CT,Toronto,1.05804,6732,2401,2246,6732,6364.8,1.06,6730
5350287.03,CT,Toronto,0.48415,3432,1444,1305,3432,7088.0,0.48,3430
5350287.04,CT,Toronto,0.59394,4474,2069,2017,4474,7530.7,0.59,4470
5350288.00,CT,Toronto,2.63071,9970,4165,4002,9970,3790.9,2.63,9970
5350289.00,CT,Toronto,1.3028,4713,1779,1725,4713,3618.7,1.30,4715
5350290.01,CT,Toronto,0.94404,3620,1515,1475,3620,3834.3,0.94,3620
5350290.02,CT,Toronto,0.34585,1534,782,717,1534,4434.8,0.35,1535
5350291.02,CT,Toronto,1.14643,4947,2010,1927,4947,4315.6,1.15,4950
5350291.03,CT,Toronto,0.41741,2302,945,903,2302,5516.4,0.42,2300
5350291.04,CT,Toronto,0.51571,1585,680,654,1585,3073.5,0.52,1585
5350292.00,CT,Toronto,3.74218,6721,2893,2247,6721,1796.3,3.74,6720
5350293.00,CT,Toronto,2.0619,6242,2197,2103,6242,3132.4,1.99,6245
5350294.01,CT,Toronto,0.85923,4386,1586,1547,4386,5104.2,0.86,4390
5350294.02,CT,Toronto,1.02545,4504,1453,1384,4504,4392.0,1.03,4505
5350295.00,CT,Toronto,1.0824,5180,2035,1907,5180,4785.7,1.08,5180
5350296.00,CT,Toronto,4.6433,64,19,19,64,13.8,4.64,65
5350297.01,CT,Toronto,1.13952,7313,3119,3027,7313,6417.7,1.14,7310
5350297.02,CT,Toronto,1.50956,6502,2716,2552,6502,4306.5,1.51,6500
5350298.00,CT,Toronto,2.27223,4661,1605,1566,4661,2051.1,2.27,4660
5350299.01,CT,Toronto,2.89291,6256,2319,2207,6256,2162.5,2.89,6260
5350299.02,CT,Toronto,0.1593,5247,3019,2815,5247,32937.9,0.16,5245
5350300.00,CT,Toronto,1.03364,13667,7532,6956,13667,13220.2,1.03,13665
5350301.01,CT,Toronto,0.90166,2915,1087,1071,2915,3253.3,0.90,2915
5350301.03,CT,Toronto,0.2736,6949,2944,2789,6949,25398.4,0.27,6950
5350301.04,CT,Toronto,1.42622,5859,2615,2502,5859,4107.8,1.43,5860
5350302.01,CT,Toronto,1.22921,6253,2406,2358,6253,5088.3,1.23,6250
5350302.02,CT,Toronto,1.08389,6140,2092,2037,6140,5663.7,1.08,6140
5350302.03,CT,Toronto,0.69385,3425,1205,1124,3425,4935.9,0.69,3425
5350303.00,CT,Toronto,1.06327,5355,1893,1819,5355,5035.7,1.06,5355
5350304.01,CT,Toronto,0.24931,4541,1633,1610,4541,18215.0,0.25,4545
5350304.02,CT,Toronto,1.21224,4777,1885,1832,4777,3941.1,1.21,4775
5350304.03,CT,Toronto,0.99547,2898,994,968,2898,2998.1,0.97,2895
5350304.04,CT,Toronto,0.23444,3724,1415,1404,3724,15887.4,0.23,3725
5350304.05,CT,Toronto,0.703,2847,1112,1096,2847,4050.4,0.70,2845
5350304.06,CT,Toronto,0.74893,5807,2258,2207,5807,7754.0,0.75,5805
5350305.01,CT,Toronto,2.44425,4451,1626,1564,4451,1842.0,2.42,4450
5350305.03,CT,Toronto,0.71145,4914,2338,2178,4914,6907.5,0.71,4910
5350305.04,CT,Toronto,1.00966,9133,5153,4822,9133,9093.0,1.00,9135
5350306.01,CT,Toronto,1.17222,4574,1586,1478,4574,3902.4,1.17,4575
5350306.02,CT,Toronto,1.11852,4793,1831,1714,4793,4283.3,1.12,4795
5350307.03,CT,Toronto,0.11011,5039,2359,2238,5039,45726.0,0.11,5040
5350307.04,CT,Toronto,0.15295,7035,3530,3360,7035,45980.4,0.15,7035
5350307.05,CT,Toronto,0.10463,3581,2038,1926,3581,34235.2,0.10,3580
5350307.06,CT,Toronto,0.10419,5424,2374,2266,5424,52053.7,0.10,5425
5350307.07,CT,Toronto,1.22458,6321,2651,2366,6321,5160.8,1.22,6320
5350308.02,CT,Toronto,1.42465,4310,1688,1588,4310,3025.0,1.42,4310
5350308.03,CT,Toronto,0.39669,1147,425,385,1147,2891.4,0.40,1145
5350308.04,CT,Toronto,1.08521,11479,5941,5576,11479,10577.8,1.09,11475
5350309.00,CT,Toronto,0.74182,6383,2354,2308,6383,8605.9,0.74,6380
5350310.01,CT,Toronto,1.42763,3512,1271,1204,3512,2470.3,1.42,3515
5350310.02,CT,Toronto,2.23548,5048,2028,1858,5048,2357.4,2.14,5045
5350311.02,CT,Toronto,0.89054,5823,2308,2141,5823,6536.8,0.89,5825
5350311.03,CT,Toronto,0.79713,2651,923,863,2651,3326.2,0.80,2650
5350311.04,CT,Toronto,0.95755,6552,2436,2247,6552,6845.7,0.96,6555
5350311.05,CT,Toronto,0.34549,6823,2681,2593,6823,19748.2,0.35,6825
5350311.06,CT,Toronto,10.24442,5744,2703,2326,5744,561.4,10.23,5745
5350312.02,CT,Toronto,0.524,3448,1185,1077,3448,6580.2,0.52,3445
5350312.03,CT,Toronto,1.48726,6420,2219,2164,6420,4316.5,1.49,6420
5350312.04,CT,Toronto,0.72554,5763,1820,1718,5763,7942.4,0.73,5765
5350312.05,CT,Toronto,0.34587,3836,1348,1295,3836,11089.9,0.35,3835
5350312.06,CT,Toronto,0.45844,3444,1086,1058,3444,7513.1,0.46,3445
5350312.07,CT,Toronto,0.6247,3076,1312,1221,3076,4929.5,0.62,3075
5350313.00,CT,Toronto,2.89834,5554,1945,1808,5554,1938.6,2.86,5555
5350314.01,CT,Toronto,0.4281,5036,1741,1676,5036,11766.4,0.43,5040
5350314.02,CT,Toronto,1.12467,4955,1704,1568,4955,4610.6,1.07,4955
5350315.01,CT,Toronto,1.51758,3368,1223,1122,3368,2285.1,1.47,3365
5350315.02,CT,Toronto,0.42796,3543,1170,1076,3543,8283.8,0.43,3545
5350315.03,CT,Toronto,6.01015,5505,1895,1699,5505,915.9,6.01,5505
5350316.01,CT,Toronto,1.7746,3910,1301,1224,3910,2203.2,1.77,3910
5350316.03,CT,Toronto,0.40066,5888,2039,1948,5888,14694.3,0.40,5890
5350316.04,CT,Toronto,0.46506,4275,1760,1679,4275,9193.5,0.47,4275
5350316.05,CT,Toronto,0.40614,3992,1373,1309,3992,9827.7,0.41,3990
5350316.06,CT,Toronto,0.40499,3672,1198,1164,3672,9064.4,0.41,3670
5350317.02,CT,Toronto,0.43231,7347,3408,3336,7347,16999.1,0.43,7350
5350317.03,CT,Toronto,1.19309,3688,1264,1245,3688,3090.8,1.19,3690
5350317.04,CT,Toronto,0.72206,6627,2594,2534,6627,9179.9,0.72,6625
5350317.05,CT,Toronto,0.54133,2229,834,811,2229,4499.4,0.50,2230
5350318.00,CT,Toronto,1.90637,8574,3568,3330,8574,4497.7,1.91,8575
5350319.00,CT,Toronto,1.20157,4191,1616,1527,4191,3487.8,1.20,4190
5350320.01,CT,Toronto,0.73678,5197,2103,2036,5197,7054.4,0.74,5195
5350320.02,CT,Toronto,0.85276,5869,2129,2067,5869,6883.7,0.85,5870
5350321.01,CT,Toronto,1.25768,3830,1340,1258,3830,3046.0,1.26,3830
5350321.02,CT,Toronto,1.2172,4030,1497,1429,4030,3310.6,1.22,4030
5350322.01,CT,Toronto,0.20805,4737,2371,2242,4737,22774.0,0.21,4735
5350322.02,CT,Toronto,1.40695,3500,1262,1185,3500,2487.4,1.41,3500
5350323.01,CT,Toronto,1.04061,4289,1746,1706,4289,4148.4,1.03,4290
5350323.02,CT,Toronto,1.85999,5367,1935,1849,5367,2895.3,1.85,5365
5350324.01,CT,Toronto,1.1954,3498,1214,1143,3498,2958.9,1.18,3500
5350324.02,CT,Toronto,1.89369,6123,2256,2133,6123,3233.9,1.89,6125
5350324.03,CT,Toronto,2.16991,3862,1762,1701,3862,1781.9,2.17,3860
5350324.05,CT,Toronto,0.65612,3388,1405,1382,3388,5163.1,0.66,3390
5350324.06,CT,Toronto,0.65762,3561,1219,1182,3561,5433.3,0.66,3560
5350330.00,CT,Toronto,2.19348,4288,1757,1730,4288,1954.7,2.19,4285
5350331.01,CT,Toronto,1.52013,5629,2287,2261,5629,3703.0,1.52,5625
5350331.03,CT,Toronto,0.51039,6162,1931,1877,6162,12072.9,0.51,6160
5350331.04,CT,Toronto,1.06015,3212,1288,1261,3212,3029.9,1.06,3210
5350332.00,CT,Toronto,1.52621,7350,2914,2785,7350,4815.6,1.53,7350
5350333.00,CT,Toronto,2.39935,4695,1710,1644,4695,1956.9,2.40,4695
5350334.00,CT,Toronto,2.38519,3500,1358,1274,3500,1470.2,2.38,3500
5350335.00,CT,Toronto,2.23151,7740,3026,2984,7740,3468.1,2.23,7740
5350336.00,CT,Toronto,1.63381,6772,2553,2393,6772,4144.2,1.63,6770
5350337.01,CT,Toronto,0.20168,721,357,316,721,3574.6,0.20,720
5350337.02,CT,Toronto,0.61933,2155,888,862,2155,3480.3,0.62,2155
5350338.00,CT,Toronto,1.65013,5956,2729,2627,5956,3609.5,1.65,5955
5350339.00,CT,Toronto,1.83851,6687,3110,3000,6687,3664.7,1.82,6685
5350340.00,CT,Toronto,1.27488,6771,2557,2457,6771,5310.6,1.28,6770
5350341.02,CT,Toronto,0.77866,4379,1860,1777,4379,5624.9,0.78,4380
5350341.03,CT,Toronto,0.40538,3436,1465,1334,3436,8475.6,0.41,3435
5350341.04,CT,Toronto,0.67099,6030,2261,2171,6030,8986.6,0.67,6030
5350342.00,CT,Toronto,1.23297,7561,2414,2376,7561,6133.2,1.23,7565
5350343.00,CT,Toronto,1.09816,4218,1620,1517,4218,3841.5,1.10,4220
5350344.01,CT,Toronto,1.06274,5186,1990,1880,5186,4879.1,1.06,5185
5350344.02,CT,Toronto,0.22083,3365,1850,1829,3365,15240.0,0.22,3365
5350345.00,CT,Toronto,0.78754,3938,1328,1258,3938,5000.6,0.79,3940
5350346.01,CT,Toronto,1.51998,4634,1717,1609,4634,3048.9,1.52,4630
5350346.02,CT,Toronto,0.40049,5388,2066,2029,5388,13449.8,0.40,5385
5350347.00,CT,Toronto,1.50409,2833,931,924,2833,1883.4,1.50,2835
5350348.00,CT,Toronto,2.31904,5601,2007,1972,5601,2417.9,2.32,5605
5350349.00,CT,Toronto,0.87617,5720,2335,2309,5720,6528.9,0.88,5720
5350350.00,CT,Toronto,3.36166,5419,2063,1986,5419,1612.0,3.36,5420
5350351.01,CT,Toronto,0.97486,5497,2130,2051,5497,5639.1,0.97,5500
5350351.02,CT,Toronto,0.56565,2756,1116,1088,2756,4871.8,0.57,2755
5350352.00,CT,Toronto,1.12712,5309,1945,1892,5309,4709.5,1.13,5310
5350353.02,CT,Toronto,1.21341,5305,1697,1649,5305,4372.4,1.21,5305
5350353.03,CT,Toronto,0.40919,3107,1100,1075,3107,7596.6,0.41,3105
5350353.04,CT,Toronto,0.62956,4509,1650,1590,4509,7162.8,0.63,4510
5350354.00,CT,Toronto,1.33283,5403,1826,1695,5403,4053.3,1.33,5400
5350355.02,CT,Toronto,1.105,5214,1980,1919,5214,4718.1,1.11,5215
5350355.04,CT,Toronto,0.577,5270,1810,1776,5270,9131.9,0.58,5270
5350355.05,CT,Toronto,0.31432,3033,1056,993,3033,9650.0,0.31,3035
5350355.06,CT,Toronto,0.1923,1643,603,559,1643,8543.9,0.19,1640
5350356.00,CT,Toronto,1.55598,4833,1633,1555,4833,3109.4,1.55,4830
5350357.01,CT,Toronto,1.05106,7123,2490,2404,7123,6776.7,1.05,7120
5350357.02,CT,Toronto,1.10589,4940,1774,1693,4940,4467.0,1.11,4940
5350358.01,CT,Toronto,1.11013,3397,1180,1129,3397,3060.4,1.11,3395
5350358.02,CT,Toronto,0.61791,4732,2021,1955,4732,7657.0,0.62,4735
5350358.03,CT,Toronto,1.09741,5598,2304,2217,5598,5101.1,1.10,5595
5350359.00,CT,Toronto,2.23634,7558,2773,2687,7558,3380.0,2.24,7555
5350360.00,CT,Toronto,4.55616,6107,2040,1998,6107,1352.0,4.52,6105
5350361.01,CT,Toronto,2.95729,5804,1963,1928,5804,1981.7,2.93,5810
5350361.02,CT,Toronto,2.46272,7558,2476,2451,7558,3075.6,2.46,7555
5350362.01,CT,Toronto,2.52879,6300,2153,2083,6300,2540.7,2.48,6300
5350362.02,CT,Toronto,1.94349,5628,1731,1626,5628,2895.8,1.94,5625
5350362.03,CT,Toronto,3.30258,6866,2176,2074,6866,2107.9,3.26,6870
5350362.04,CT,Toronto,1.35308,5019,1796,1756,5019,3709.5,1.35,5020
5350363.02,CT,Toronto,1.19757,3253,1115,1106,3253,2716.5,1.20,3255
5350363.04,CT,Toronto,1.12713,3668,1119,1106,3668,3254.1,1.13,3670
5350363.05,CT,Toronto,0.50329,4538,1776,1694,4538,9018.3,0.50,4540
5350363.06,CT,Toronto,0.82891,7307,3439,3326,7307,8815.3,0.83,7305
5350363.07,CT,Toronto,2.27654,5338,1971,1925,5338,2344.6,2.28,5335
5350364.01,CT,Toronto,2.90673,5996,2034,1973,5996,2062.7,2.91,5995
5350364.02,CT,Toronto,0.74379,3053,1004,957,3053,4104.6,0.74,3050
5350365.00,CT,Toronto,1.5674,6497,2028,1946,6497,4145.3,1.57,6495
5350366.00,CT,Toronto,1.44064,6136,2143,2069,6136,4260.2,1.44,6135
5350367.01,CT,Toronto,0.71324,4710,1398,1375,4710,6605.9,0.71,4710
5350367.02,CT,Toronto,1.03068,3548,1218,1186,3548,3442.7,1.03,3545
5350368.01,CT,Toronto,0.88847,6843,3786,3582,6843,7702.6,0.89,6845
5350368.02,CT,Toronto,1.57328,4315,1464,1399,4315,2742.5,1.57,4315
5350369.00,CT,Toronto,2.4665,8094,2520,2441,8094,3281.6,2.47,8100
5350370.01,CT,Toronto,1.76665,9977,3792,3725,9977,5648.2,1.77,9975
5350370.02,CT,Toronto,2.27382,5580,1849,1803,5580,2454.0,2.27,5580
5350370.03,CT,Toronto,0.85723,4137,1409,1357,4137,4826.2,0.86,4135
5350371.00,CT,Toronto,3.71523,7626,2691,2570,7626,2052.7,3.72,7625
5350372.00,CT,Toronto,1.33184,4346,1504,1440,4346,3263.0,1.33,4350
5350373.00,CT,Toronto,0.96069,4806,1869,1801,4806,5002.1,0.96,4805
5350374.01,CT,Toronto,1.18795,4848,1717,1656,4848,4081.8,1.19,4850
5350374.02,CT,Toronto,0.80225,3215,1084,1053,3215,4007.7,0.80,3215
5350374.03,CT,Toronto,0.80821,4184,1718,1655,4184,5176.9,0.81,4185
5350375.01,CT,Toronto,0.95309,6324,2817,2733,6324,6633.1,0.95,6320
5350375.02,CT,Toronto,0.61463,1959,702,694,1959,3214.1,0.61,1960
5350375.03,CT,Toronto,0.81361,5318,1917,1866,5318,6537.2,0.81,5315
5350375.04,CT,Toronto,0.92428,5300,1667,1633,5300,5733.4,0.92,5300
5350375.05,CT,Toronto,1.13069,7208,2484,2449,7208,6374.8,1.13,7210
5350376.01,CT,Toronto,1.04665,5094,1697,1584,5094,4866.3,1.05,5095
5350376.02,CT,Toronto,0.8583,5176,1656,1614,5176,6067.3,0.85,5175
5350376.04,CT,Toronto,1.19406,5460,1866,1804,5460,4572.9,1.19,5460
5350376.05,CT,Toronto,1.30767,6860,2045,1998,6860,5328.2,1.29,6860
5350376.06,CT,Toronto,2.19192,484,229,219,484,220.8,2.19,485
5350376.08,CT,Toronto,0.87879,6157,2176,2123,6157,7006.1,0.88,6155
5350376.09,CT,Toronto,0.80105,4638,1644,1602,4638,5790.3,0.80,4640
5350376.11,CT,Toronto,0.47044,3416,1067,1014,3416,7257.3,0.47,3415
5350376.12,CT,Toronto,0.91215,5318,1922,1887,5318,5829.2,0.91,5320
5350376.13,CT,Toronto,0.51098,3902,1386,1362,3902,7636.0,0.51,3905
5350376.14,CT,Toronto,0.7362,3763,1091,1053,3763,5110.7,0.74,3765
5350376.15,CT,Toronto,0.92289,3696,1574,1518,3696,4016.5,0.92,3695
5350376.16,CT,Toronto,0.27148,4226,1672,1621,4226,15565.4,0.27,4225
5350377.01,CT,Toronto,2.06027,8996,3752,3574,8996,4366.1,2.06,8995
5350377.02,CT,Toronto,1.90596,4405,1493,1407,4405,2311.2,1.91,4405
5350377.03,CT,Toronto,0.65012,2815,892,868,2815,4329.4,0.65,2815
5350377.04,CT,Toronto,0.88332,5939,1746,1682,5939,6722.1,0.88,5940
5350377.06,CT,Toronto,0.51169,3809,1001,980,3809,7442.4,0.51,3810
5350377.07,CT,Toronto,0.76461,4857,1321,1282,4857,6351.5,0.76,4860
5350378.02,CT,Toronto,1.05954,3257,979,929,3257,3073.8,1.06,3260
5350378.03,CT,Toronto,2.20691,7363,2503,2434,7363,3336.5,2.21,7360
5350378.04,CT,Toronto,1.27906,6148,1826,1753,6148,4806.5,1.28,6150
5350378.05,CT,Toronto,0.72757,3907,1235,1201,3907,5369.7,0.73,3905
5350378.06,CT,Toronto,1.7906,6063,1754,1671,6063,3386.2,1.79,6065
5350378.07,CT,Toronto,2.80032,7099,2311,2226,7099,2535.2,2.80,7095
5350378.08,CT,Toronto,0.88574,6263,1997,1953,6263,7071.2,0.89,6260
5350378.11,CT,Toronto,0.96337,5693,1748,1713,5693,5910.5,0.96,5695
5350378.12,CT,Toronto,0.78391,5181,1904,1828,5181,6609.3,0.78,5180
5350378.14,CT,Toronto,0.92913,3892,1184,1168,3892,4189.0,0.93,3895
5350378.16,CT,Toronto,0.63484,6103,2005,1923,6103,9615.6,0.63,6105
5350378.17,CT,Toronto,0.47397,3336,961,903,3336,7036.5,0.47,3335
5350378.18,CT,Toronto,0.09093,2765,1114,1100,2765,30384.6,0.09,2765
5350378.19,CT,Toronto,4.51592,5162,1438,1411,5162,1146.1,4.50,5165
5350378.20,CT,Toronto,0.10951,2093,775,769,2093,19114.2,0.11,2095
5350378.21,CT,Toronto,0.70181,3948,1056,1043,3948,5623.9,0.70,3950
5350378.22,CT,Toronto,0.53214,3454,891,877,3454,6492.5,0.53,3455
5350378.23,CT,Toronto,1.53025,4095,1334,1302,4095,2676.3,1.53,4090
5350378.24,CT,Toronto,2.52877,6109,2218,2147,6109,2415.7,2.53,6110
5350378.25,CT,Toronto,4.76673,7931,1885,1858,7931,1664.2,4.77,7930
5350378.26,CT,Toronto,1.66052,4761,1165,1144,4761,2927.5,1.63,4760
5350378.27,CT,Toronto,20.2249,5806,1556,1530,5806,290.3,20.00,5800
5350378.28,CT,Toronto,2.25257,7175,2041,1925,7175,3236.4,2.22,7175
5350802.01,CT,Toronto,2.216,3829,1290,1267,3829,1754.7,2.18,3830
5350802.02,CT,Toronto,2.44031,5675,1844,1826,5675,2511.4,2.26,5675
