,v_CA16_5807: Bicycle,GeoUID,Type,Region Name,Area (sq km),Population ,Dwellings ,Households ,v_CA16_488: Total lone-parent families by sex of parent,v_CA16_491: Total - Couple census families in private households - 100% data,v_CA16_497: Total - Lone-parent census families in private households - 100% data,v_CA16_502: Total - Persons not in census families in private households - 100% data,v_CA16_501: Total - Persons not in census families in private households - 100% data,v_CA16_503: Total - Persons not in census families in private households - 100% data,v_CA16_505: One-census-family households,v_CA16_508: Multiple-census-family households,v_CA16_509: Non-census-family households
0,30,5350001.0,CT,Toronto,6.62211,595,274,247,25,150,25,65,115,50,170,5,75
1,75,5350002.0,CT,Toronto,3.2947,620,279,270,35,150,30,45,115,75,180,0,85
2,20,5350003.0,CT,Toronto,0.94253,749,267,258,20,110,20,75,150,80,120,5,130
3,385,5350004.0,CT,Toronto,0.34347,6686,3609,3455,310,1015,310,1460,2770,1305,1275,25,2160
4,320,5350005.0,CT,Toronto,0.37611999999999995,6424,3729,3424,375,980,375,1285,2640,1355,1305,25,2090
5,x,5350006.0,CT,Toronto,0.01288,0,0,0,x,x,x,x,x,x,x,x,x
6,185,5350007.01,CT,Toronto,0.19931,3237,1827,1747,150,540,155,740,1340,600,665,10,1070
7,235,5350007.02,CT,Toronto,0.43656999999999996,4753,2653,2506,280,720,280,1045,1905,855,970,15,1520
8,325,5350008.01,CT,Toronto,0.29723,7503,5192,4954,90,1625,85,1840,3760,1920,1705,0,3245
9,400,5350008.02,CT,Toronto,1.8393700000000002,9942,6390,6060,325,1955,330,2205,4525,2320,2235,25,3805
10,10,5350009.0,CT,Toronto,0.10317,567,169,166,25,35,25,75,135,65,60,0,105
11,225,5350010.01,CT,Toronto,0.26263000000000003,5428,3281,3147,215,1135,215,995,2160,1160,1325,15,1810
12,370,5350010.02,CT,Toronto,0.54735,7740,4628,4447,230,1480,230,1605,3300,1695,1645,35,2770
13,450,5350011.0,CT,Toronto,0.9803700000000001,17549,15207,11891,210,3185,210,5165,9935,4770,3365,20,8515
14,380,5350012.01,CT,Toronto,0.41877,11658,7449,6881,350,2060,355,3025,5830,2810,2360,30,4495
15,140,5350012.03,CT,Toronto,0.46643,8865,5997,5311,170,1750,170,2475,4405,1935,1865,25,3420
16,90,5350012.04,CT,Toronto,0.233,4899,3258,2956,115,1040,115,1120,2240,1120,1140,10,1810
17,40,5350013.01,CT,Toronto,0.34314,6290,4499,4059,155,1245,155,1540,3095,1550,1385,5,2665
18,65,5350013.02,CT,Toronto,0.41796000000000005,8126,5270,4725,180,1900,180,1590,3125,1535,2030,25,2670
19,10,5350014.0,CT,Toronto,0.47266,1242,975,691,35,275,35,260,445,190,300,5,385
20,25,5350015.0,CT,Toronto,0.28599,3663,2451,2226,110,775,110,755,1545,790,875,5,1345
21,350,5350016.0,CT,Toronto,0.65971,10101,6527,6180,240,2030,235,2225,4440,2215,2245,10,3920
22,330,5350017.0,CT,Toronto,1.37531,7906,5250,4663,475,1390,470,1490,3250,1760,1835,15,2815
23,135,5350018.0,CT,Toronto,0.35178000000000004,2456,1319,1248,85,505,85,430,815,385,570,10,665
24,120,5350019.0,CT,Toronto,0.24894000000000002,3258,1410,1365,215,595,210,380,770,390,770,20,575
25,35,5350020.0,CT,Toronto,0.7386199999999999,2390,1028,1014,80,615,85,120,375,255,675,10,325
26,180,5350021.0,CT,Toronto,0.8680700000000001,5199,2830,2661,225,1125,225,640,1520,880,1310,20,1330
27,85,5350022.0,CT,Toronto,0.55462,3883,1577,1504,160,930,160,225,520,290,1070,10,420
28,55,5350023.0,CT,Toronto,0.68635,3208,1355,1286,115,785,115,185,460,275,875,15,395
29,215,5350024.0,CT,Toronto,0.70927,6887,3136,2963,315,1575,315,600,1335,735,1850,20,1095
30,105,5350025.0,CT,Toronto,0.5284300000000001,3456,1659,1610,180,760,185,400,835,430,915,10,680
31,250,5350026.0,CT,Toronto,0.7771899999999999,6486,2894,2695,380,1390,375,695,1400,705,1640,60,995
32,165,5350027.0,CT,Toronto,0.48531,4390,1818,1724,250,925,245,430,930,495,1055,55,615
33,50,5350028.01,CT,Toronto,0.20715999999999998,1387,728,684,50,325,50,180,375,195,360,5,315
34,240,5350028.02,CT,Toronto,0.46335,6198,3007,2836,235,1350,230,805,1715,915,1495,40,1300
35,325,5350029.0,CT,Toronto,0.6866899999999999,6987,3099,2962,375,1445,375,895,1770,875,1655,80,1230
36,190,5350030.0,CT,Toronto,0.38708000000000004,4529,2319,2195,260,775,260,875,1525,650,1000,15,1180
37,110,5350031.0,CT,Toronto,0.26375,6274,2864,2765,460,970,460,965,1685,725,1360,35,1370
38,225,5350032.0,CT,Toronto,0.4197,5363,2976,2641,185,560,185,1535,2275,745,730,10,1900
39,115,5350033.0,CT,Toronto,0.31956999999999997,5042,3010,2733,300,545,300,1425,2310,890,815,15,1905
40,70,5350034.01,CT,Toronto,0.12455,4554,2884,2268,95,670,100,1130,2145,1010,755,10,1505
41,95,5350034.02,CT,Toronto,0.39824,5147,3409,3055,190,785,190,1435,2595,1155,970,5,2085
42,120,5350035.0,CT,Toronto,0.66273,9876,6772,5707,340,1525,345,2345,5135,2790,1835,15,3855
43,210,5350036.0,CT,Toronto,0.38343,5487,3641,3272,175,880,175,1390,2925,1530,1000,25,2245
44,290,5350037.0,CT,Toronto,0.45102,4494,2463,2116,170,540,165,1250,2435,1190,650,30,1440
45,275,5350038.0,CT,Toronto,0.36616,3772,1820,1638,160,535,155,975,1805,835,580,50,1005
46,165,5350039.0,CT,Toronto,0.31773,4192,1821,1709,365,565,365,655,1385,730,790,65,855
47,305,5350040.0,CT,Toronto,0.36873,4568,1961,1788,225,910,225,750,1500,745,960,80,745
48,310,5350041.0,CT,Toronto,0.31711999999999996,3453,1588,1453,150,680,150,595,1170,580,760,35,660
49,450,5350042.0,CT,Toronto,0.48994,4570,2150,1965,190,915,190,715,1550,840,990,55,925
50,315,5350043.0,CT,Toronto,0.55392,3965,1863,1704,135,840,135,580,1185,605,890,40,770
51,740,5350044.0,CT,Toronto,0.49063999999999997,8825,5124,4629,235,1610,235,1830,3905,2075,1750,50,2830
52,290,5350045.0,CT,Toronto,0.29514,3453,1567,1468,160,655,160,530,1085,555,745,35,690
53,230,5350046.0,CT,Toronto,0.42036,3281,1404,1330,225,670,225,400,810,410,810,40,480
54,215,5350047.02,CT,Toronto,0.28694000000000003,3791,2083,1947,185,640,180,855,1480,625,765,25,1150
55,85,5350047.03,CT,Toronto,0.11809000000000001,703,376,361,25,150,25,135,245,110,165,5,195
56,215,5350047.04,CT,Toronto,0.27379000000000003,2846,1253,1180,115,620,115,340,705,365,705,15,460
57,265,5350048.0,CT,Toronto,0.3349,3557,1660,1560,120,770,120,450,950,505,880,10,675
58,230,5350049.0,CT,Toronto,0.46479,3663,1506,1426,125,710,125,395,810,420,805,15,605
59,140,5350050.01,CT,Toronto,1.46504,8746,4553,4336,320,2110,320,855,2215,1365,2375,25,1935
60,10,5350050.03,CT,Toronto,1.92412,1109,606,590,35,275,35,130,330,195,310,0,280
61,105,5350050.04,CT,Toronto,0.77861,5008,2291,2212,305,1035,310,425,1040,620,1295,25,895
62,325,5350051.0,CT,Toronto,0.69119,5399,2570,2313,180,1190,180,630,1365,735,1310,25,975
63,295,5350052.0,CT,Toronto,0.50129,4077,1933,1839,170,900,170,455,1055,600,1035,15,790
64,355,5350053.0,CT,Toronto,0.6831699999999999,5982,2840,2712,250,1300,245,950,1845,900,1410,70,1235
65,420,5350054.0,CT,Toronto,0.70239,5803,2975,2724,245,1145,245,955,2015,1060,1305,40,1380
66,320,5350055.0,CT,Toronto,0.27636,2763,1403,1320,90,540,95,520,1075,555,605,15,700
67,495,5350056.0,CT,Toronto,0.50948,4772,2170,2018,195,950,190,750,1695,950,1030,55,935
68,210,5350057.0,CT,Toronto,0.26644,2311,1226,1108,80,430,80,455,960,500,475,15,615
69,445,5350058.0,CT,Toronto,0.38414,3980,2063,1888,120,795,120,755,1585,830,855,25,1005
70,390,5350059.0,CT,Toronto,0.36663,3837,1621,1447,115,595,115,665,1370,705,675,20,755
71,150,5350060.0,CT,Toronto,0.27159,2685,1669,1471,80,480,80,695,1310,615,540,10,925
72,15,5350061.0,CT,Toronto,0.76722,1085,536,475,20,115,25,165,415,245,130,5,340
73,90,5350062.01,CT,Toronto,0.10685,5595,3852,3302,145,1120,145,1030,2495,1465,1260,5,2040
74,105,5350062.02,CT,Toronto,0.58534,9084,6837,5374,270,1390,270,2345,5045,2700,1620,20,3735
75,135,5350063.03,CT,Toronto,0.09337999999999999,5104,3640,3405,115,905,115,1540,2820,1280,1000,10,2395
76,115,5350063.04,CT,Toronto,0.14093,3370,2409,2264,75,500,75,1220,1970,745,570,0,1685
77,120,5350063.05,CT,Toronto,0.12992,4331,3429,2943,90,720,95,1300,2535,1235,800,5,2135
78,130,5350063.06,CT,Toronto,0.19221,5171,3761,3519,75,795,75,1965,3175,1215,860,5,2655
79,175,5350064.0,CT,Toronto,0.19472,4311,2898,2683,85,760,85,1380,2225,845,835,5,1840
80,70,5350065.01,CT,Toronto,0.08613,2483,1496,1394,60,400,60,750,1245,500,450,5,940
81,230,5350065.02,CT,Toronto,0.14340999999999998,11821,5715,5481,795,1855,800,2160,3980,1820,2535,55,2890
82,325,5350066.0,CT,Toronto,0.32848,7608,4597,4425,220,1210,220,2140,3600,1455,1400,15,3010
83,125,5350067.0,CT,Toronto,0.6634399999999999,1694,868,814,50,450,45,235,420,190,485,5,320
84,260,5350068.0,CT,Toronto,0.43058,2367,1296,1203,110,555,110,350,695,345,655,5,545
85,305,5350069.0,CT,Toronto,0.8727299999999999,4923,2011,1894,205,1160,205,425,890,470,1280,40,575
86,125,5350070.0,CT,Toronto,0.44642,3512,1774,1712,105,700,105,465,1080,610,790,10,910
87,185,5350071.0,CT,Toronto,0.46398,3481,1521,1402,180,785,180,240,590,350,940,10,450
88,160,5350072.01,CT,Toronto,0.40518000000000004,4586,1949,1864,395,840,390,405,920,515,1125,55,690
89,145,5350072.02,CT,Toronto,0.5369,3141,1320,1261,140,725,135,300,600,295,800,30,435
90,80,5350073.0,CT,Toronto,0.35718,2605,1077,1007,155,555,155,295,575,275,625,45,340
91,205,5350074.0,CT,Toronto,0.3998,3848,1710,1598,275,765,275,445,870,420,960,40,595
92,125,5350075.0,CT,Toronto,0.49858,4083,1839,1760,180,890,180,385,975,585,990,40,730
93,115,5350076.0,CT,Toronto,0.45743999999999996,4415,1993,1937,260,955,260,395,965,570,1150,30,760
94,160,5350077.0,CT,Toronto,0.6104,4670,1968,1907,235,1040,240,405,830,420,1230,25,650
95,135,5350078.0,CT,Toronto,0.77495,6016,2980,2854,335,1275,335,750,1450,700,1585,10,1255
96,135,5350079.0,CT,Toronto,1.01839,7327,2986,2887,360,1670,360,435,1050,615,1980,25,885
97,45,5350080.01,CT,Toronto,0.47192,3352,1496,1428,190,740,190,310,720,410,880,25,520
98,50,5350080.02,CT,Toronto,0.39054,4686,2073,2011,335,800,335,665,1265,595,1035,45,930
99,75,5350081.0,CT,Toronto,0.36798000000000003,2848,1140,1076,140,640,135,240,495,250,725,25,325
100,95,5350082.0,CT,Toronto,0.3084,2766,1060,1027,115,635,115,245,495,250,700,25,305
101,125,5350083.0,CT,Toronto,0.44642,4052,1908,1822,155,885,150,535,1040,510,970,30,820
102,120,5350084.0,CT,Toronto,0.40903,3810,1613,1498,130,850,130,295,725,425,940,20,535
103,135,5350085.0,CT,Toronto,0.49901,3994,2154,2078,140,815,140,655,1365,705,925,15,1140
104,25,5350086.0,CT,Toronto,1.1385,2661,965,921,85,655,85,105,280,170,730,5,185
105,135,5350087.0,CT,Toronto,1.60971,5155,2652,2491,130,1290,125,435,1260,825,1375,20,1090
106,40,5350088.0,CT,Toronto,0.22973000000000002,3249,1997,1821,105,695,100,540,1215,675,800,0,1020
107,35,5350089.0,CT,Toronto,0.32969,3896,2995,2345,105,815,105,655,1540,885,890,10,1440
108,55,5350090.0,CT,Toronto,0.39427,4144,2584,2347,120,865,120,575,1500,925,975,5,1365
109,245,5350091.01,CT,Toronto,0.51145,6031,3639,3224,140,1095,140,1070,2405,1335,1215,10,2000
110,230,5350091.02,CT,Toronto,0.32714,3525,2288,2009,125,550,120,795,1665,870,655,10,1345
111,560,5350092.0,CT,Toronto,0.62885,7278,4113,3718,170,1370,175,1495,3090,1595,1495,20,2205
112,550,5350093.0,CT,Toronto,0.61785,5652,2490,2291,235,1115,235,725,1530,810,1295,25,970
113,370,5350094.0,CT,Toronto,0.6389199999999999,4950,2177,2048,280,1015,280,625,1350,730,1205,40,800
114,270,5350095.0,CT,Toronto,0.31549,3095,1392,1319,130,660,125,460,970,505,720,35,560
115,135,5350096.01,CT,Toronto,0.20052999999999999,1658,694,658,75,350,70,240,450,210,385,20,250
116,240,5350096.02,CT,Toronto,0.34918000000000005,3336,1494,1398,165,690,165,505,1000,490,775,35,590
117,215,5350097.01,CT,Toronto,0.3825,4322,1758,1621,210,800,205,650,1225,570,860,75,685
118,45,5350097.03,CT,Toronto,0.17179,1207,783,679,70,155,70,385,580,195,195,15,470
119,230,5350097.04,CT,Toronto,0.32489,5462,2528,2392,230,1160,230,815,1620,800,1230,75,1085
120,305,5350098.0,CT,Toronto,0.71535,7099,3123,3002,395,1495,395,865,1785,920,1720,80,1200
121,230,5350099.0,CT,Toronto,0.5813,6585,3380,3241,275,1375,275,1020,2055,1030,1595,25,1615
122,135,5350100.0,CT,Toronto,0.28925,2956,1492,1432,130,615,130,390,860,470,715,15,695
123,155,5350101.0,CT,Toronto,0.43013999999999997,3128,1595,1464,135,700,130,435,880,450,800,10,650
124,65,5350102.02,CT,Toronto,0.11565999999999999,4313,2688,2535,210,835,210,715,1705,990,1035,5,1495
125,80,5350102.03,CT,Toronto,0.13087000000000001,3682,2178,2095,175,800,180,560,1255,695,965,5,1125
126,15,5350102.04,CT,Toronto,0.10128999999999999,671,309,285,20,165,20,55,145,90,180,5,100
127,30,5350102.05,CT,Toronto,0.11899000000000001,861,359,340,25,210,25,75,175,100,225,5,115
128,145,5350103.0,CT,Toronto,0.83794,6050,2627,2527,180,1445,180,460,1155,695,1595,15,915
129,130,5350104.0,CT,Toronto,0.73732,5525,2141,2054,175,1375,175,300,730,430,1500,20,530
130,200,5350105.0,CT,Toronto,0.55453,4509,1917,1790,170,1015,170,410,915,505,1130,25,630
131,35,5350106.0,CT,Toronto,1.37076,3773,1427,1343,265,760,265,395,730,335,865,80,400
132,70,5350107.0,CT,Toronto,0.71899,5085,1880,1751,340,1075,340,430,825,395,1235,85,430
133,135,5350108.0,CT,Toronto,0.73607,6013,2679,2475,425,1125,425,840,1475,635,1345,100,1030
134,170,5350109.0,CT,Toronto,0.62602,5496,2299,2203,325,1260,325,600,1140,540,1460,55,685
135,60,5350110.0,CT,Toronto,0.5455399999999999,3577,1557,1434,215,795,215,390,785,385,900,55,480
136,25,5350111.0,CT,Toronto,0.45581000000000005,2507,968,902,165,590,170,160,335,175,670,40,190
137,140,5350112.0,CT,Toronto,0.5017199999999999,5295,2181,2035,305,1190,305,495,1000,505,1370,65,605
138,130,5350113.0,CT,Toronto,0.38225,2754,1197,1118,140,590,140,295,640,345,695,20,410
139,190,5350114.0,CT,Toronto,0.62462,5349,2471,2369,255,1050,255,635,1470,835,1235,35,1105
140,240,5350115.0,CT,Toronto,0.37543000000000004,4372,1670,1597,305,785,300,380,895,510,995,45,550
141,180,5350116.0,CT,Toronto,0.67913,4628,2044,1921,190,895,190,450,1095,645,1055,15,855
142,70,5350117.0,CT,Toronto,0.39107,2211,1165,1106,75,510,75,305,680,380,570,5,530
143,100,5350118.0,CT,Toronto,0.69384,4127,2183,1990,130,985,130,355,1080,725,1100,10,880
144,45,5350119.0,CT,Toronto,0.8519,4630,2485,2310,110,1070,110,460,1325,865,1155,10,1140
145,30,5350120.0,CT,Toronto,0.25722,1381,697,654,45,365,45,115,280,165,405,0,245
146,10,5350121.0,CT,Toronto,0.29736,2659,1629,1448,75,590,75,300,870,570,670,0,780
147,90,5350122.0,CT,Toronto,0.53381,6220,3655,3443,190,1395,190,730,2180,1445,1560,15,1870
148,25,5350123.0,CT,Toronto,0.07501000000000001,2268,1494,1467,80,415,85,505,1100,590,495,0,970
149,75,5350124.0,CT,Toronto,0.55675,5416,3470,3278,155,1140,155,760,2180,1420,1285,5,1990
150,50,5350125.0,CT,Toronto,1.12047,4442,1618,1543,130,1135,130,135,380,245,1255,5,280
151,60,5350126.0,CT,Toronto,1.44927,4248,1746,1693,165,1025,165,210,660,445,1165,15,515
152,65,5350127.0,CT,Toronto,0.74046,5450,2325,2236,205,1295,205,335,900,565,1475,15,745
153,70,5350128.02,CT,Toronto,0.51869,8705,5052,4766,290,1780,290,1285,3080,1795,2045,10,2705
154,30,5350128.04,CT,Toronto,0.16199000000000002,4698,2994,2927,195,850,200,800,2080,1270,1040,0,1880
155,20,5350128.05,CT,Toronto,0.18162999999999999,945,366,304,25,180,25,65,145,80,195,0,105
156,45,5350128.06,CT,Toronto,0.08584,4199,2601,2523,140,800,140,860,1880,1020,920,10,1590
157,75,5350129.0,CT,Toronto,0.9274100000000001,5770,2787,2622,220,1340,220,530,1315,785,1525,15,1080
158,35,5350130.0,CT,Toronto,1.27901,3543,1365,1279,110,855,110,165,445,280,945,10,330
159,85,5350131.0,CT,Toronto,1.04439,5310,2505,2360,145,1260,145,390,1200,805,1380,15,965
160,45,5350132.0,CT,Toronto,0.92464,5467,2155,2038,215,1250,210,290,890,595,1425,15,590
161,50,5350133.0,CT,Toronto,0.66745,7339,3629,3408,360,1475,360,695,1965,1270,1780,25,1605
162,45,5350134.0,CT,Toronto,0.41703999999999997,2959,1076,1033,85,745,85,105,290,190,810,10,215
163,70,5350135.0,CT,Toronto,0.71622,6047,3316,3054,205,1300,205,720,1805,1085,1475,15,1565
164,50,5350136.01,CT,Toronto,0.19196,6128,4023,3779,275,1115,275,1160,2760,1600,1370,10,2400
165,35,5350136.02,CT,Toronto,0.21013,4983,3459,3198,205,895,205,955,2355,1400,1085,5,2105
166,90,5350137.0,CT,Toronto,0.9142100000000001,7077,3644,3509,245,1560,245,775,2015,1240,1760,20,1725
167,15,5350138.0,CT,Toronto,0.96546,3103,1250,1181,95,750,95,140,405,265,840,0,340
168,30,5350139.01,CT,Toronto,0.7736,4167,1904,1824,145,970,145,305,795,495,1095,10,720
169,20,5350139.02,CT,Toronto,0.50952,2542,961,920,90,600,85,115,295,185,685,0,235
170,25,5350140.0,CT,Toronto,0.57204,2408,826,791,60,625,60,45,170,125,680,0,110
171,30,5350141.01,CT,Toronto,0.5504100000000001,4320,1685,1620,155,1070,155,190,530,340,1195,20,410
172,35,5350141.02,CT,Toronto,0.6875899999999999,4477,1624,1561,155,1110,150,150,370,225,1255,5,300
173,20,5350142.0,CT,Toronto,1.0439200000000002,5810,2313,2237,185,1375,185,290,805,520,1540,10,685
174,65,5350150.0,CT,Toronto,1.10899,4201,1640,1586,130,1060,130,235,555,320,1160,15,415
175,60,5350151.0,CT,Toronto,0.65559,3784,1577,1535,385,670,380,250,645,395,1010,20,505
176,135,5350152.0,CT,Toronto,0.8546299999999999,4545,1846,1764,215,1120,220,255,620,360,1280,30,455
177,55,5350153.0,CT,Toronto,0.92761,4462,1783,1685,300,965,305,370,790,415,1105,75,500
178,10,5350154.0,CT,Toronto,2.15888,6157,2899,2818,435,1250,435,630,1550,915,1540,75,1205
179,0,5350155.0,CT,Toronto,0.81296,3128,1316,1206,255,540,260,335,595,260,705,45,455
180,20,5350156.01,CT,Toronto,0.60545,5688,2365,2273,555,945,550,585,1155,575,1340,80,860
181,0,5350156.02,CT,Toronto,0.59201,2811,1124,1073,190,575,190,280,525,245,680,45,350
182,15,5350157.0,CT,Toronto,0.48528000000000004,2635,1107,1016,230,505,230,235,460,225,680,25,310
183,15,5350158.0,CT,Toronto,0.63989,2848,1346,1250,195,515,195,345,790,445,630,40,580
184,10,5350159.01,CT,Toronto,0.49246999999999996,3487,1386,1223,220,775,220,260,540,280,835,80,310
185,25,5350159.02,CT,Toronto,0.5753199999999999,4723,1843,1709,300,1050,300,370,735,370,1150,90,465
186,15,5350160.0,CT,Toronto,0.73445,3116,1246,1143,165,720,160,230,485,245,795,40,310
187,55,5350161.0,CT,Toronto,0.81126,6839,2689,2537,445,1500,445,600,1210,605,1705,115,715
188,50,5350162.0,CT,Toronto,0.57575,5119,2059,1952,355,1010,355,490,1015,525,1220,70,660
189,125,5350163.0,CT,Toronto,0.45421999999999996,4358,1882,1762,250,920,250,490,990,500,1100,35,625
190,195,5350164.0,CT,Toronto,0.6282300000000001,6258,2629,2515,420,1335,420,580,1270,695,1615,70,835
191,135,5350165.0,CT,Toronto,0.48493,4370,2031,1943,205,920,210,470,1100,630,1090,20,830
192,35,5350166.0,CT,Toronto,0.78603,4180,1691,1625,120,950,115,295,765,470,1045,10,570
193,30,5350167.01,CT,Toronto,0.13410999999999998,1879,1483,1312,50,375,50,310,930,620,425,0,885
194,110,5350167.02,CT,Toronto,0.60145,5815,3143,2998,290,1115,290,810,2045,1230,1355,25,1620
195,60,5350168.0,CT,Toronto,0.56552,5475,2665,2458,405,1000,400,610,1505,895,1290,55,1110
196,10,5350169.01,CT,Toronto,0.3781,3472,1457,1334,225,710,225,320,790,470,815,60,460
197,40,5350169.02,CT,Toronto,0.43778,7464,3318,3202,495,1530,495,640,1710,1065,1845,85,1270
198,10,5350170.0,CT,Toronto,1.01423,3321,1305,1201,200,740,205,265,600,330,815,60,320
199,10,5350171.0,CT,Toronto,0.6081,4055,1613,1522,440,640,435,300,715,410,960,55,505
200,10,5350172.0,CT,Toronto,1.21015,2522,1183,1128,255,410,260,350,635,285,620,25,480
201,0,5350173.0,CT,Toronto,0.60145,3694,1528,1438,415,560,415,430,820,390,860,55,520
202,10,5350174.0,CT,Toronto,1.06328,7264,2751,2723,695,1220,695,585,1255,670,1765,75,885
203,0,5350175.01,CT,Toronto,0.8012600000000001,6036,2551,2406,590,900,585,695,1415,720,1335,70,995
204,10,5350175.02,CT,Toronto,0.74248,7679,3813,3585,765,1090,760,1205,2295,1090,1745,55,1785
205,20,5350176.0,CT,Toronto,1.00471,4277,1697,1609,285,930,285,345,695,355,1115,45,450
206,35,5350180.0,CT,Toronto,0.6138,6556,2875,2765,490,1205,490,750,1555,805,1590,50,1125
207,105,5350181.01,CT,Toronto,0.57055,4313,1940,1858,200,1035,200,380,885,505,1185,25,650
208,70,5350181.02,CT,Toronto,0.60182,3552,1664,1591,230,735,230,470,880,415,900,35,660
209,110,5350182.0,CT,Toronto,0.7605,5531,2297,2186,245,1330,245,400,870,470,1490,40,655
210,65,5350183.01,CT,Toronto,0.52409,2603,1048,1007,110,630,110,185,420,235,695,25,290
211,130,5350183.02,CT,Toronto,0.42813,3938,1584,1522,170,970,170,245,580,335,1055,35,425
212,95,5350184.01,CT,Toronto,0.47406000000000004,5108,2346,2307,315,1085,315,520,1190,670,1315,45,945
213,50,5350184.02,CT,Toronto,0.56201,3768,1694,1642,245,800,245,405,840,435,985,25,625
214,205,5350185.01,CT,Toronto,0.49918999999999997,6810,3507,3394,405,1360,405,940,2020,1085,1710,30,1660
215,90,5350185.02,CT,Toronto,1.2288700000000001,4689,2305,2269,240,945,240,570,1335,765,1145,15,1105
216,30,5350186.0,CT,Toronto,1.9107599999999998,2416,949,913,85,575,85,105,325,220,650,5,255
217,55,5350187.0,CT,Toronto,1.21045,3448,1424,1351,160,820,160,250,545,290,925,25,395
218,40,5350188.0,CT,Toronto,0.55199,2017,842,797,80,465,80,170,375,205,510,20,270
219,25,5350189.0,CT,Toronto,1.2395100000000001,5462,2226,2180,420,1050,420,485,1100,615,1385,45,755
220,20,5350190.01,CT,Toronto,0.40226999999999996,9127,3577,3507,400,1960,405,1000,1800,795,2220,65,1225
221,20,5350190.02,CT,Toronto,0.5813,4765,2102,2026,395,875,400,510,1080,570,1210,35,790
222,40,5350191.0,CT,Toronto,0.8230299999999999,4229,1853,1779,255,935,255,445,845,400,1110,40,630
223,0,5350192.0,CT,Toronto,0.92037,905,462,440,40,165,45,165,295,130,190,5,240
224,10,5350193.0,CT,Toronto,1.41592,3314,1070,1043,125,735,130,180,385,200,785,35,220
225,25,5350194.01,CT,Toronto,0.2315,5498,1482,1463,150,1115,150,265,465,195,1130,70,265
226,10,5350194.02,CT,Toronto,0.34635,6240,1934,1923,195,1225,200,430,805,385,1305,55,565
227,0,5350194.03,CT,Toronto,0.25016,2933,1238,1229,220,495,215,235,690,450,680,20,535
228,20,5350194.04,CT,Toronto,2.29209,6437,2571,2508,305,1345,305,470,1155,685,1525,60,925
229,60,5350195.01,CT,Toronto,0.9462,4483,1656,1604,160,1025,155,215,530,315,1165,5,430
230,45,5350195.02,CT,Toronto,0.37813,2317,920,894,100,535,100,95,300,205,625,5,265
231,25,5350196.01,CT,Toronto,0.3774,1977,811,775,65,475,65,80,280,200,535,5,235
232,75,5350196.02,CT,Toronto,1.10548,5635,2376,2250,195,1345,195,315,820,505,1525,5,720
233,70,5350200.01,CT,Toronto,0.6408,5614,3143,3055,400,1065,400,920,1885,965,1440,15,1605
234,15,5350200.02,CT,Toronto,0.14209000000000002,981,680,649,40,155,35,265,500,235,195,0,455
235,50,5350201.0,CT,Toronto,0.75952,5371,2989,2776,245,1165,245,815,1650,835,1355,30,1400
236,25,5350202.0,CT,Toronto,0.33589,1647,653,631,75,390,75,105,250,145,440,10,175
237,25,5350203.0,CT,Toronto,0.58927,3160,1507,1431,175,680,180,345,780,435,805,25,600
238,105,5350204.0,CT,Toronto,0.74088,4537,2310,2210,230,945,230,590,1265,675,1150,15,1050
239,x,5350205.0,CT,Toronto,0.7337199999999999,149,0,0,F,F,F,F,F,F,F,F,F
240,45,5350206.01,CT,Toronto,1.13878,4217,2151,2041,270,885,270,575,1135,565,1115,25,910
241,65,5350206.02,CT,Toronto,1.08513,5867,2994,2774,325,1215,325,910,1655,745,1465,35,1275
242,25,5350207.0,CT,Toronto,0.67366,2605,1285,1181,155,515,155,435,780,345,615,30,540
243,25,5350208.0,CT,Toronto,1.29403,4172,2062,1981,395,650,395,600,1205,600,985,25,965
244,20,5350209.0,CT,Toronto,0.69308,2718,1338,1252,175,500,170,400,795,390,615,30,610
245,20,5350210.01,CT,Toronto,2.96012,3083,1008,971,125,670,125,150,325,170,725,35,210
246,85,5350210.02,CT,Toronto,0.94935,11390,9168,7016,380,2625,380,2040,4450,2410,2965,20,4030
247,40,5350211.0,CT,Toronto,3.27116,6350,2512,2447,375,1470,380,520,1035,515,1670,85,690
248,25,5350212.0,CT,Toronto,1.7065400000000002,5704,2220,2169,290,1350,290,400,895,495,1510,65,600
249,15,5350213.01,CT,Toronto,0.94226,2666,1021,990,115,665,120,175,380,195,705,40,250
250,0,5350213.02,CT,Toronto,7.044739999999999,6045,3246,3134,255,1365,250,895,1820,930,1575,20,1535
251,15,5350214.0,CT,Toronto,2.8237799999999997,5069,2466,2389,230,1205,230,565,1205,635,1375,30,985
252,55,5350215.0,CT,Toronto,2.60049,6748,2991,2789,315,1620,315,500,1200,695,1830,50,905
253,50,5350216.0,CT,Toronto,1.9993,5532,2238,2163,170,1435,165,310,735,420,1545,25,585
254,50,5350217.0,CT,Toronto,1.33055,5692,2917,2756,425,1105,425,815,1505,685,1495,20,1245
255,30,5350218.0,CT,Toronto,0.6829999999999999,2652,1060,1025,75,695,75,110,320,210,760,0,260
256,50,5350219.0,CT,Toronto,1.36063,4427,1690,1644,195,1075,195,235,585,355,1195,35,410
257,20,5350220.0,CT,Toronto,1.32212,4177,1597,1584,205,975,205,265,615,350,1125,30,435
258,20,5350221.01,CT,Toronto,1.64542,6377,2751,2725,285,1595,290,315,1070,755,1825,25,875
259,50,5350221.02,CT,Toronto,0.80501,5202,2167,2064,325,1040,325,505,1020,515,1265,50,750
260,0,5350222.01,CT,Toronto,1.28483,6699,2626,2557,350,1550,350,465,1065,605,1745,75,735
261,15,5350222.02,CT,Toronto,1.2002,5141,1830,1782,350,1040,355,295,645,350,1305,40,435
262,10,5350223.01,CT,Toronto,0.8724200000000001,1522,536,530,65,390,65,50,140,90,425,20,90
263,0,5350223.02,CT,Toronto,0.8724700000000001,2136,793,771,85,530,85,115,245,135,590,10,170
264,0,5350224.0,CT,Toronto,1.04417,1696,578,573,45,455,45,40,115,70,490,5,80
265,10,5350225.01,CT,Toronto,0.93466,4981,2387,2316,280,1155,275,445,1145,695,1385,25,910
266,25,5350225.02,CT,Toronto,0.3048,9706,5006,4859,570,1840,575,1385,3065,1680,2320,45,2490
267,0,5350226.0,CT,Toronto,0.9533299999999999,3167,1262,1212,80,850,75,120,360,245,910,10,295
268,0,5350227.0,CT,Toronto,0.49183999999999994,1750,637,626,50,465,50,50,155,105,505,5,120
269,30,5350228.0,CT,Toronto,0.883,3131,1418,1362,105,810,105,150,515,365,900,5,455
270,0,5350229.0,CT,Toronto,0.32031,1223,393,384,35,285,35,40,90,50,315,0,70
271,10,5350230.01,CT,Toronto,1.50655,2537,1109,1082,120,585,120,170,455,285,675,15,395
272,10,5350230.02,CT,Toronto,0.9858399999999999,6537,2775,2606,460,1380,460,425,1105,680,1740,50,815
273,20,5350231.0,CT,Toronto,3.02848,6461,2722,2566,255,1580,255,395,955,555,1755,40,770
274,0,5350232.0,CT,Toronto,2.04605,3825,1348,1306,110,1030,110,90,275,185,1095,25,190
275,0,5350233.0,CT,Toronto,2.0806,5530,2032,1982,250,1415,250,205,510,305,1575,45,360
276,0,5350234.0,CT,Toronto,2.11718,4524,1645,1600,245,1080,245,160,440,280,1255,40,310
277,10,5350235.01,CT,Toronto,1.40707,2841,1009,997,145,700,145,155,340,185,760,40,195
278,15,5350235.02,CT,Toronto,1.07805,5277,2039,2010,365,1180,365,295,770,475,1425,60,525
279,15,5350236.01,CT,Toronto,0.98685,6646,2560,2519,495,1350,495,435,1060,620,1700,70,750
280,10,5350236.02,CT,Toronto,4.07421,5946,2284,2256,305,1440,305,265,785,520,1615,65,580
281,0,5350237.01,CT,Toronto,1.1853200000000002,6816,2468,2410,575,1275,575,455,1040,585,1640,100,670
282,0,5350237.02,CT,Toronto,0.9550299999999999,2986,1077,1061,150,715,150,170,360,190,805,25,225
283,10,5350237.03,CT,Toronto,1.0689799999999998,5638,2626,2544,360,1220,360,475,1280,800,1465,55,1020
284,0,5350238.01,CT,Toronto,1.03807,3350,1259,1231,140,855,135,120,350,225,945,25,260
285,10,5350238.02,CT,Toronto,0.98177,5244,2070,1953,375,1135,370,365,780,420,1360,75,520
286,25,5350239.0,CT,Toronto,2.55782,6481,2511,2383,615,1250,615,430,925,490,1730,60,590
287,10,5350240.01,CT,Toronto,1.2726899999999999,3366,1291,1263,145,890,145,130,360,230,965,30,265
288,0,5350240.02,CT,Toronto,1.04495,6043,2621,2558,375,1265,370,415,1170,755,1545,50,970
289,10,5350241.0,CT,Toronto,1.0982,3231,1030,1003,125,700,125,145,340,190,740,45,220
290,0,5350242.0,CT,Toronto,0.67084,1674,610,575,215,245,215,90,205,115,415,20,135
291,10,5350243.01,CT,Toronto,0.31518,6658,2236,2142,510,1045,510,660,1225,555,1395,80,665
292,0,5350243.02,CT,Toronto,1.2154,3617,1342,1304,275,740,275,260,590,330,860,75,370
293,10,5350244.01,CT,Toronto,1.45046,5677,2009,1945,455,1105,455,410,830,420,1400,80,465
294,10,5350244.02,CT,Toronto,1.46584,3779,1335,1274,430,580,430,270,550,280,895,60,325
295,25,5350245.0,CT,Toronto,1.42111,6934,2672,2567,595,1335,595,595,1175,585,1695,115,755
296,0,5350246.0,CT,Toronto,1.0727,3595,1317,1279,185,765,190,275,590,320,825,60,395
297,10,5350247.01,CT,Toronto,17.35024,8727,2931,2748,475,1830,475,690,1385,700,1775,255,720
298,20,5350247.02,CT,Toronto,3.22582,7167,2537,2385,355,1695,355,505,960,455,1645,195,545
299,0,5350248.02,CT,Toronto,1.23696,5671,1864,1784,640,685,640,445,870,420,1120,100,565
300,0,5350248.03,CT,Toronto,3.7960800000000003,2619,789,754,160,550,160,210,355,150,550,75,125
301,30,5350248.04,CT,Toronto,1.51177,4771,1671,1496,335,845,330,575,1040,465,930,115,450
302,0,5350248.05,CT,Toronto,1.15519,4332,1413,1310,240,810,240,520,925,400,775,130,405
303,0,5350249.01,CT,Toronto,0.82975,4650,1428,1341,240,1115,240,230,535,300,945,190,205
304,0,5350249.03,CT,Toronto,2.96801,5696,1704,1592,400,1165,400,335,670,335,1130,215,255
305,15,5350249.04,CT,Toronto,0.6863199999999999,3344,999,952,170,715,170,220,435,215,710,85,155
306,0,5350249.05,CT,Toronto,0.64364,5476,1584,1534,335,1130,335,285,530,245,1220,115,195
307,0,5350250.01,CT,Toronto,1.40913,5432,1618,1545,325,1100,325,425,715,290,1125,145,275
308,15,5350250.02,CT,Toronto,1.99197,4928,1854,1735,370,1010,370,360,770,405,1200,90,445
309,10,5350250.04,CT,Toronto,0.50556,6206,2057,1994,595,1030,595,570,975,405,1440,90,460
310,10,5350250.05,CT,Toronto,0.70576,7607,2288,2270,555,1410,555,465,880,420,1720,125,425
311,10,5350260.01,CT,Toronto,0.7288,6748,2431,2398,310,1435,315,450,1110,660,1555,95,745
312,10,5350260.04,CT,Toronto,0.1881,4147,1498,1480,215,820,215,355,720,365,965,35,480
313,10,5350260.05,CT,Toronto,0.2543,4020,1369,1332,365,665,365,260,485,225,970,30,335
314,0,5350260.06,CT,Toronto,0.95204,3348,1132,1116,270,605,270,260,520,260,760,50,300
315,20,5350260.07,CT,Toronto,0.35736999999999997,3670,1534,1504,200,830,200,230,680,450,930,50,520
316,0,5350261.0,CT,Toronto,1.92395,5501,2284,2194,480,885,480,430,1150,715,1200,85,915
317,0,5350262.01,CT,Toronto,0.67091,5736,2752,2728,410,1155,405,615,1465,850,1515,25,1190
318,20,5350262.02,CT,Toronto,2.16555,6273,2526,2490,405,1290,405,520,1120,600,1580,60,850
319,15,5350263.02,CT,Toronto,2.00598,3471,1680,1629,165,760,165,295,825,530,880,20,725
320,15,5350263.03,CT,Toronto,1.56059,4906,2106,2060,275,995,280,400,990,590,1200,35,825
321,0,5350263.04,CT,Toronto,0.69962,6531,3616,3536,330,1435,335,780,2040,1260,1715,30,1800
322,0,5350264.0,CT,Toronto,3.4653400000000003,1301,482,435,50,325,50,45,150,105,335,15,80
323,25,5350265.0,CT,Toronto,2.6864,4756,1855,1742,135,1210,135,150,505,350,1315,15,415
324,10,5350266.0,CT,Toronto,2.7633799999999997,3209,1141,1064,105,825,100,80,260,175,865,30,170
325,10,5350267.0,CT,Toronto,2.71113,6368,2133,2062,190,1650,190,180,525,350,1700,65,295
326,25,5350268.0,CT,Toronto,3.0571,6419,2938,2837,285,1515,285,430,1310,880,1695,50,1085
327,0,5350269.01,CT,Toronto,0.75312,5056,2354,2081,455,895,455,520,1120,595,1265,40,775
328,10,5350269.02,CT,Toronto,1.76908,2569,951,923,115,665,115,100,250,150,725,25,175
329,0,5350270.01,CT,Toronto,1.1240700000000001,4980,2117,1953,365,995,360,435,945,515,1265,45,640
330,0,5350270.02,CT,Toronto,0.75775,4264,1636,1611,335,870,330,280,615,340,1115,40,450
331,15,5350271.01,CT,Toronto,0.8935,2429,899,893,130,590,135,115,300,185,670,25,200
332,10,5350271.02,CT,Toronto,0.7092,4815,1765,1749,340,1010,340,275,625,350,1270,40,445
333,0,5350272.01,CT,Toronto,0.4552,5987,2408,2342,535,1065,540,495,1155,660,1480,65,805
334,10,5350272.02,CT,Toronto,0.99884,4705,1791,1763,285,1030,285,260,745,480,1175,65,520
335,10,5350273.01,CT,Toronto,3.2065799999999998,4014,1311,1231,160,970,155,115,310,195,1025,50,160
336,10,5350273.02,CT,Toronto,1.28882,4160,1530,1477,220,1020,220,155,465,315,1135,50,290
337,0,5350274.01,CT,Toronto,1.52481,4900,1788,1756,265,1115,265,285,665,385,1280,50,425
338,0,5350274.02,CT,Toronto,1.3313700000000002,4738,2056,1964,230,1145,230,290,770,485,1285,45,635
339,30,5350275.0,CT,Toronto,1.9755900000000002,5836,2451,2347,180,1425,185,300,900,605,1575,15,755
340,10,5350276.01,CT,Toronto,1.22609,6446,2764,2642,260,1355,255,375,1295,920,1575,20,1045
341,30,5350276.02,CT,Toronto,1.28263,6870,2514,2398,245,1645,245,260,790,525,1835,25,535
342,20,5350277.0,CT,Toronto,1.02778,4084,1323,1220,110,870,105,135,425,285,945,15,265
343,20,5350278.0,CT,Toronto,1.3337,7734,2944,2679,290,1550,290,435,1285,855,1740,50,890
344,20,5350279.01,CT,Toronto,1.21444,4028,1665,1523,230,930,230,245,665,415,1045,55,420
345,0,5350279.02,CT,Toronto,1.57835,6503,2195,2117,405,1225,405,405,970,565,1415,105,600
346,15,5350280.0,CT,Toronto,2.1417200000000003,7333,2993,2920,615,1415,615,610,1355,750,1865,80,975
347,10,5350281.01,CT,Toronto,0.96206,6484,2324,2256,645,1175,645,425,960,540,1585,120,560
348,0,5350281.02,CT,Toronto,0.41638000000000003,3940,1350,1306,470,585,470,295,600,305,940,60,310
349,0,5350282.0,CT,Toronto,2.22534,4480,1663,1607,230,1040,235,290,630,345,1135,65,405
350,0,5350283.01,CT,Toronto,0.9285,5399,1965,1938,610,850,610,360,830,475,1335,65,540
351,0,5350283.02,CT,Toronto,1.1671200000000002,4542,1761,1712,540,735,545,250,690,435,1195,40,475
352,10,5350284.0,CT,Toronto,1.41266,6840,2427,2349,430,1450,430,440,1005,565,1655,110,585
353,0,5350285.0,CT,Toronto,1.1118,3271,1269,1207,210,710,210,250,570,320,805,55,345
354,10,5350286.0,CT,Toronto,3.24625,4273,1987,1704,370,780,365,395,900,505,1050,45,605
355,40,5350287.02,CT,Toronto,1.0580399999999999,6732,2401,2246,460,1130,465,370,1200,830,1415,85,750
356,10,5350287.03,CT,Toronto,0.48415,3432,1444,1305,445,365,445,275,665,390,750,25,530
357,15,5350287.04,CT,Toronto,0.5939399999999999,4474,2069,2017,235,775,230,390,1235,845,965,20,1030
358,65,5350288.0,CT,Toronto,2.6307099999999997,9970,4165,4002,550,2065,550,860,2090,1230,2465,70,1465
359,0,5350289.0,CT,Toronto,1.3028,4713,1779,1725,300,1030,300,345,790,445,1185,75,470
360,0,5350290.01,CT,Toronto,0.94404,3620,1515,1475,340,655,340,395,770,380,875,55,540
361,0,5350290.02,CT,Toronto,0.34585,1534,782,717,105,295,105,190,410,220,375,15,325
362,0,5350291.02,CT,Toronto,1.1464299999999998,4947,2010,1927,325,1010,325,425,1010,585,1165,80,680
363,0,5350291.03,CT,Toronto,0.41741000000000006,2302,945,903,185,465,185,230,450,225,585,35,285
364,0,5350291.04,CT,Toronto,0.51571,1585,680,654,140,300,140,160,320,165,395,25,235
365,10,5350292.0,CT,Toronto,3.7421800000000003,6721,2893,2247,575,1220,570,635,1190,555,1490,150,610
366,10,5350293.0,CT,Toronto,2.0619,6242,2197,2103,440,1340,440,375,815,445,1520,125,455
367,0,5350294.01,CT,Toronto,0.8592299999999999,4386,1586,1547,400,855,400,295,650,350,1125,70,360
368,0,5350294.02,CT,Toronto,1.02545,4504,1453,1384,390,880,385,290,655,365,1005,125,255
369,0,5350295.0,CT,Toronto,1.0824,5180,2035,1907,395,1060,395,450,915,460,1280,90,545
370,0,5350296.0,CT,Toronto,4.6433,64,19,19,10,15,5,5,5,5,15,0,0
371,15,5350297.01,CT,Toronto,1.13952,7313,3119,3027,415,1530,420,595,1650,1050,1765,85,1170
372,15,5350297.02,CT,Toronto,1.50956,6502,2716,2552,260,1480,265,480,1230,745,1605,65,880
373,10,5350298.0,CT,Toronto,2.27223,4661,1605,1566,200,1045,195,215,600,385,1200,15,345
374,20,5350299.01,CT,Toronto,2.8929099999999996,6256,2319,2207,270,1450,270,405,920,515,1600,60,545
375,0,5350299.02,CT,Toronto,0.1593,5247,3019,2815,215,1195,215,820,1780,960,1380,15,1420
376,10,5350300.0,CT,Toronto,1.03364,13667,7532,6956,545,3160,550,1895,4065,2175,3580,60,3315
377,0,5350301.01,CT,Toronto,0.90166,2915,1087,1071,145,695,150,155,420,260,770,35,265
378,10,5350301.03,CT,Toronto,0.2736,6949,2944,2789,310,1500,310,910,1610,700,1695,55,1035
379,10,5350301.04,CT,Toronto,1.42622,5859,2615,2502,320,1180,320,770,1555,785,1395,50,1060
380,20,5350302.01,CT,Toronto,1.2292100000000001,6253,2406,2358,315,1525,320,370,1005,640,1605,115,640
381,15,5350302.02,CT,Toronto,1.08389,6140,2092,2037,360,1405,360,400,915,510,1520,120,400
382,0,5350302.03,CT,Toronto,0.69385,3425,1205,1124,170,780,175,310,630,320,785,85,260
383,0,5350303.0,CT,Toronto,1.0632700000000002,5355,1893,1819,345,1120,345,430,840,410,1350,55,415
384,0,5350304.01,CT,Toronto,0.24931,4541,1633,1610,315,940,315,340,680,345,1165,45,400
385,0,5350304.02,CT,Toronto,1.21224,4777,1885,1832,215,1205,215,255,670,415,1310,55,470
386,0,5350304.03,CT,Toronto,0.9954700000000001,2898,994,968,225,635,225,100,300,205,770,40,150
387,10,5350304.04,CT,Toronto,0.23444,3724,1415,1404,200,835,205,275,635,365,970,35,400
388,10,5350304.05,CT,Toronto,0.703,2847,1112,1096,125,690,120,200,600,400,720,45,335
389,0,5350304.06,CT,Toronto,0.74893,5807,2258,2207,270,1375,270,425,1110,680,1445,95,670
390,10,5350305.01,CT,Toronto,2.44425,4451,1626,1564,155,1200,155,195,510,310,1225,65,275
391,10,5350305.03,CT,Toronto,0.71145,4914,2338,2178,275,1155,275,390,970,575,1370,30,775
392,10,5350305.04,CT,Toronto,1.00966,9133,5153,4822,365,2050,365,1250,2855,1600,2370,25,2430
393,0,5350306.01,CT,Toronto,1.17222,4574,1586,1478,275,1015,275,230,580,345,1105,85,285
394,10,5350306.02,CT,Toronto,1.1185200000000002,4793,1831,1714,185,1145,185,290,710,420,1190,70,455
395,0,5350307.03,CT,Toronto,0.11010999999999999,5039,2359,2238,320,1090,325,455,1120,665,1355,25,855
396,10,5350307.04,CT,Toronto,0.15295,7035,3530,3360,350,1550,350,850,1945,1095,1830,35,1500
397,10,5350307.05,CT,Toronto,0.10463,3581,2038,1926,155,775,155,535,1290,755,895,15,1015
398,0,5350307.06,CT,Toronto,0.10419,5424,2374,2266,240,1260,235,455,1070,615,1425,35,810
399,10,5350307.07,CT,Toronto,1.22458,6321,2651,2366,270,1435,270,515,1225,715,1575,60,730
400,40,5350308.02,CT,Toronto,1.42465,4310,1688,1588,160,1050,160,310,660,345,1110,50,430
401,0,5350308.03,CT,Toronto,0.39669,1147,425,385,30,290,30,80,170,85,290,15,80
402,15,5350308.04,CT,Toronto,1.08521,11479,5941,5576,450,2475,450,1495,3600,2110,2765,80,2730
403,10,5350309.0,CT,Toronto,0.74182,6383,2354,2308,495,1200,500,470,1225,755,1550,70,690
404,0,5350310.01,CT,Toronto,1.42763,3512,1271,1204,160,815,160,230,460,230,910,30,265
405,0,5350310.02,CT,Toronto,2.23548,5048,2028,1858,300,1090,300,355,850,490,1290,50,525
406,25,5350311.02,CT,Toronto,0.89054,5823,2308,2141,480,1085,480,535,1160,625,1335,110,695
407,10,5350311.03,CT,Toronto,0.79713,2651,923,863,200,550,200,185,385,195,620,65,185
408,25,5350311.04,CT,Toronto,0.95755,6552,2436,2247,535,1305,540,420,1025,610,1545,145,555
409,35,5350311.05,CT,Toronto,0.34549,6823,2681,2593,540,1130,540,1170,1910,745,1500,85,1010
410,20,5350311.06,CT,Toronto,10.24442,5744,2703,2326,320,855,320,1425,2400,980,1090,40,1195
411,10,5350312.02,CT,Toronto,0.524,3448,1185,1077,350,565,350,310,610,300,740,85,250
412,10,5350312.03,CT,Toronto,1.48726,6420,2219,2164,705,1090,705,470,970,500,1485,150,530
413,15,5350312.04,CT,Toronto,0.72554,5763,1820,1718,685,790,690,430,855,420,1210,130,380
414,10,5350312.05,CT,Toronto,0.34586999999999996,3836,1348,1295,600,425,600,340,655,315,915,55,325
415,10,5350312.06,CT,Toronto,0.45843999999999996,3444,1086,1058,355,575,360,210,495,290,730,100,230
416,0,5350312.07,CT,Toronto,0.6247,3076,1312,1221,255,580,260,280,650,375,660,85,475
417,10,5350313.0,CT,Toronto,2.89834,5554,1945,1808,460,1085,460,425,820,395,1270,135,400
418,0,5350314.01,CT,Toronto,0.4281,5036,1741,1676,510,865,510,400,745,345,1210,80,390
419,10,5350314.02,CT,Toronto,1.12467,4955,1704,1568,350,1010,350,310,680,375,1130,110,330
420,10,5350315.01,CT,Toronto,1.51758,3368,1223,1122,190,795,195,195,420,225,815,85,225
421,0,5350315.02,CT,Toronto,0.42796000000000006,3543,1170,1076,225,745,225,180,400,225,765,100,215
422,0,5350315.03,CT,Toronto,6.01015,5505,1895,1699,405,1100,405,330,730,395,1225,130,340
423,25,5350316.01,CT,Toronto,1.7746,3910,1301,1224,260,800,265,240,550,315,840,105,275
424,20,5350316.03,CT,Toronto,0.40066,5888,2039,1948,650,890,650,485,960,475,1345,95,510
425,10,5350316.04,CT,Toronto,0.46506000000000003,4275,1760,1679,540,495,545,465,955,490,950,45,690
426,15,5350316.05,CT,Toronto,0.40614,3992,1373,1309,440,600,440,360,675,310,915,60,340
427,15,5350316.06,CT,Toronto,0.40499,3672,1198,1164,480,495,480,225,505,280,825,75,265
428,25,5350317.02,CT,Toronto,0.43231,7347,3408,3336,465,1535,465,625,1960,1335,1850,75,1415
429,10,5350317.03,CT,Toronto,1.19309,3688,1264,1245,180,930,180,200,455,260,960,70,215
430,15,5350317.04,CT,Toronto,0.72206,6627,2594,2534,475,1415,475,455,1155,705,1725,80,730
431,0,5350317.05,CT,Toronto,0.54133,2229,834,811,115,505,115,185,475,295,535,40,235
432,15,5350318.0,CT,Toronto,1.9063700000000001,8574,3568,3330,455,1840,455,850,2025,1180,2035,130,1165
433,10,5350319.0,CT,Toronto,1.20157,4191,1616,1527,210,975,215,350,745,395,1075,55,395
434,20,5350320.01,CT,Toronto,0.73678,5197,2103,2036,325,1070,325,405,1140,735,1245,75,715
435,10,5350320.02,CT,Toronto,0.8527600000000001,5869,2129,2067,360,1280,360,425,1125,700,1410,115,550
436,0,5350321.01,CT,Toronto,1.25768,3830,1340,1258,150,970,150,230,510,280,955,80,225
437,10,5350321.02,CT,Toronto,1.2172,4030,1497,1429,160,960,160,315,690,375,1005,60,365
438,15,5350322.01,CT,Toronto,0.20805,4737,2371,2242,295,950,300,605,1440,840,1195,25,1020
439,10,5350322.02,CT,Toronto,1.40695,3500,1262,1185,95,675,95,310,720,415,690,45,455
440,0,5350323.01,CT,Toronto,1.04061,4289,1746,1706,225,1030,225,215,715,495,1150,50,510
441,10,5350323.02,CT,Toronto,1.8599900000000003,5367,1935,1849,190,1315,195,195,670,475,1325,90,435
442,0,5350324.01,CT,Toronto,1.1954,3498,1214,1143,275,765,275,175,410,240,895,70,180
443,0,5350324.02,CT,Toronto,1.89369,6123,2256,2133,465,1350,465,365,870,500,1630,90,410
444,0,5350324.03,CT,Toronto,2.16991,3862,1762,1701,140,1005,140,290,875,585,1040,50,610
445,10,5350324.05,CT,Toronto,0.65612,3388,1405,1382,160,790,160,215,675,460,835,55,490
446,0,5350324.06,CT,Toronto,0.65762,3561,1219,1182,170,880,175,110,340,230,945,55,185
447,10,5350330.0,CT,Toronto,2.19348,4288,1757,1730,190,1070,190,270,670,405,1175,45,510
448,0,5350331.01,CT,Toronto,1.52013,5629,2287,2261,340,1250,345,325,940,620,1505,40,715
449,0,5350331.03,CT,Toronto,0.51039,6162,1931,1877,495,1095,490,385,700,315,1455,65,360
450,0,5350331.04,CT,Toronto,1.06015,3212,1288,1261,180,675,175,225,560,335,775,35,450
451,0,5350332.0,CT,Toronto,1.52621,7350,2914,2785,650,1270,650,660,1345,685,1740,90,960
452,10,5350333.0,CT,Toronto,2.39935,4695,1710,1644,285,1065,285,270,590,320,1225,60,360
453,10,5350334.0,CT,Toronto,2.38519,3500,1358,1274,150,850,145,210,435,225,950,25,305
454,15,5350335.0,CT,Toronto,2.2315099999999997,7740,3026,2984,450,1620,450,615,1365,755,1870,95,1020
455,30,5350336.0,CT,Toronto,1.63381,6772,2553,2393,380,1510,380,490,1020,530,1675,100,615
456,0,5350337.01,CT,Toronto,0.20168,721,357,316,70,115,75,105,185,80,175,5,135
457,10,5350337.02,CT,Toronto,0.61933,2155,888,862,175,365,175,225,425,200,515,10,335
458,30,5350338.0,CT,Toronto,1.6501299999999999,5956,2729,2627,310,1265,310,690,1310,625,1530,25,1075
459,70,5350339.0,CT,Toronto,1.8385099999999999,6687,3110,3000,330,1555,330,515,1330,810,1815,35,1150
460,15,5350340.0,CT,Toronto,1.27488,6771,2557,2457,355,1490,355,550,1085,535,1700,70,685
461,10,5350341.02,CT,Toronto,0.77866,4379,1860,1777,190,850,185,565,1120,550,905,70,805
462,0,5350341.03,CT,Toronto,0.40538,3436,1465,1334,275,565,275,360,610,250,810,15,510
463,25,5350341.04,CT,Toronto,0.67099,6030,2261,2171,385,1115,385,605,1105,495,1350,75,750
464,25,5350342.0,CT,Toronto,1.2329700000000001,7561,2414,2376,490,1590,485,425,925,500,1730,165,480
465,0,5350343.0,CT,Toronto,1.09816,4218,1620,1517,295,855,295,380,720,345,1000,70,445
466,10,5350344.01,CT,Toronto,1.06274,5186,1990,1880,345,1055,350,540,1005,465,1170,115,600
467,0,5350344.02,CT,Toronto,0.22083000000000003,3365,1850,1829,325,525,325,470,1100,630,810,15,1000
468,15,5350345.0,CT,Toronto,0.78754,3938,1328,1258,250,830,250,305,610,305,895,85,275
469,20,5350346.01,CT,Toronto,1.5199799999999999,4634,1717,1609,385,865,385,355,695,335,1110,70,430
470,10,5350346.02,CT,Toronto,0.40049,5388,2066,2029,455,1030,455,435,920,495,1375,60,600
471,10,5350347.0,CT,Toronto,1.50409,2833,931,924,150,600,150,155,370,215,670,40,215
472,40,5350348.0,CT,Toronto,2.31904,5601,2007,1972,325,1205,325,305,805,500,1380,75,520
473,25,5350349.0,CT,Toronto,0.8761700000000001,5720,2335,2309,465,1055,465,595,1230,635,1390,65,855
474,20,5350350.0,CT,Toronto,3.3616599999999996,5419,2063,1986,335,1115,335,435,970,535,1275,85,630
475,10,5350351.01,CT,Toronto,0.9748600000000001,5497,2130,2051,405,1115,405,465,995,530,1310,100,645
476,10,5350351.02,CT,Toronto,0.56565,2756,1116,1088,230,540,225,280,580,300,670,45,375
477,15,5350352.0,CT,Toronto,1.1271200000000001,5309,1945,1892,310,1095,310,430,915,485,1220,95,580
478,0,5350353.02,CT,Toronto,1.21341,5305,1697,1649,330,1115,330,300,665,365,1185,125,340
479,0,5350353.03,CT,Toronto,0.40919,3107,1100,1075,200,660,200,195,470,280,730,65,285
480,10,5350353.04,CT,Toronto,0.62956,4509,1650,1590,370,845,365,305,680,380,1085,60,445
481,25,5350354.0,CT,Toronto,1.33283,5403,1826,1695,300,1155,300,360,760,405,1175,130,390
482,0,5350355.02,CT,Toronto,1.105,5214,1980,1919,430,1045,430,325,845,520,1290,90,540
483,0,5350355.04,CT,Toronto,0.5770000000000001,5270,1810,1776,415,930,420,325,780,450,1240,55,485
484,0,5350355.05,CT,Toronto,0.31432,3033,1056,993,290,475,290,255,490,235,680,45,275
485,0,5350355.06,CT,Toronto,0.1923,1643,603,559,225,230,220,100,210,110,400,25,130
486,15,5350356.0,CT,Toronto,1.55598,4833,1633,1555,235,1035,235,335,680,345,1075,90,390
487,0,5350357.01,CT,Toronto,1.05106,7123,2490,2404,415,1395,410,460,1145,685,1415,175,805
488,0,5350357.02,CT,Toronto,1.10589,4940,1774,1693,610,765,610,340,680,340,1190,90,415
489,10,5350358.01,CT,Toronto,1.1101299999999998,3397,1180,1129,255,730,255,205,450,245,825,75,230
490,0,5350358.02,CT,Toronto,0.6179100000000001,4732,2021,1955,445,760,450,450,1070,620,1060,70,830
491,10,5350358.03,CT,Toronto,1.09741,5598,2304,2217,485,875,485,650,1235,590,1210,70,935
492,0,5350359.0,CT,Toronto,2.23634,7558,2773,2687,785,1225,785,575,1230,660,1785,110,790
493,10,5350360.0,CT,Toronto,4.55616,6107,2040,1998,375,1365,375,335,680,345,1540,100,355
494,0,5350361.01,CT,Toronto,2.95729,5804,1963,1928,240,1505,240,185,460,275,1590,75,265
495,0,5350361.02,CT,Toronto,2.46272,7558,2476,2451,350,1920,350,225,570,340,2030,115,300
496,0,5350362.01,CT,Toronto,2.5287900000000003,6300,2153,2083,470,1315,470,325,780,450,1510,130,445
497,15,5350362.02,CT,Toronto,1.9434900000000002,5628,1731,1626,220,1345,220,285,625,340,1220,165,235
498,10,5350362.03,CT,Toronto,3.3025800000000003,6866,2176,2074,295,1655,295,415,870,460,1570,175,325
499,0,5350362.04,CT,Toronto,1.3530799999999998,5019,1796,1756,355,985,355,330,805,475,1115,105,535
500,0,5350363.02,CT,Toronto,1.19757,3253,1115,1106,190,745,190,175,420,240,790,65,245
501,0,5350363.04,CT,Toronto,1.12713,3668,1119,1106,215,800,215,200,435,230,835,85,190
502,0,5350363.05,CT,Toronto,0.50329,4538,1776,1694,455,695,455,540,955,415,1065,40,585
503,0,5350363.06,CT,Toronto,0.82891,7307,3439,3326,495,1585,500,825,1805,980,1945,70,1315
504,0,5350363.07,CT,Toronto,2.2765400000000002,5338,1971,1925,330,970,330,610,1085,475,1160,65,700
505,10,5350364.01,CT,Toronto,2.90673,5996,2034,1973,340,1235,340,415,860,440,1375,100,500
506,0,5350364.02,CT,Toronto,0.74379,3053,1004,957,150,675,150,180,405,225,695,60,205
507,0,5350365.0,CT,Toronto,1.5674,6497,2028,1946,335,1415,340,445,915,475,1410,160,375
508,10,5350366.0,CT,Toronto,1.44064,6136,2143,2069,455,1290,455,360,855,495,1465,135,470
509,0,5350367.01,CT,Toronto,0.71324,4710,1398,1375,230,1010,230,370,625,250,1060,90,230
510,20,5350367.02,CT,Toronto,1.0306799999999998,3548,1218,1186,200,820,200,245,510,265,840,85,255
511,10,5350368.01,CT,Toronto,0.8884700000000001,6843,3786,3582,350,1415,350,1045,2495,1450,1695,35,1850
512,0,5350368.02,CT,Toronto,1.57328,4315,1464,1399,190,880,190,300,655,360,905,80,415
513,10,5350369.0,CT,Toronto,2.4665,8094,2520,2441,460,1680,460,405,885,480,1825,145,465
514,10,5350370.01,CT,Toronto,1.76665,9977,3792,3725,700,2000,705,675,1650,975,2435,135,1155
515,20,5350370.02,CT,Toronto,2.27382,5580,1849,1803,325,1155,325,360,800,440,1260,110,435
516,10,5350370.03,CT,Toronto,0.8572299999999999,4137,1409,1357,285,850,285,265,565,305,960,85,315
517,20,5350371.0,CT,Toronto,3.7152300000000005,7626,2691,2570,420,1640,420,560,1130,570,1760,140,675
518,0,5350372.0,CT,Toronto,1.33184,4346,1504,1440,220,1000,220,245,605,355,1055,80,300
519,15,5350373.0,CT,Toronto,0.9606899999999999,4806,1869,1801,335,980,335,515,935,420,1155,80,570
520,15,5350374.01,CT,Toronto,1.18795,4848,1717,1656,290,1125,290,260,650,385,1225,90,345
521,10,5350374.02,CT,Toronto,0.80225,3215,1084,1053,180,770,185,145,420,270,765,90,200
522,0,5350374.03,CT,Toronto,0.80821,4184,1718,1655,270,865,275,395,955,555,970,80,600
523,15,5350375.01,CT,Toronto,0.95309,6324,2817,2733,480,1300,480,465,1370,910,1605,85,1045
524,0,5350375.02,CT,Toronto,0.61463,1959,702,694,90,480,85,80,230,150,500,30,160
525,0,5350375.03,CT,Toronto,0.81361,5318,1917,1866,395,1085,395,365,835,475,1305,85,470
526,0,5350375.04,CT,Toronto,0.9242799999999999,5300,1667,1633,340,1160,340,320,750,430,1255,120,260
527,10,5350375.05,CT,Toronto,1.13069,7208,2484,2449,390,1570,385,355,935,580,1745,100,600
528,10,5350376.01,CT,Toronto,1.04665,5094,1697,1584,415,995,415,345,775,435,1125,135,325
529,15,5350376.02,CT,Toronto,0.8583,5176,1656,1614,355,1115,355,345,760,420,1180,135,300
530,0,5350376.04,CT,Toronto,1.1940600000000001,5460,1866,1804,285,1250,285,270,675,405,1335,95,375
531,10,5350376.05,CT,Toronto,1.30767,6860,2045,1998,365,1575,365,535,1235,705,1345,270,380
532,0,5350376.06,CT,Toronto,2.19192,484,229,219,15,65,15,30,145,110,80,0,135
533,15,5350376.08,CT,Toronto,0.87879,6157,2176,2123,345,1435,345,360,945,585,1510,135,485
534,10,5350376.09,CT,Toronto,0.80105,4638,1644,1602,290,1130,285,285,735,455,1125,140,340
535,10,5350376.11,CT,Toronto,0.47043999999999997,3416,1067,1014,270,655,270,200,400,195,790,65,160
536,10,5350376.12,CT,Toronto,0.91215,5318,1922,1887,260,1305,260,270,810,540,1295,125,465
537,0,5350376.13,CT,Toronto,0.51098,3902,1386,1362,215,980,215,190,545,355,965,105,290
538,0,5350376.14,CT,Toronto,0.7362,3763,1091,1053,195,925,195,195,450,255,815,140,95
539,0,5350376.15,CT,Toronto,0.92289,3696,1574,1518,205,960,205,195,635,435,1065,50,400
540,10,5350376.16,CT,Toronto,0.27148,4226,1672,1621,195,790,200,310,855,545,900,40,680
541,25,5350377.01,CT,Toronto,2.06027,8996,3752,3574,525,2010,520,980,1915,935,2210,160,1210
542,10,5350377.02,CT,Toronto,1.9059599999999999,4405,1493,1407,225,1075,220,235,575,345,1040,120,245
543,10,5350377.03,CT,Toronto,0.65012,2815,892,868,145,675,145,185,405,220,660,80,130
544,20,5350377.04,CT,Toronto,0.8833200000000001,5939,1746,1682,325,1415,325,330,705,380,1255,235,195
545,0,5350377.06,CT,Toronto,0.51169,3809,1001,980,225,845,225,320,630,310,695,175,115
546,20,5350377.07,CT,Toronto,0.76461,4857,1321,1282,270,1060,270,280,595,315,970,165,145
547,0,5350378.02,CT,Toronto,1.05954,3257,979,929,160,705,165,325,555,225,675,95,160
548,10,5350378.03,CT,Toronto,2.2069099999999997,7363,2503,2434,550,1510,545,480,1075,590,1740,155,535
549,10,5350378.04,CT,Toronto,1.27906,6148,1826,1753,365,1260,365,350,725,375,1270,170,315
550,0,5350378.05,CT,Toronto,0.7275699999999999,3907,1235,1201,345,740,350,185,480,295,905,90,210
551,10,5350378.06,CT,Toronto,1.7906,6063,1754,1671,410,1225,410,330,630,305,1265,185,225
552,0,5350378.07,CT,Toronto,2.80032,7099,2311,2226,455,1490,455,420,960,540,1625,150,445
553,10,5350378.08,CT,Toronto,0.88574,6263,1997,1953,385,1460,380,300,770,470,1420,205,335
554,0,5350378.11,CT,Toronto,0.9633700000000001,5693,1748,1713,350,1175,355,380,750,365,1250,135,335
555,10,5350378.12,CT,Toronto,0.78391,5181,1904,1828,520,895,520,345,805,460,1210,100,515
556,10,5350378.14,CT,Toronto,0.9291299999999999,3892,1184,1168,245,855,245,210,465,250,925,85,155
557,10,5350378.16,CT,Toronto,0.63484,6103,2005,1923,340,1345,345,340,770,425,1360,160,405
558,10,5350378.17,CT,Toronto,0.47397,3336,961,903,265,625,260,95,280,180,730,75,100
559,0,5350378.18,CT,Toronto,0.09093,2765,1114,1100,245,585,250,170,455,290,760,35,305
560,10,5350378.19,CT,Toronto,4.5159199999999995,5162,1438,1411,265,1220,270,255,545,290,1070,195,140
561,0,5350378.2,CT,Toronto,0.10951,2093,775,769,150,505,150,105,275,170,570,40,155
562,0,5350378.21,CT,Toronto,0.70181,3948,1056,1043,215,910,215,220,475,260,810,145,85
563,10,5350378.22,CT,Toronto,0.53214,3454,891,877,190,795,195,225,490,270,655,150,70
564,10,5350378.23,CT,Toronto,1.53025,4095,1334,1302,230,980,230,230,585,355,915,140,245
565,10,5350378.24,CT,Toronto,2.52877,6109,2218,2147,325,1390,325,325,955,630,1425,140,585
566,10,5350378.25,CT,Toronto,4.76673,7931,1885,1858,300,1790,300,245,640,400,1445,310,100
567,10,5350378.26,CT,Toronto,1.66052,4761,1165,1144,175,1125,175,130,335,215,890,195,60
568,0,5350378.27,CT,Toronto,20.2249,5806,1556,1530,305,1260,305,240,580,340,1170,185,170
569,0,5350378.28,CT,Toronto,2.25257,7175,2041,1925,485,1505,485,275,670,395,1465,255,205
570,0,5350802.01,CT,Toronto,2.2159999999999997,3829,1290,1267,180,985,180,115,305,185,1050,55,165
571,0,5350802.02,CT,Toronto,2.4403099999999998,5675,1844,1826,200,1430,200,180,455,275,1505,65,260
