,GeoUID,Type,RegionName,Area(sqKm),Population,Dwellings,Households,PopulationCT,PopulationDensity,LandArea(skm),BicycleF,BicycleM,BicycleT
0,5350001.0,CT,Toronto,6.62211,595,274,247,595,97.6,6.1,10,25,30
1,5350002.0,CT,Toronto,3.2947,620,279,270,620,195.4,3.17,30,45,75
2,5350003.0,CT,Toronto,0.94253,749,267,258,749,820.5,0.91,15,0,20
3,5350004.0,CT,Toronto,0.34347,6686,3609,3455,6686,19453.0,0.34,160,225,385
4,5350005.0,CT,Toronto,0.37611999999999995,6424,3729,3424,6424,17076.0,0.38,105,220,320
5,5350006.0,CT,Toronto,0.01288,0,0,0,0,0.0,0.01,0,0,0
6,5350007.01,CT,Toronto,0.19931,3237,1827,1747,3237,16233.7,0.2,60,125,185
7,5350007.02,CT,Toronto,0.43656999999999996,4753,2653,2506,4753,10891.4,0.44,85,150,235
8,5350008.01,CT,Toronto,0.29723,7503,5192,4954,7503,25262.6,0.3,120,205,325
9,5350008.02,CT,Toronto,1.8393700000000002,9942,6390,6060,9942,5345.7,1.86,115,285,400
10,5350009.0,CT,Toronto,0.10317,567,169,166,567,5499.5,0.1,0,10,10
11,5350010.01,CT,Toronto,0.26263000000000003,5428,3281,3147,5428,20670.2,0.26,80,145,225
12,5350010.02,CT,Toronto,0.54735,7740,4628,4447,7740,14144.7,0.55,180,195,370
13,5350011.0,CT,Toronto,0.9803700000000001,17549,15207,11891,17549,17903.5,0.98,155,300,450
14,5350012.01,CT,Toronto,0.41877,11658,7449,6881,11658,27843.3,0.42,115,265,380
15,5350012.03,CT,Toronto,0.46643,8865,5997,5311,8865,19003.2,0.47,20,115,140
16,5350012.04,CT,Toronto,0.233,4899,3258,2956,4899,21272.3,0.23,40,50,90
17,5350013.01,CT,Toronto,0.34314,6290,4499,4059,6290,18332.8,0.34,15,30,40
18,5350013.02,CT,Toronto,0.41796000000000005,8126,5270,4725,8126,19449.5,0.42,25,45,65
19,5350014.0,CT,Toronto,0.47266,1242,975,691,1242,2628.0,0.47,0,0,10
20,5350015.0,CT,Toronto,0.28599,3663,2451,2226,3663,12807.7,0.29,15,15,25
21,5350016.0,CT,Toronto,0.65971,10101,6527,6180,10101,15430.8,0.65,135,210,350
22,5350017.0,CT,Toronto,1.37531,7906,5250,4663,7906,5889.5,1.34,120,210,330
23,5350018.0,CT,Toronto,0.35178000000000004,2456,1319,1248,2456,7081.9,0.35,50,85,135
24,5350019.0,CT,Toronto,0.24894000000000002,3258,1410,1365,3258,13089.6,0.25,45,75,120
25,5350020.0,CT,Toronto,0.7386199999999999,2390,1028,1014,2390,3236.3,0.74,0,30,35
26,5350021.0,CT,Toronto,0.8680700000000001,5199,2830,2661,5199,5977.9,0.87,75,105,180
27,5350022.0,CT,Toronto,0.55462,3883,1577,1504,3883,6998.9,0.55,20,70,85
28,5350023.0,CT,Toronto,0.68635,3208,1355,1286,3208,4673.7,0.69,10,45,55
29,5350024.0,CT,Toronto,0.70927,6887,3136,2963,6887,9713.7,0.71,65,155,215
30,5350025.0,CT,Toronto,0.5284300000000001,3456,1659,1610,3456,6540.5,0.53,30,75,105
31,5350026.0,CT,Toronto,0.7771899999999999,6486,2894,2695,6486,8344.3,0.78,105,145,250
32,5350027.0,CT,Toronto,0.48531,4390,1818,1724,4390,9046.0,0.49,60,105,165
33,5350028.01,CT,Toronto,0.20715999999999998,1387,728,684,1387,6690.8,0.21,25,25,50
34,5350028.02,CT,Toronto,0.46335,6198,3007,2836,6198,13383.7,0.46,110,135,240
35,5350029.0,CT,Toronto,0.6866899999999999,6987,3099,2962,6987,10354.2,0.67,150,170,325
36,5350030.0,CT,Toronto,0.38708000000000004,4529,2319,2195,4529,11893.4,0.38,80,115,190
37,5350031.0,CT,Toronto,0.26375,6274,2864,2765,6274,24270.8,0.26,35,70,110
38,5350032.0,CT,Toronto,0.4197,5363,2976,2641,5363,12781.2,0.42,80,150,225
39,5350033.0,CT,Toronto,0.31956999999999997,5042,3010,2733,5042,15780.9,0.32,25,85,115
40,5350034.01,CT,Toronto,0.12455,4554,2884,2268,4554,36578.3,0.12,20,55,70
41,5350034.02,CT,Toronto,0.39824,5147,3409,3055,5147,12922.4,0.4,40,60,95
42,5350035.0,CT,Toronto,0.66273,9876,6772,5707,9876,14900.4,0.66,40,80,120
43,5350036.0,CT,Toronto,0.38343,5487,3641,3272,5487,14311.4,0.38,75,135,210
44,5350037.0,CT,Toronto,0.45102,4494,2463,2116,4494,9957.9,0.45,110,180,290
45,5350038.0,CT,Toronto,0.36616,3772,1820,1638,3772,10303.2,0.37,105,170,275
46,5350039.0,CT,Toronto,0.31773,4192,1821,1709,4192,13186.5,0.32,60,105,165
47,5350040.0,CT,Toronto,0.36873,4568,1961,1788,4568,12396.2,0.37,120,185,305
48,5350041.0,CT,Toronto,0.31711999999999996,3453,1588,1453,3453,10889.3,0.32,130,185,310
49,5350042.0,CT,Toronto,0.48994,4570,2150,1965,4570,9328.4,0.49,205,245,450
50,5350043.0,CT,Toronto,0.55392,3965,1863,1704,3965,7158.3,0.55,160,160,315
51,5350044.0,CT,Toronto,0.49063999999999997,8825,5124,4629,8825,17988.2,0.49,290,450,740
52,5350045.0,CT,Toronto,0.29514,3453,1567,1468,3453,11693.2,0.3,115,170,290
53,5350046.0,CT,Toronto,0.42036,3281,1404,1330,3281,7808.2,0.42,100,130,230
54,5350047.02,CT,Toronto,0.28694000000000003,3791,2083,1947,3791,13209.1,0.29,95,120,215
55,5350047.03,CT,Toronto,0.11809000000000001,703,376,361,703,5952.6,0.12,35,50,85
56,5350047.04,CT,Toronto,0.27379000000000003,2846,1253,1180,2846,10394.4,0.27,90,125,215
57,5350048.0,CT,Toronto,0.3349,3557,1660,1560,3557,10617.9,0.34,105,165,265
58,5350049.0,CT,Toronto,0.46479,3663,1506,1426,3663,7879.1,0.46,95,135,230
59,5350050.01,CT,Toronto,1.46504,8746,4553,4336,8746,6816.8,1.28,50,90,140
60,5350050.03,CT,Toronto,1.92412,1109,606,590,1109,653.2,1.7,0,10,10
61,5350050.04,CT,Toronto,0.77861,5008,2291,2212,5008,6589.5,0.76,35,65,105
62,5350051.0,CT,Toronto,0.69119,5399,2570,2313,5399,7807.7,0.69,130,190,325
63,5350052.0,CT,Toronto,0.50129,4077,1933,1839,4077,8134.5,0.5,160,135,295
64,5350053.0,CT,Toronto,0.6831699999999999,5982,2840,2712,5982,8755.9,0.68,175,180,355
65,5350054.0,CT,Toronto,0.70239,5803,2975,2724,5803,8261.7,0.7,210,210,420
66,5350055.0,CT,Toronto,0.27636,2763,1403,1320,2763,10000.0,0.28,170,150,320
67,5350056.0,CT,Toronto,0.50948,4772,2170,2018,4772,9367.9,0.51,250,250,495
68,5350057.0,CT,Toronto,0.26644,2311,1226,1108,2311,8674.9,0.27,110,105,210
69,5350058.0,CT,Toronto,0.38414,3980,2063,1888,3980,10351.1,0.38,225,220,445
70,5350059.0,CT,Toronto,0.36663,3837,1621,1447,3837,10466.4,0.37,190,195,390
71,5350060.0,CT,Toronto,0.27159,2685,1669,1471,2685,9885.9,0.27,60,90,150
72,5350061.0,CT,Toronto,0.76722,1085,536,475,1085,1414.2,0.77,0,10,15
73,5350062.01,CT,Toronto,0.10685,5595,3852,3302,5595,52387.6,0.11,30,60,90
74,5350062.02,CT,Toronto,0.58534,9084,6837,5374,9084,15520.2,0.59,30,75,105
75,5350063.03,CT,Toronto,0.09337999999999999,5104,3640,3405,5104,54646.7,0.09,25,110,135
76,5350063.04,CT,Toronto,0.14093,3370,2409,2264,3370,23917.7,0.14,35,80,115
77,5350063.05,CT,Toronto,0.12992,4331,3429,2943,4331,33315.4,0.13,45,80,120
78,5350063.06,CT,Toronto,0.19221,5171,3761,3519,5171,26890.3,0.19,30,100,130
79,5350064.0,CT,Toronto,0.19472,4311,2898,2683,4311,22130.4,0.19,65,105,175
80,5350065.01,CT,Toronto,0.08613,2483,1496,1394,2483,28872.1,0.09,10,70,70
81,5350065.02,CT,Toronto,0.14340999999999998,11821,5715,5481,11821,82433.8,0.14,65,165,230
82,5350066.0,CT,Toronto,0.32848,7608,4597,4425,7608,23166.9,0.33,120,205,325
83,5350067.0,CT,Toronto,0.6634399999999999,1694,868,814,1694,2600.6,0.65,45,80,125
84,5350068.0,CT,Toronto,0.43058,2367,1296,1203,2367,5655.9,0.42,110,150,260
85,5350069.0,CT,Toronto,0.8727299999999999,4923,2011,1894,4923,5734.4,0.86,125,180,305
86,5350070.0,CT,Toronto,0.44642,3512,1774,1712,3512,7980.0,0.44,65,60,125
87,5350071.0,CT,Toronto,0.46398,3481,1521,1402,3481,7498.9,0.46,70,115,185
88,5350072.01,CT,Toronto,0.40518000000000004,4586,1949,1864,4586,11315.1,0.41,80,75,160
89,5350072.02,CT,Toronto,0.5369,3141,1320,1261,3141,5850.3,0.54,60,95,145
90,5350073.0,CT,Toronto,0.35718,2605,1077,1007,2605,7292.8,0.36,25,55,80
91,5350074.0,CT,Toronto,0.3998,3848,1710,1598,3848,9624.8,0.4,115,95,205
92,5350075.0,CT,Toronto,0.49858,4083,1839,1760,4083,8190.6,0.5,25,100,125
93,5350076.0,CT,Toronto,0.45743999999999996,4415,1993,1937,4415,9646.1,0.46,45,75,115
94,5350077.0,CT,Toronto,0.6104,4670,1968,1907,4670,7652.0,0.61,60,105,160
95,5350078.0,CT,Toronto,0.77495,6016,2980,2854,6016,7760.6,0.78,40,95,135
96,5350079.0,CT,Toronto,1.01839,7327,2986,2887,7327,7194.6,1.02,60,75,135
97,5350080.01,CT,Toronto,0.47192,3352,1496,1428,3352,7104.7,0.47,20,20,45
98,5350080.02,CT,Toronto,0.39054,4686,2073,2011,4686,11996.9,0.39,10,40,50
99,5350081.0,CT,Toronto,0.36798000000000003,2848,1140,1076,2848,7741.2,0.37,25,50,75
100,5350082.0,CT,Toronto,0.3084,2766,1060,1027,2766,8971.8,0.31,40,55,95
101,5350083.0,CT,Toronto,0.44642,4052,1908,1822,4052,9077.1,0.45,45,85,125
102,5350084.0,CT,Toronto,0.40903,3810,1613,1498,3810,9317.7,0.41,45,75,120
103,5350085.0,CT,Toronto,0.49901,3994,2154,2078,3994,8112.9,0.49,50,85,135
104,5350086.0,CT,Toronto,1.1385,2661,965,921,2661,2337.1,1.14,10,15,25
105,5350087.0,CT,Toronto,1.60971,5155,2652,2491,5155,3218.5,1.6,40,95,135
106,5350088.0,CT,Toronto,0.22973000000000002,3249,1997,1821,3249,14144.5,0.23,20,25,40
107,5350089.0,CT,Toronto,0.32969,3896,2995,2345,3896,11816.8,0.33,10,30,35
108,5350090.0,CT,Toronto,0.39427,4144,2584,2347,4144,10512.4,0.39,20,35,55
109,5350091.01,CT,Toronto,0.51145,6031,3639,3224,6031,11788.5,0.51,105,140,245
110,5350091.02,CT,Toronto,0.32714,3525,2288,2009,3525,10773.2,0.33,100,125,230
111,5350092.0,CT,Toronto,0.62885,7278,4113,3718,7278,11576.3,0.63,260,305,560
112,5350093.0,CT,Toronto,0.61785,5652,2490,2291,5652,9148.6,0.62,295,255,550
113,5350094.0,CT,Toronto,0.6389199999999999,4950,2177,2048,4950,7742.8,0.64,195,175,370
114,5350095.0,CT,Toronto,0.31549,3095,1392,1319,3095,9809.8,0.32,110,160,270
115,5350096.01,CT,Toronto,0.20052999999999999,1658,694,658,1658,8265.2,0.2,60,75,135
116,5350096.02,CT,Toronto,0.34918000000000005,3336,1494,1398,3336,9553.3,0.35,130,115,240
117,5350097.01,CT,Toronto,0.3825,4322,1758,1621,4322,11305.3,0.38,110,105,215
118,5350097.03,CT,Toronto,0.17179,1207,783,679,1207,7029.7,0.17,15,35,45
119,5350097.04,CT,Toronto,0.32489,5462,2528,2392,5462,16816.5,0.32,110,120,230
120,5350098.0,CT,Toronto,0.71535,7099,3123,3002,7099,9924.5,0.72,135,170,305
121,5350099.0,CT,Toronto,0.5813,6585,3380,3241,6585,11326.1,0.58,95,130,230
122,5350100.0,CT,Toronto,0.28925,2956,1492,1432,2956,10224.8,0.29,40,100,135
123,5350101.0,CT,Toronto,0.43013999999999997,3128,1595,1464,3128,7272.7,0.43,80,80,155
124,5350102.02,CT,Toronto,0.11565999999999999,4313,2688,2535,4313,37309.7,0.12,40,30,65
125,5350102.03,CT,Toronto,0.13087000000000001,3682,2178,2095,3682,28128.3,0.13,30,50,80
126,5350102.04,CT,Toronto,0.10128999999999999,671,309,285,671,6623.9,0.1,15,0,15
127,5350102.05,CT,Toronto,0.11899000000000001,861,359,340,861,7235.3,0.12,0,30,30
128,5350103.0,CT,Toronto,0.83794,6050,2627,2527,6050,7221.3,0.84,45,100,145
129,5350104.0,CT,Toronto,0.73732,5525,2141,2054,5525,7491.5,0.74,35,90,130
130,5350105.0,CT,Toronto,0.55453,4509,1917,1790,4509,8133.1,0.55,75,125,200
131,5350106.0,CT,Toronto,1.37076,3773,1427,1343,3773,2752.4,1.37,0,25,35
132,5350107.0,CT,Toronto,0.71899,5085,1880,1751,5085,7074.3,0.72,25,40,70
133,5350108.0,CT,Toronto,0.73607,6013,2679,2475,6013,8168.7,0.74,55,85,135
134,5350109.0,CT,Toronto,0.62602,5496,2299,2203,5496,8778.2,0.63,65,110,170
135,5350110.0,CT,Toronto,0.5455399999999999,3577,1557,1434,3577,6556.1,0.55,15,40,60
136,5350111.0,CT,Toronto,0.45581000000000005,2507,968,902,2507,5499.0,0.46,10,15,25
137,5350112.0,CT,Toronto,0.5017199999999999,5295,2181,2035,5295,10556.2,0.5,75,65,140
138,5350113.0,CT,Toronto,0.38225,2754,1197,1118,2754,7203.8,0.38,45,85,130
139,5350114.0,CT,Toronto,0.62462,5349,2471,2369,5349,8561.1,0.62,85,105,190
140,5350115.0,CT,Toronto,0.37543000000000004,4372,1670,1597,4372,11652.5,0.38,130,115,240
141,5350116.0,CT,Toronto,0.67913,4628,2044,1921,4628,6827.0,0.68,75,100,180
142,5350117.0,CT,Toronto,0.39107,2211,1165,1106,2211,5653.3,0.39,25,45,70
143,5350118.0,CT,Toronto,0.69384,4127,2183,1990,4127,5948.4,0.69,35,65,100
144,5350119.0,CT,Toronto,0.8519,4630,2485,2310,4630,5436.8,0.85,15,30,45
145,5350120.0,CT,Toronto,0.25722,1381,697,654,1381,5367.3,0.26,10,20,30
146,5350121.0,CT,Toronto,0.29736,2659,1629,1448,2659,8946.8,0.3,0,0,10
147,5350122.0,CT,Toronto,0.53381,6220,3655,3443,6220,11654.5,0.53,45,40,90
148,5350123.0,CT,Toronto,0.07501000000000001,2268,1494,1467,2268,30240.0,0.08,10,10,25
149,5350124.0,CT,Toronto,0.55675,5416,3470,3278,5416,9725.3,0.56,25,50,75
150,5350125.0,CT,Toronto,1.12047,4442,1618,1543,4442,3965.7,1.12,20,30,50
151,5350126.0,CT,Toronto,1.44927,4248,1746,1693,4248,2931.3,1.45,15,45,60
152,5350127.0,CT,Toronto,0.74046,5450,2325,2236,5450,7358.9,0.74,10,45,65
153,5350128.02,CT,Toronto,0.51869,8705,5052,4766,8705,16779.1,0.52,25,45,70
154,5350128.04,CT,Toronto,0.16199000000000002,4698,2994,2927,4698,29000.0,0.16,20,10,30
155,5350128.05,CT,Toronto,0.18162999999999999,945,366,304,945,5203.7,0.18,15,0,20
156,5350128.06,CT,Toronto,0.08584,4199,2601,2523,4199,48882.4,0.09,25,20,45
157,5350129.0,CT,Toronto,0.9274100000000001,5770,2787,2622,5770,6221.7,0.93,35,35,75
158,5350130.0,CT,Toronto,1.27901,3543,1365,1279,3543,2769.5,1.28,20,20,35
159,5350131.0,CT,Toronto,1.04439,5310,2505,2360,5310,5083.3,1.04,25,60,85
160,5350132.0,CT,Toronto,0.92464,5467,2155,2038,5467,5912.8,0.92,15,35,45
161,5350133.0,CT,Toronto,0.66745,7339,3629,3408,7339,10998.1,0.67,15,35,50
162,5350134.0,CT,Toronto,0.41703999999999997,2959,1076,1033,2959,7092.5,0.42,25,25,45
163,5350135.0,CT,Toronto,0.71622,6047,3316,3054,6047,8442.0,0.72,35,35,70
164,5350136.01,CT,Toronto,0.19196,6128,4023,3779,6128,31916.7,0.19,20,30,50
165,5350136.02,CT,Toronto,0.21013,4983,3459,3198,4983,23706.0,0.21,15,25,35
166,5350137.0,CT,Toronto,0.9142100000000001,7077,3644,3509,7077,7740.3,0.91,15,75,90
167,5350138.0,CT,Toronto,0.96546,3103,1250,1181,3103,3214.2,0.97,10,10,15
168,5350139.01,CT,Toronto,0.7736,4167,1904,1824,4167,5385.8,0.77,10,25,30
169,5350139.02,CT,Toronto,0.50952,2542,961,920,2542,4989.2,0.51,10,10,20
170,5350140.0,CT,Toronto,0.57204,2408,826,791,2408,4209.8,0.57,10,20,25
171,5350141.01,CT,Toronto,0.5504100000000001,4320,1685,1620,4320,7854.5,0.55,0,25,30
172,5350141.02,CT,Toronto,0.6875899999999999,4477,1624,1561,4477,6512.0,0.69,10,30,35
173,5350142.0,CT,Toronto,1.0439200000000002,5810,2313,2237,5810,5565.7,1.04,0,15,20
174,5350150.0,CT,Toronto,1.10899,4201,1640,1586,4201,3939.4,1.07,10,50,65
175,5350151.0,CT,Toronto,0.65559,3784,1577,1535,3784,5979.8,0.63,10,55,60
176,5350152.0,CT,Toronto,0.8546299999999999,4545,1846,1764,4545,5317.7,0.85,30,105,135
177,5350153.0,CT,Toronto,0.92761,4462,1783,1685,4462,4811.3,0.93,15,35,55
178,5350154.0,CT,Toronto,2.15888,6157,2899,2818,6157,2936.0,2.1,0,10,10
179,5350155.0,CT,Toronto,0.81296,3128,1316,1206,3128,3848.4,0.81,0,0,0
180,5350156.01,CT,Toronto,0.60545,5688,2365,2273,5688,9395.4,0.61,10,15,20
181,5350156.02,CT,Toronto,0.59201,2811,1124,1073,2811,4747.5,0.59,0,0,0
182,5350157.0,CT,Toronto,0.48528000000000004,2635,1107,1016,2635,5689.9,0.46,10,10,15
183,5350158.0,CT,Toronto,0.63989,2848,1346,1250,2848,4451.4,0.64,10,10,15
184,5350159.01,CT,Toronto,0.49246999999999996,3487,1386,1223,3487,7081.6,0.49,10,0,10
185,5350159.02,CT,Toronto,0.5753199999999999,4723,1843,1709,4723,8209.6,0.58,10,20,25
186,5350160.0,CT,Toronto,0.73445,3116,1246,1143,3116,4241.2,0.73,0,15,15
187,5350161.0,CT,Toronto,0.81126,6839,2689,2537,6839,8432.8,0.81,15,40,55
188,5350162.0,CT,Toronto,0.57575,5119,2059,1952,5119,8890.2,0.58,10,45,50
189,5350163.0,CT,Toronto,0.45421999999999996,4358,1882,1762,4358,9590.7,0.45,55,70,125
190,5350164.0,CT,Toronto,0.6282300000000001,6258,2629,2515,6258,9966.6,0.63,75,125,195
191,5350165.0,CT,Toronto,0.48493,4370,2031,1943,4370,9012.2,0.48,55,85,135
192,5350166.0,CT,Toronto,0.78603,4180,1691,1625,4180,5317.4,0.79,10,20,35
193,5350167.01,CT,Toronto,0.13410999999999998,1879,1483,1312,1879,14001.5,0.13,15,20,30
194,5350167.02,CT,Toronto,0.60145,5815,3143,2998,5815,9667.5,0.6,50,55,110
195,5350168.0,CT,Toronto,0.56552,5475,2665,2458,5475,9678.3,0.57,30,30,60
196,5350169.01,CT,Toronto,0.3781,3472,1457,1334,3472,9182.8,0.38,10,0,10
197,5350169.02,CT,Toronto,0.43778,7464,3318,3202,7464,17041.1,0.44,15,30,40
198,5350170.0,CT,Toronto,1.01423,3321,1305,1201,3321,3274.8,1.01,0,10,10
199,5350171.0,CT,Toronto,0.6081,4055,1613,1522,4055,6668.3,0.61,0,10,10
200,5350172.0,CT,Toronto,1.21015,2522,1183,1128,2522,2083.8,1.21,0,0,10
201,5350173.0,CT,Toronto,0.60145,3694,1528,1438,3694,6141.3,0.6,0,0,0
202,5350174.0,CT,Toronto,1.06328,7264,2751,2723,7264,6928.0,1.05,10,0,10
203,5350175.01,CT,Toronto,0.8012600000000001,6036,2551,2406,6036,7676.5,0.79,0,0,0
204,5350175.02,CT,Toronto,0.74248,7679,3813,3585,7679,10824.6,0.71,0,0,10
205,5350176.0,CT,Toronto,1.00471,4277,1697,1609,4277,4257.4,1.0,0,20,20
206,5350180.0,CT,Toronto,0.6138,6556,2875,2765,6556,10679.3,0.61,20,20,35
207,5350181.01,CT,Toronto,0.57055,4313,1940,1858,4313,7560.0,0.57,45,60,105
208,5350181.02,CT,Toronto,0.60182,3552,1664,1591,3552,5901.3,0.6,10,55,70
209,5350182.0,CT,Toronto,0.7605,5531,2297,2186,5531,7272.8,0.76,30,80,110
210,5350183.01,CT,Toronto,0.52409,2603,1048,1007,2603,4966.6,0.52,20,50,65
211,5350183.02,CT,Toronto,0.42813,3938,1584,1522,3938,9196.6,0.43,40,85,130
212,5350184.01,CT,Toronto,0.47406000000000004,5108,2346,2307,5108,10767.3,0.47,30,70,95
213,5350184.02,CT,Toronto,0.56201,3768,1694,1642,3768,6757.5,0.56,15,30,50
214,5350185.01,CT,Toronto,0.49918999999999997,6810,3507,3394,6810,13647.3,0.5,75,135,205
215,5350185.02,CT,Toronto,1.2288700000000001,4689,2305,2269,4689,3921.6,1.2,15,75,90
216,5350186.0,CT,Toronto,1.9107599999999998,2416,949,913,2416,1297.7,1.86,15,10,30
217,5350187.0,CT,Toronto,1.21045,3448,1424,1351,3448,2878.1,1.2,15,40,55
218,5350188.0,CT,Toronto,0.55199,2017,842,797,2017,3655.3,0.55,25,20,40
219,5350189.0,CT,Toronto,1.2395100000000001,5462,2226,2180,5462,4406.3,1.24,0,20,25
220,5350190.01,CT,Toronto,0.40226999999999996,9127,3577,3507,9127,22681.4,0.4,0,15,20
221,5350190.02,CT,Toronto,0.5813,4765,2102,2026,4765,8197.1,0.58,10,15,20
222,5350191.0,CT,Toronto,0.8230299999999999,4229,1853,1779,4229,5137.3,0.82,15,25,40
223,5350192.0,CT,Toronto,0.92037,905,462,440,905,986.8,0.92,0,0,0
224,5350193.0,CT,Toronto,1.41592,3314,1070,1043,3314,2396.2,1.38,0,10,10
225,5350194.01,CT,Toronto,0.2315,5498,1482,1463,5498,24922.9,0.22,0,25,25
226,5350194.02,CT,Toronto,0.34635,6240,1934,1923,6240,18013.9,0.35,10,10,10
227,5350194.03,CT,Toronto,0.25016,2933,1238,1229,2933,11722.6,0.25,0,10,0
228,5350194.04,CT,Toronto,2.29209,6437,2571,2508,6437,2813.5,2.29,10,15,20
229,5350195.01,CT,Toronto,0.9462,4483,1656,1604,4483,4737.4,0.95,25,35,60
230,5350195.02,CT,Toronto,0.37813,2317,920,894,2317,6124.8,0.38,25,25,45
231,5350196.01,CT,Toronto,0.3774,1977,811,775,1977,5237.1,0.38,10,15,25
232,5350196.02,CT,Toronto,1.10548,5635,2376,2250,5635,5097.7,1.11,30,50,75
233,5350200.01,CT,Toronto,0.6408,5614,3143,3055,5614,10524.9,0.53,0,65,70
234,5350200.02,CT,Toronto,0.14209000000000002,981,680,649,981,6903.6,0.14,10,10,15
235,5350201.0,CT,Toronto,0.75952,5371,2989,2776,5371,7138.5,0.75,10,40,50
236,5350202.0,CT,Toronto,0.33589,1647,653,631,1647,4903.2,0.34,15,10,25
237,5350203.0,CT,Toronto,0.58927,3160,1507,1431,3160,5364.1,0.59,0,20,25
238,5350204.0,CT,Toronto,0.74088,4537,2310,2210,4537,6122.8,0.74,30,80,105
239,5350205.0,CT,Toronto,0.7337199999999999,149,0,0,149,204.8,0.73,0,0,0
240,5350206.01,CT,Toronto,1.13878,4217,2151,2041,4217,3783.8,1.11,20,25,45
241,5350206.02,CT,Toronto,1.08513,5867,2994,2774,5867,5406.9,1.09,10,50,65
242,5350207.0,CT,Toronto,0.67366,2605,1285,1181,2605,3867.3,0.67,0,15,25
243,5350208.0,CT,Toronto,1.29403,4172,2062,1981,4172,3223.9,1.29,10,20,25
244,5350209.0,CT,Toronto,0.69308,2718,1338,1252,2718,3922.1,0.69,10,10,20
245,5350210.01,CT,Toronto,2.96012,3083,1008,971,3083,1041.6,2.96,0,15,20
246,5350210.02,CT,Toronto,0.94935,11390,9168,7016,11390,12511.0,0.91,30,50,85
247,5350211.0,CT,Toronto,3.27116,6350,2512,2447,6350,1941.2,3.27,15,30,40
248,5350212.0,CT,Toronto,1.7065400000000002,5704,2220,2169,5704,3397.9,1.68,0,20,25
249,5350213.01,CT,Toronto,0.94226,2666,1021,990,2666,2829.5,0.94,10,10,15
250,5350213.02,CT,Toronto,7.044739999999999,6045,3246,3134,6045,864.7,6.99,0,10,0
251,5350214.0,CT,Toronto,2.8237799999999997,5069,2466,2389,5069,1794.9,2.82,0,15,15
252,5350215.0,CT,Toronto,2.60049,6748,2991,2789,6748,2600.0,2.6,20,30,55
253,5350216.0,CT,Toronto,1.9993,5532,2238,2163,5532,2793.5,1.98,25,30,50
254,5350217.0,CT,Toronto,1.33055,5692,2917,2756,5692,4704.5,1.21,25,25,50
255,5350218.0,CT,Toronto,0.6829999999999999,2652,1060,1025,2652,3882.3,0.68,0,25,30
256,5350219.0,CT,Toronto,1.36063,4427,1690,1644,4427,3254.0,1.36,15,35,50
257,5350220.0,CT,Toronto,1.32212,4177,1597,1584,4177,3219.5,1.3,10,10,20
258,5350221.01,CT,Toronto,1.64542,6377,2751,2725,6377,3925.8,1.62,10,10,20
259,5350221.02,CT,Toronto,0.80501,5202,2167,2064,5202,6461.3,0.81,10,45,50
260,5350222.01,CT,Toronto,1.28483,6699,2626,2557,6699,5213.2,1.29,0,10,0
261,5350222.02,CT,Toronto,1.2002,5141,1830,1782,5141,4283.1,1.2,10,10,15
262,5350223.01,CT,Toronto,0.8724200000000001,1522,536,530,1522,1744.6,0.87,0,10,10
263,5350223.02,CT,Toronto,0.8724700000000001,2136,793,771,2136,2449.0,0.87,0,0,0
264,5350224.0,CT,Toronto,1.04417,1696,578,573,1696,1624.1,1.04,0,0,0
265,5350225.01,CT,Toronto,0.93466,4981,2387,2316,4981,5330.1,0.93,10,0,10
266,5350225.02,CT,Toronto,0.3048,9706,5006,4859,9706,31843.8,0.3,10,15,25
267,5350226.0,CT,Toronto,0.9533299999999999,3167,1262,1212,3167,3321.8,0.95,0,10,0
268,5350227.0,CT,Toronto,0.49183999999999994,1750,637,626,1750,3558.4,0.49,0,0,0
269,5350228.0,CT,Toronto,0.883,3131,1418,1362,3131,3829.5,0.82,15,20,30
270,5350229.0,CT,Toronto,0.32031,1223,393,384,1223,3819.5,0.32,0,0,0
271,5350230.01,CT,Toronto,1.50655,2537,1109,1082,2537,1752.3,1.45,0,0,10
272,5350230.02,CT,Toronto,0.9858399999999999,6537,2775,2606,6537,6631.2,0.99,0,10,10
273,5350231.0,CT,Toronto,3.02848,6461,2722,2566,6461,2133.5,3.03,10,15,20
274,5350232.0,CT,Toronto,2.04605,3825,1348,1306,3825,1869.5,2.05,0,0,0
275,5350233.0,CT,Toronto,2.0806,5530,2032,1982,5530,2658.3,2.08,0,0,0
276,5350234.0,CT,Toronto,2.11718,4524,1645,1600,4524,2136.7,2.12,0,0,0
277,5350235.01,CT,Toronto,1.40707,2841,1009,997,2841,2019.3,1.41,0,0,10
278,5350235.02,CT,Toronto,1.07805,5277,2039,2010,5277,4894.7,1.08,10,10,15
279,5350236.01,CT,Toronto,0.98685,6646,2560,2519,6646,6734.9,0.99,0,15,15
280,5350236.02,CT,Toronto,4.07421,5946,2284,2256,5946,1504.1,3.95,0,0,10
281,5350237.01,CT,Toronto,1.1853200000000002,6816,2468,2410,6816,5750.4,1.19,0,10,0
282,5350237.02,CT,Toronto,0.9550299999999999,2986,1077,1061,2986,3126.0,0.96,0,0,0
283,5350237.03,CT,Toronto,1.0689799999999998,5638,2626,2544,5638,5274.1,1.07,0,10,10
284,5350238.01,CT,Toronto,1.03807,3350,1259,1231,3350,3227.0,1.04,0,0,0
285,5350238.02,CT,Toronto,0.98177,5244,2070,1953,5244,5342.3,0.98,0,10,10
286,5350239.0,CT,Toronto,2.55782,6481,2511,2383,6481,2561.6,2.53,15,10,25
287,5350240.01,CT,Toronto,1.2726899999999999,3366,1291,1263,3366,2644.8,1.27,0,0,10
288,5350240.02,CT,Toronto,1.04495,6043,2621,2558,6043,5782.8,1.05,0,0,0
289,5350241.0,CT,Toronto,1.0982,3231,1030,1003,3231,2967.2,1.09,0,10,10
290,5350242.0,CT,Toronto,0.67084,1674,610,575,1674,2759.2,0.61,0,0,0
291,5350243.01,CT,Toronto,0.31518,6658,2236,2142,6658,21129.8,0.32,0,10,10
292,5350243.02,CT,Toronto,1.2154,3617,1342,1304,3617,2975.7,1.22,0,0,0
293,5350244.01,CT,Toronto,1.45046,5677,2009,1945,5677,3957.2,1.43,0,0,10
294,5350244.02,CT,Toronto,1.46584,3779,1335,1274,3779,2640.3,1.43,10,10,10
295,5350245.0,CT,Toronto,1.42111,6934,2672,2567,6934,4879.7,1.42,0,20,25
296,5350246.0,CT,Toronto,1.0727,3595,1317,1279,3595,3351.0,1.07,0,10,0
297,5350247.01,CT,Toronto,17.35024,8727,2931,2748,8727,504.8,17.29,0,10,10
298,5350247.02,CT,Toronto,3.22582,7167,2537,2385,7167,2221.5,3.23,0,20,20
299,5350248.02,CT,Toronto,1.23696,5671,1864,1784,5671,4688.3,1.21,10,10,0
300,5350248.03,CT,Toronto,3.7960800000000003,2619,789,754,2619,701.7,3.73,0,10,0
301,5350248.04,CT,Toronto,1.51177,4771,1671,1496,4771,3220.0,1.48,10,25,30
302,5350248.05,CT,Toronto,1.15519,4332,1413,1310,4332,3859.9,1.12,0,10,0
303,5350249.01,CT,Toronto,0.82975,4650,1428,1341,4650,5603.8,0.83,0,0,0
304,5350249.03,CT,Toronto,2.96801,5696,1704,1592,5696,1922.3,2.96,0,10,0
305,5350249.04,CT,Toronto,0.6863199999999999,3344,999,952,3344,4872.5,0.69,0,15,15
306,5350249.05,CT,Toronto,0.64364,5476,1584,1534,5476,8507.1,0.64,0,0,0
307,5350250.01,CT,Toronto,1.40913,5432,1618,1545,5432,3940.2,1.38,0,0,0
308,5350250.02,CT,Toronto,1.99197,4928,1854,1735,4928,2559.7,1.93,10,10,15
309,5350250.04,CT,Toronto,0.50556,6206,2057,1994,6206,12840.9,0.48,0,10,10
310,5350250.05,CT,Toronto,0.70576,7607,2288,2270,7607,11273.0,0.67,0,0,10
311,5350260.01,CT,Toronto,0.7288,6748,2431,2398,6748,9423.3,0.72,0,0,10
312,5350260.04,CT,Toronto,0.1881,4147,1498,1480,4147,22046.8,0.19,10,10,10
313,5350260.05,CT,Toronto,0.2543,4020,1369,1332,4020,15808.1,0.25,10,0,10
314,5350260.06,CT,Toronto,0.95204,3348,1132,1116,3348,3603.9,0.93,0,10,0
315,5350260.07,CT,Toronto,0.35736999999999997,3670,1534,1504,3670,10693.5,0.34,0,15,20
316,5350261.0,CT,Toronto,1.92395,5501,2284,2194,5501,2881.0,1.91,0,0,0
317,5350262.01,CT,Toronto,0.67091,5736,2752,2728,5736,8549.7,0.67,0,10,0
318,5350262.02,CT,Toronto,2.16555,6273,2526,2490,6273,2931.9,2.14,0,15,20
319,5350263.02,CT,Toronto,2.00598,3471,1680,1629,3471,1730.1,2.01,0,10,15
320,5350263.03,CT,Toronto,1.56059,4906,2106,2060,4906,3143.3,1.56,10,0,15
321,5350263.04,CT,Toronto,0.69962,6531,3616,3536,6531,9694.2,0.67,0,10,0
322,5350264.0,CT,Toronto,3.4653400000000003,1301,482,435,1301,375.4,3.47,0,0,0
323,5350265.0,CT,Toronto,2.6864,4756,1855,1742,4756,1773.2,2.68,0,25,25
324,5350266.0,CT,Toronto,2.7633799999999997,3209,1141,1064,3209,1163.8,2.76,0,0,10
325,5350267.0,CT,Toronto,2.71113,6368,2133,2062,6368,2350.9,2.71,0,10,10
326,5350268.0,CT,Toronto,3.0571,6419,2938,2837,6419,2120.7,3.03,10,10,25
327,5350269.01,CT,Toronto,0.75312,5056,2354,2081,5056,6811.3,0.74,0,0,0
328,5350269.02,CT,Toronto,1.76908,2569,951,923,2569,1477.8,1.74,0,10,10
329,5350270.01,CT,Toronto,1.1240700000000001,4980,2117,1953,4980,4431.0,1.12,0,0,0
330,5350270.02,CT,Toronto,0.75775,4264,1636,1611,4264,5639.5,0.76,0,0,0
331,5350271.01,CT,Toronto,0.8935,2429,899,893,2429,2718.5,0.89,10,10,15
332,5350271.02,CT,Toronto,0.7092,4815,1765,1749,4815,6791.3,0.71,10,0,10
333,5350272.01,CT,Toronto,0.4552,5987,2408,2342,5987,13152.5,0.46,0,0,0
334,5350272.02,CT,Toronto,0.99884,4705,1791,1763,4705,4711.1,1.0,0,10,10
335,5350273.01,CT,Toronto,3.2065799999999998,4014,1311,1231,4014,1258.9,3.19,0,10,10
336,5350273.02,CT,Toronto,1.28882,4160,1530,1477,4160,3228.1,1.29,0,0,10
337,5350274.01,CT,Toronto,1.52481,4900,1788,1756,4900,3213.3,1.52,0,0,0
338,5350274.02,CT,Toronto,1.3313700000000002,4738,2056,1964,4738,3558.7,1.33,0,0,0
339,5350275.0,CT,Toronto,1.9755900000000002,5836,2451,2347,5836,2953.6,1.98,10,25,30
340,5350276.01,CT,Toronto,1.22609,6446,2764,2642,6446,5257.3,1.23,0,10,10
341,5350276.02,CT,Toronto,1.28263,6870,2514,2398,6870,5354.6,1.28,0,25,30
342,5350277.0,CT,Toronto,1.02778,4084,1323,1220,4084,3973.1,1.03,10,10,20
343,5350278.0,CT,Toronto,1.3337,7734,2944,2679,7734,5798.0,1.33,0,15,20
344,5350279.01,CT,Toronto,1.21444,4028,1665,1523,4028,3317.1,1.21,0,15,20
345,5350279.02,CT,Toronto,1.57835,6503,2195,2117,6503,4120.5,1.58,10,0,0
346,5350280.0,CT,Toronto,2.1417200000000003,7333,2993,2920,7333,3424.1,2.14,0,10,15
347,5350281.01,CT,Toronto,0.96206,6484,2324,2256,6484,6740.8,0.96,0,10,10
348,5350281.02,CT,Toronto,0.41638000000000003,3940,1350,1306,3940,9462.1,0.42,0,0,0
349,5350282.0,CT,Toronto,2.22534,4480,1663,1607,4480,2021.4,2.22,0,0,0
350,5350283.01,CT,Toronto,0.9285,5399,1965,1938,5399,5814.8,0.93,0,0,0
351,5350283.02,CT,Toronto,1.1671200000000002,4542,1761,1712,4542,3892.0,1.17,0,10,0
352,5350284.0,CT,Toronto,1.41266,6840,2427,2349,6840,4841.8,1.41,0,0,10
353,5350285.0,CT,Toronto,1.1118,3271,1269,1207,3271,2942.6,1.11,0,0,0
354,5350286.0,CT,Toronto,3.24625,4273,1987,1704,4273,1316.1,3.25,0,10,10
355,5350287.02,CT,Toronto,1.0580399999999999,6732,2401,2246,6732,6364.8,1.06,10,30,40
356,5350287.03,CT,Toronto,0.48415,3432,1444,1305,3432,7088.0,0.48,0,10,10
357,5350287.04,CT,Toronto,0.5939399999999999,4474,2069,2017,4474,7530.7,0.59,10,10,15
358,5350288.0,CT,Toronto,2.6307099999999997,9970,4165,4002,9970,3790.9,2.63,10,50,65
359,5350289.0,CT,Toronto,1.3028,4713,1779,1725,4713,3618.7,1.3,0,10,0
360,5350290.01,CT,Toronto,0.94404,3620,1515,1475,3620,3834.3,0.94,0,0,0
361,5350290.02,CT,Toronto,0.34585,1534,782,717,1534,4434.8,0.35,0,0,0
362,5350291.02,CT,Toronto,1.1464299999999998,4947,2010,1927,4947,4315.6,1.15,0,0,0
363,5350291.03,CT,Toronto,0.41741000000000006,2302,945,903,2302,5516.4,0.42,0,0,0
364,5350291.04,CT,Toronto,0.51571,1585,680,654,1585,3073.5,0.52,0,0,0
365,5350292.0,CT,Toronto,3.7421800000000003,6721,2893,2247,6721,1796.3,3.74,0,0,10
366,5350293.0,CT,Toronto,2.0619,6242,2197,2103,6242,3132.4,1.99,0,0,10
367,5350294.01,CT,Toronto,0.8592299999999999,4386,1586,1547,4386,5104.2,0.86,0,0,0
368,5350294.02,CT,Toronto,1.02545,4504,1453,1384,4504,4392.0,1.03,0,0,0
369,5350295.0,CT,Toronto,1.0824,5180,2035,1907,5180,4785.7,1.08,0,0,0
370,5350296.0,CT,Toronto,4.6433,64,19,19,64,13.8,4.64,0,0,0
371,5350297.01,CT,Toronto,1.13952,7313,3119,3027,7313,6417.7,1.14,0,15,15
372,5350297.02,CT,Toronto,1.50956,6502,2716,2552,6502,4306.5,1.51,0,15,15
373,5350298.0,CT,Toronto,2.27223,4661,1605,1566,4661,2051.1,2.27,0,0,10
374,5350299.01,CT,Toronto,2.8929099999999996,6256,2319,2207,6256,2162.5,2.89,15,0,20
375,5350299.02,CT,Toronto,0.1593,5247,3019,2815,5247,32937.9,0.16,0,0,0
376,5350300.0,CT,Toronto,1.03364,13667,7532,6956,13667,13220.2,1.03,10,10,10
377,5350301.01,CT,Toronto,0.90166,2915,1087,1071,2915,3253.3,0.9,0,0,0
378,5350301.03,CT,Toronto,0.2736,6949,2944,2789,6949,25398.4,0.27,0,0,10
379,5350301.04,CT,Toronto,1.42622,5859,2615,2502,5859,4107.8,1.43,0,10,10
380,5350302.01,CT,Toronto,1.2292100000000001,6253,2406,2358,6253,5088.3,1.23,0,20,20
381,5350302.02,CT,Toronto,1.08389,6140,2092,2037,6140,5663.7,1.08,15,10,15
382,5350302.03,CT,Toronto,0.69385,3425,1205,1124,3425,4935.9,0.69,0,0,0
383,5350303.0,CT,Toronto,1.0632700000000002,5355,1893,1819,5355,5035.7,1.06,0,10,0
384,5350304.01,CT,Toronto,0.24931,4541,1633,1610,4541,18215.0,0.25,0,0,0
385,5350304.02,CT,Toronto,1.21224,4777,1885,1832,4777,3941.1,1.21,0,0,0
386,5350304.03,CT,Toronto,0.9954700000000001,2898,994,968,2898,2998.1,0.97,0,10,0
387,5350304.04,CT,Toronto,0.23444,3724,1415,1404,3724,15887.4,0.23,0,10,10
388,5350304.05,CT,Toronto,0.703,2847,1112,1096,2847,4050.4,0.7,10,0,10
389,5350304.06,CT,Toronto,0.74893,5807,2258,2207,5807,7754.0,0.75,0,0,0
390,5350305.01,CT,Toronto,2.44425,4451,1626,1564,4451,1842.0,2.42,0,10,10
391,5350305.03,CT,Toronto,0.71145,4914,2338,2178,4914,6907.5,0.71,0,0,10
392,5350305.04,CT,Toronto,1.00966,9133,5153,4822,9133,9093.0,1.0,10,0,10
393,5350306.01,CT,Toronto,1.17222,4574,1586,1478,4574,3902.4,1.17,0,10,0
394,5350306.02,CT,Toronto,1.1185200000000002,4793,1831,1714,4793,4283.3,1.12,0,10,10
395,5350307.03,CT,Toronto,0.11010999999999999,5039,2359,2238,5039,45726.0,0.11,0,0,0
396,5350307.04,CT,Toronto,0.15295,7035,3530,3360,7035,45980.4,0.15,0,10,10
397,5350307.05,CT,Toronto,0.10463,3581,2038,1926,3581,34235.2,0.1,0,10,10
398,5350307.06,CT,Toronto,0.10419,5424,2374,2266,5424,52053.7,0.1,0,0,0
399,5350307.07,CT,Toronto,1.22458,6321,2651,2366,6321,5160.8,1.22,10,10,10
400,5350308.02,CT,Toronto,1.42465,4310,1688,1588,4310,3025.0,1.42,15,25,40
401,5350308.03,CT,Toronto,0.39669,1147,425,385,1147,2891.4,0.4,0,0,0
402,5350308.04,CT,Toronto,1.08521,11479,5941,5576,11479,10577.8,1.09,10,0,15
403,5350309.0,CT,Toronto,0.74182,6383,2354,2308,6383,8605.9,0.74,10,10,10
404,5350310.01,CT,Toronto,1.42763,3512,1271,1204,3512,2470.3,1.42,0,0,0
405,5350310.02,CT,Toronto,2.23548,5048,2028,1858,5048,2357.4,2.14,0,0,0
406,5350311.02,CT,Toronto,0.89054,5823,2308,2141,5823,6536.8,0.89,0,15,25
407,5350311.03,CT,Toronto,0.79713,2651,923,863,2651,3326.2,0.8,0,10,10
408,5350311.04,CT,Toronto,0.95755,6552,2436,2247,6552,6845.7,0.96,10,20,25
409,5350311.05,CT,Toronto,0.34549,6823,2681,2593,6823,19748.2,0.35,0,40,35
410,5350311.06,CT,Toronto,10.24442,5744,2703,2326,5744,561.4,10.23,10,20,20
411,5350312.02,CT,Toronto,0.524,3448,1185,1077,3448,6580.2,0.52,0,10,10
412,5350312.03,CT,Toronto,1.48726,6420,2219,2164,6420,4316.5,1.49,10,0,10
413,5350312.04,CT,Toronto,0.72554,5763,1820,1718,5763,7942.4,0.73,0,15,15
414,5350312.05,CT,Toronto,0.34586999999999996,3836,1348,1295,3836,11089.9,0.35,0,0,10
415,5350312.06,CT,Toronto,0.45843999999999996,3444,1086,1058,3444,7513.1,0.46,0,0,10
416,5350312.07,CT,Toronto,0.6247,3076,1312,1221,3076,4929.5,0.62,0,0,0
417,5350313.0,CT,Toronto,2.89834,5554,1945,1808,5554,1938.6,2.86,0,10,10
418,5350314.01,CT,Toronto,0.4281,5036,1741,1676,5036,11766.4,0.43,0,10,0
419,5350314.02,CT,Toronto,1.12467,4955,1704,1568,4955,4610.6,1.07,0,0,10
420,5350315.01,CT,Toronto,1.51758,3368,1223,1122,3368,2285.1,1.47,0,10,10
421,5350315.02,CT,Toronto,0.42796000000000006,3543,1170,1076,3543,8283.8,0.43,0,0,0
422,5350315.03,CT,Toronto,6.01015,5505,1895,1699,5505,915.9,6.01,0,0,0
423,5350316.01,CT,Toronto,1.7746,3910,1301,1224,3910,2203.2,1.77,10,20,25
424,5350316.03,CT,Toronto,0.40066,5888,2039,1948,5888,14694.3,0.4,0,20,20
425,5350316.04,CT,Toronto,0.46506000000000003,4275,1760,1679,4275,9193.5,0.47,10,0,10
426,5350316.05,CT,Toronto,0.40614,3992,1373,1309,3992,9827.7,0.41,0,15,15
427,5350316.06,CT,Toronto,0.40499,3672,1198,1164,3672,9064.4,0.41,10,0,15
428,5350317.02,CT,Toronto,0.43231,7347,3408,3336,7347,16999.1,0.43,0,25,25
429,5350317.03,CT,Toronto,1.19309,3688,1264,1245,3688,3090.8,1.19,0,10,10
430,5350317.04,CT,Toronto,0.72206,6627,2594,2534,6627,9179.9,0.72,10,10,15
431,5350317.05,CT,Toronto,0.54133,2229,834,811,2229,4499.4,0.5,0,0,0
432,5350318.0,CT,Toronto,1.9063700000000001,8574,3568,3330,8574,4497.7,1.91,0,15,15
433,5350319.0,CT,Toronto,1.20157,4191,1616,1527,4191,3487.8,1.2,0,10,10
434,5350320.01,CT,Toronto,0.73678,5197,2103,2036,5197,7054.4,0.74,0,15,20
435,5350320.02,CT,Toronto,0.8527600000000001,5869,2129,2067,5869,6883.7,0.85,0,10,10
436,5350321.01,CT,Toronto,1.25768,3830,1340,1258,3830,3046.0,1.26,0,0,0
437,5350321.02,CT,Toronto,1.2172,4030,1497,1429,4030,3310.6,1.22,0,10,10
438,5350322.01,CT,Toronto,0.20805,4737,2371,2242,4737,22774.0,0.21,10,10,15
439,5350322.02,CT,Toronto,1.40695,3500,1262,1185,3500,2487.4,1.41,0,10,10
440,5350323.01,CT,Toronto,1.04061,4289,1746,1706,4289,4148.4,1.03,0,0,0
441,5350323.02,CT,Toronto,1.8599900000000003,5367,1935,1849,5367,2895.3,1.85,0,10,10
442,5350324.01,CT,Toronto,1.1954,3498,1214,1143,3498,2958.9,1.18,10,0,0
443,5350324.02,CT,Toronto,1.89369,6123,2256,2133,6123,3233.9,1.89,0,0,0
444,5350324.03,CT,Toronto,2.16991,3862,1762,1701,3862,1781.9,2.17,0,0,0
445,5350324.05,CT,Toronto,0.65612,3388,1405,1382,3388,5163.1,0.66,0,0,10
446,5350324.06,CT,Toronto,0.65762,3561,1219,1182,3561,5433.3,0.66,0,10,0
447,5350330.0,CT,Toronto,2.19348,4288,1757,1730,4288,1954.7,2.19,0,0,10
448,5350331.01,CT,Toronto,1.52013,5629,2287,2261,5629,3703.0,1.52,0,0,0
449,5350331.03,CT,Toronto,0.51039,6162,1931,1877,6162,12072.9,0.51,0,0,0
450,5350331.04,CT,Toronto,1.06015,3212,1288,1261,3212,3029.9,1.06,0,0,0
451,5350332.0,CT,Toronto,1.52621,7350,2914,2785,7350,4815.6,1.53,0,0,0
452,5350333.0,CT,Toronto,2.39935,4695,1710,1644,4695,1956.9,2.4,0,10,10
453,5350334.0,CT,Toronto,2.38519,3500,1358,1274,3500,1470.2,2.38,0,10,10
454,5350335.0,CT,Toronto,2.2315099999999997,7740,3026,2984,7740,3468.1,2.23,10,10,15
455,5350336.0,CT,Toronto,1.63381,6772,2553,2393,6772,4144.2,1.63,0,30,30
456,5350337.01,CT,Toronto,0.20168,721,357,316,721,3574.6,0.2,0,10,0
457,5350337.02,CT,Toronto,0.61933,2155,888,862,2155,3480.3,0.62,10,0,10
458,5350338.0,CT,Toronto,1.6501299999999999,5956,2729,2627,5956,3609.5,1.65,10,20,30
459,5350339.0,CT,Toronto,1.8385099999999999,6687,3110,3000,6687,3664.7,1.82,30,45,70
460,5350340.0,CT,Toronto,1.27488,6771,2557,2457,6771,5310.6,1.28,0,10,15
461,5350341.02,CT,Toronto,0.77866,4379,1860,1777,4379,5624.9,0.78,0,10,10
462,5350341.03,CT,Toronto,0.40538,3436,1465,1334,3436,8475.6,0.41,0,10,0
463,5350341.04,CT,Toronto,0.67099,6030,2261,2171,6030,8986.6,0.67,10,25,25
464,5350342.0,CT,Toronto,1.2329700000000001,7561,2414,2376,7561,6133.2,1.23,10,15,25
465,5350343.0,CT,Toronto,1.09816,4218,1620,1517,4218,3841.5,1.1,0,0,0
466,5350344.01,CT,Toronto,1.06274,5186,1990,1880,5186,4879.1,1.06,0,15,10
467,5350344.02,CT,Toronto,0.22083000000000003,3365,1850,1829,3365,15240.0,0.22,10,0,0
468,5350345.0,CT,Toronto,0.78754,3938,1328,1258,3938,5000.6,0.79,0,15,15
469,5350346.01,CT,Toronto,1.5199799999999999,4634,1717,1609,4634,3048.9,1.52,0,15,20
470,5350346.02,CT,Toronto,0.40049,5388,2066,2029,5388,13449.8,0.4,0,10,10
471,5350347.0,CT,Toronto,1.50409,2833,931,924,2833,1883.4,1.5,0,10,10
472,5350348.0,CT,Toronto,2.31904,5601,2007,1972,5601,2417.9,2.32,20,25,40
473,5350349.0,CT,Toronto,0.8761700000000001,5720,2335,2309,5720,6528.9,0.88,0,25,25
474,5350350.0,CT,Toronto,3.3616599999999996,5419,2063,1986,5419,1612.0,3.36,0,20,20
475,5350351.01,CT,Toronto,0.9748600000000001,5497,2130,2051,5497,5639.1,0.97,0,10,10
476,5350351.02,CT,Toronto,0.56565,2756,1116,1088,2756,4871.8,0.57,0,10,10
477,5350352.0,CT,Toronto,1.1271200000000001,5309,1945,1892,5309,4709.5,1.13,0,15,15
478,5350353.02,CT,Toronto,1.21341,5305,1697,1649,5305,4372.4,1.21,0,0,0
479,5350353.03,CT,Toronto,0.40919,3107,1100,1075,3107,7596.6,0.41,0,0,0
480,5350353.04,CT,Toronto,0.62956,4509,1650,1590,4509,7162.8,0.63,0,0,10
481,5350354.0,CT,Toronto,1.33283,5403,1826,1695,5403,4053.3,1.33,0,25,25
482,5350355.02,CT,Toronto,1.105,5214,1980,1919,5214,4718.1,1.11,0,0,0
483,5350355.04,CT,Toronto,0.5770000000000001,5270,1810,1776,5270,9131.9,0.58,0,0,0
484,5350355.05,CT,Toronto,0.31432,3033,1056,993,3033,9650.0,0.31,0,0,0
485,5350355.06,CT,Toronto,0.1923,1643,603,559,1643,8543.9,0.19,0,0,0
486,5350356.0,CT,Toronto,1.55598,4833,1633,1555,4833,3109.4,1.55,0,0,15
487,5350357.01,CT,Toronto,1.05106,7123,2490,2404,7123,6776.7,1.05,0,0,0
488,5350357.02,CT,Toronto,1.10589,4940,1774,1693,4940,4467.0,1.11,0,0,0
489,5350358.01,CT,Toronto,1.1101299999999998,3397,1180,1129,3397,3060.4,1.11,0,10,10
490,5350358.02,CT,Toronto,0.6179100000000001,4732,2021,1955,4732,7657.0,0.62,0,0,0
491,5350358.03,CT,Toronto,1.09741,5598,2304,2217,5598,5101.1,1.1,0,10,10
492,5350359.0,CT,Toronto,2.23634,7558,2773,2687,7558,3380.0,2.24,0,0,0
493,5350360.0,CT,Toronto,4.55616,6107,2040,1998,6107,1352.0,4.52,0,10,10
494,5350361.01,CT,Toronto,2.95729,5804,1963,1928,5804,1981.7,2.93,0,0,0
495,5350361.02,CT,Toronto,2.46272,7558,2476,2451,7558,3075.6,2.46,0,0,0
496,5350362.01,CT,Toronto,2.5287900000000003,6300,2153,2083,6300,2540.7,2.48,0,0,0
497,5350362.02,CT,Toronto,1.9434900000000002,5628,1731,1626,5628,2895.8,1.94,0,15,15
498,5350362.03,CT,Toronto,3.3025800000000003,6866,2176,2074,6866,2107.9,3.26,10,0,10
499,5350362.04,CT,Toronto,1.3530799999999998,5019,1796,1756,5019,3709.5,1.35,0,0,0
500,5350363.02,CT,Toronto,1.19757,3253,1115,1106,3253,2716.5,1.2,0,0,0
501,5350363.04,CT,Toronto,1.12713,3668,1119,1106,3668,3254.1,1.13,0,0,0
502,5350363.05,CT,Toronto,0.50329,4538,1776,1694,4538,9018.3,0.5,0,0,0
503,5350363.06,CT,Toronto,0.82891,7307,3439,3326,7307,8815.3,0.83,0,0,0
504,5350363.07,CT,Toronto,2.2765400000000002,5338,1971,1925,5338,2344.6,2.28,0,0,0
505,5350364.01,CT,Toronto,2.90673,5996,2034,1973,5996,2062.7,2.91,0,15,10
506,5350364.02,CT,Toronto,0.74379,3053,1004,957,3053,4104.6,0.74,0,10,0
507,5350365.0,CT,Toronto,1.5674,6497,2028,1946,6497,4145.3,1.57,0,0,0
508,5350366.0,CT,Toronto,1.44064,6136,2143,2069,6136,4260.2,1.44,0,10,10
509,5350367.01,CT,Toronto,0.71324,4710,1398,1375,4710,6605.9,0.71,0,0,0
510,5350367.02,CT,Toronto,1.0306799999999998,3548,1218,1186,3548,3442.7,1.03,0,20,20
511,5350368.01,CT,Toronto,0.8884700000000001,6843,3786,3582,6843,7702.6,0.89,10,0,10
512,5350368.02,CT,Toronto,1.57328,4315,1464,1399,4315,2742.5,1.57,0,0,0
513,5350369.0,CT,Toronto,2.4665,8094,2520,2441,8094,3281.6,2.47,10,10,10
514,5350370.01,CT,Toronto,1.76665,9977,3792,3725,9977,5648.2,1.77,0,0,10
515,5350370.02,CT,Toronto,2.27382,5580,1849,1803,5580,2454.0,2.27,10,10,20
516,5350370.03,CT,Toronto,0.8572299999999999,4137,1409,1357,4137,4826.2,0.86,0,0,10
517,5350371.0,CT,Toronto,3.7152300000000005,7626,2691,2570,7626,2052.7,3.72,10,15,20
518,5350372.0,CT,Toronto,1.33184,4346,1504,1440,4346,3263.0,1.33,0,10,0
519,5350373.0,CT,Toronto,0.9606899999999999,4806,1869,1801,4806,5002.1,0.96,0,15,15
520,5350374.01,CT,Toronto,1.18795,4848,1717,1656,4848,4081.8,1.19,10,10,15
521,5350374.02,CT,Toronto,0.80225,3215,1084,1053,3215,4007.7,0.8,0,0,10
522,5350374.03,CT,Toronto,0.80821,4184,1718,1655,4184,5176.9,0.81,10,0,0
523,5350375.01,CT,Toronto,0.95309,6324,2817,2733,6324,6633.1,0.95,10,10,15
524,5350375.02,CT,Toronto,0.61463,1959,702,694,1959,3214.1,0.61,0,0,0
525,5350375.03,CT,Toronto,0.81361,5318,1917,1866,5318,6537.2,0.81,0,10,0
526,5350375.04,CT,Toronto,0.9242799999999999,5300,1667,1633,5300,5733.4,0.92,0,0,0
527,5350375.05,CT,Toronto,1.13069,7208,2484,2449,7208,6374.8,1.13,0,10,10
528,5350376.01,CT,Toronto,1.04665,5094,1697,1584,5094,4866.3,1.05,10,0,10
529,5350376.02,CT,Toronto,0.8583,5176,1656,1614,5176,6067.3,0.85,0,15,15
530,5350376.04,CT,Toronto,1.1940600000000001,5460,1866,1804,5460,4572.9,1.19,0,0,0
531,5350376.05,CT,Toronto,1.30767,6860,2045,1998,6860,5328.2,1.29,0,10,10
532,5350376.06,CT,Toronto,2.19192,484,229,219,484,220.8,2.19,0,0,0
533,5350376.08,CT,Toronto,0.87879,6157,2176,2123,6157,7006.1,0.88,0,20,15
534,5350376.09,CT,Toronto,0.80105,4638,1644,1602,4638,5790.3,0.8,0,10,10
535,5350376.11,CT,Toronto,0.47043999999999997,3416,1067,1014,3416,7257.3,0.47,0,0,10
536,5350376.12,CT,Toronto,0.91215,5318,1922,1887,5318,5829.2,0.91,0,10,10
537,5350376.13,CT,Toronto,0.51098,3902,1386,1362,3902,7636.0,0.51,0,10,0
538,5350376.14,CT,Toronto,0.7362,3763,1091,1053,3763,5110.7,0.74,0,0,0
539,5350376.15,CT,Toronto,0.92289,3696,1574,1518,3696,4016.5,0.92,0,0,0
540,5350376.16,CT,Toronto,0.27148,4226,1672,1621,4226,15565.4,0.27,0,0,10
541,5350377.01,CT,Toronto,2.06027,8996,3752,3574,8996,4366.1,2.06,10,15,25
542,5350377.02,CT,Toronto,1.9059599999999999,4405,1493,1407,4405,2311.2,1.91,10,10,10
543,5350377.03,CT,Toronto,0.65012,2815,892,868,2815,4329.4,0.65,0,10,10
544,5350377.04,CT,Toronto,0.8833200000000001,5939,1746,1682,5939,6722.1,0.88,10,10,20
545,5350377.06,CT,Toronto,0.51169,3809,1001,980,3809,7442.4,0.51,0,0,0
546,5350377.07,CT,Toronto,0.76461,4857,1321,1282,4857,6351.5,0.76,15,10,20
547,5350378.02,CT,Toronto,1.05954,3257,979,929,3257,3073.8,1.06,0,0,0
548,5350378.03,CT,Toronto,2.2069099999999997,7363,2503,2434,7363,3336.5,2.21,0,10,10
549,5350378.04,CT,Toronto,1.27906,6148,1826,1753,6148,4806.5,1.28,0,10,10
550,5350378.05,CT,Toronto,0.7275699999999999,3907,1235,1201,3907,5369.7,0.73,0,10,0
551,5350378.06,CT,Toronto,1.7906,6063,1754,1671,6063,3386.2,1.79,0,10,10
552,5350378.07,CT,Toronto,2.80032,7099,2311,2226,7099,2535.2,2.8,0,0,0
553,5350378.08,CT,Toronto,0.88574,6263,1997,1953,6263,7071.2,0.89,10,10,10
554,5350378.11,CT,Toronto,0.9633700000000001,5693,1748,1713,5693,5910.5,0.96,0,0,0
555,5350378.12,CT,Toronto,0.78391,5181,1904,1828,5181,6609.3,0.78,0,0,10
556,5350378.14,CT,Toronto,0.9291299999999999,3892,1184,1168,3892,4189.0,0.93,0,0,10
557,5350378.16,CT,Toronto,0.63484,6103,2005,1923,6103,9615.6,0.63,10,0,10
558,5350378.17,CT,Toronto,0.47397,3336,961,903,3336,7036.5,0.47,0,0,10
559,5350378.18,CT,Toronto,0.09093,2765,1114,1100,2765,30384.6,0.09,0,0,0
560,5350378.19,CT,Toronto,4.5159199999999995,5162,1438,1411,5162,1146.1,4.5,10,10,10
561,5350378.2,CT,Toronto,0.10951,2093,775,769,2093,19114.2,0.11,0,0,0
562,5350378.21,CT,Toronto,0.70181,3948,1056,1043,3948,5623.9,0.7,0,0,0
563,5350378.22,CT,Toronto,0.53214,3454,891,877,3454,6492.5,0.53,0,0,10
564,5350378.23,CT,Toronto,1.53025,4095,1334,1302,4095,2676.3,1.53,10,0,10
565,5350378.24,CT,Toronto,2.52877,6109,2218,2147,6109,2415.7,2.53,10,0,10
566,5350378.25,CT,Toronto,4.76673,7931,1885,1858,7931,1664.2,4.77,0,10,10
567,5350378.26,CT,Toronto,1.66052,4761,1165,1144,4761,2927.5,1.63,0,0,10
568,5350378.27,CT,Toronto,20.2249,5806,1556,1530,5806,290.3,20.0,0,0,0
569,5350378.28,CT,Toronto,2.25257,7175,2041,1925,7175,3236.4,2.22,0,0,0
570,5350802.01,CT,Toronto,2.2159999999999997,3829,1290,1267,3829,1754.7,2.18,0,0,0
571,5350802.02,CT,Toronto,2.4403099999999998,5675,1844,1826,5675,2511.4,2.26,0,0,0
572,5050001.01,CT,Ottawa,2.00958,7982,3514,3282,7982,3972.3,2.01,10,35,45
573,5050001.04,CT,Ottawa,1.36066,2718,1237,1163,2718,1997.6,1.36,0,15,15
574,5050001.05,CT,Ottawa,2.70025,5984,2022,1984,5984,2216.0,2.7,10,20,30
575,5050001.06,CT,Ottawa,1.25433,6111,2402,2347,6111,4872.0,1.25,15,10,25
576,5050001.07,CT,Ottawa,0.9742200000000001,4193,1473,1444,4193,4303.6,0.97,0,10,15
577,5050001.08,CT,Ottawa,4.60734,4632,1496,1478,4632,1005.6,4.61,10,0,0
578,5050002.01,CT,Ottawa,2.71663,2885,1174,1145,2885,1119.3,2.58,10,20,35
579,5050002.02,CT,Ottawa,1.52026,3470,1307,1284,3470,2282.1,1.52,0,20,30
580,5050002.04,CT,Ottawa,1.36697,1381,636,621,1381,1169.2,1.18,0,0,0
581,5050002.05,CT,Ottawa,1.36697,5116,2026,1943,5116,3742.5,1.37,0,20,20
582,5050002.06,CT,Ottawa,4.4882800000000005,2609,1046,1015,2609,581.6,4.49,15,25,40
583,5050003.0,CT,Ottawa,3.41733,4617,2116,1982,4617,1444.7,3.2,25,65,90
584,5050004.0,CT,Ottawa,1.9478900000000001,3824,2074,1840,3824,2034.2,1.88,30,25,55
585,5050005.0,CT,Ottawa,2.2574400000000003,5876,2686,2522,5876,2635.2,2.23,55,70,130
586,5050006.0,CT,Ottawa,2.57261,4097,1591,1533,4097,1619.6,2.53,40,95,135
587,5050007.01,CT,Ottawa,0.8350700000000001,2230,1166,1101,2230,2670.0,0.84,15,30,45
588,5050007.02,CT,Ottawa,0.42172,4681,1909,1630,4681,11100.3,0.42,0,15,20
589,5050007.03,CT,Ottawa,1.21455,3731,1477,1442,3731,3073.1,1.21,15,25,40
590,5050008.0,CT,Ottawa,1.55436,4622,2155,2068,4622,2973.5,1.55,20,40,60
591,5050009.0,CT,Ottawa,1.0291299999999999,3271,1465,1407,3271,3177.9,1.03,15,80,90
592,5050010.0,CT,Ottawa,0.62556,3866,1817,1697,3866,6178.7,0.63,20,30,45
593,5050011.01,CT,Ottawa,7.83925,6948,3313,3040,6948,889.4,7.81,20,25,45
594,5050011.03,CT,Ottawa,1.38046,4009,2540,2256,4009,3264.1,1.23,15,30,45
595,5050011.04,CT,Ottawa,2.03098,4607,1914,1776,4607,2268.3,2.03,40,70,110
596,5050012.0,CT,Ottawa,1.5227899999999999,4367,1695,1618,4367,2868.7,1.52,15,30,50
597,5050013.0,CT,Ottawa,1.6093600000000001,4922,2680,2463,4922,3240.7,1.52,75,120,195
598,5050014.0,CT,Ottawa,0.42748,1872,935,842,1872,4905.7,0.38,20,10,30
599,5050015.0,CT,Ottawa,1.20146,5190,3085,2544,5190,4680.3,1.11,115,165,285
600,5050016.0,CT,Ottawa,1.2683799999999998,4596,1878,1799,4596,4198.8,1.09,120,160,275
601,5050017.0,CT,Ottawa,1.04462,4042,1654,1502,4042,4308.2,0.94,135,185,325
602,5050018.0,CT,Ottawa,0.7856,4263,2096,1874,4263,5785.8,0.74,90,135,230
603,5050019.0,CT,Ottawa,1.2602200000000001,3966,1885,1710,3966,3858.7,1.03,125,145,265
604,5050020.01,CT,Ottawa,5.95529,5008,2868,2384,5008,870.4,5.75,40,105,140
605,5050020.02,CT,Ottawa,1.82335,2888,1139,1050,2888,1915.4,1.51,0,45,50
606,5050021.0,CT,Ottawa,2.1398099999999998,6076,2915,2711,6076,2839.5,2.14,40,135,170
607,5050022.0,CT,Ottawa,1.7619200000000002,5562,2932,2626,5562,3195.8,1.74,10,70,70
608,5050023.01,CT,Ottawa,1.28555,5772,2853,2638,5772,4488.7,1.29,50,70,120
609,5050023.02,CT,Ottawa,0.91115,3888,1688,1615,3888,4267.8,0.91,20,50,70
610,5050024.0,CT,Ottawa,1.37142,3196,1343,1292,3196,2330.6,1.37,15,40,50
611,5050025.0,CT,Ottawa,2.48162,5514,2020,1942,5514,2222.1,2.48,15,70,80
612,5050026.0,CT,Ottawa,2.2200900000000003,5367,2281,2176,5367,2417.7,2.22,20,45,70
613,5050027.0,CT,Ottawa,0.7479600000000001,3856,1808,1723,3856,5155.8,0.75,10,10,25
614,5050028.0,CT,Ottawa,1.96953,6649,2792,2636,6649,3375.8,1.97,20,70,85
615,5050029.0,CT,Ottawa,1.8505900000000002,4932,2408,2253,4932,4898.7,1.01,20,10,25
616,5050030.0,CT,Ottawa,3.18613,6360,3767,3528,6360,3548.7,1.79,30,30,60
617,5050031.0,CT,Ottawa,2.1286400000000003,5349,3272,3129,5349,4836.3,1.11,10,10,20
618,5050032.01,CT,Ottawa,0.77878,3558,1857,1823,3558,4569.2,0.78,30,25,55
619,5050032.02,CT,Ottawa,2.98962,6015,2547,2479,6015,3302.9,1.82,50,90,140
620,5050033.01,CT,Ottawa,1.05759,5106,2198,2107,5106,4826.5,1.06,70,125,195
621,5050033.02,CT,Ottawa,1.01789,3198,1780,1618,3198,3141.8,1.02,40,55,100
622,5050034.0,CT,Ottawa,1.28109,3631,1371,1316,3631,2834.7,1.28,50,140,190
623,5050035.0,CT,Ottawa,0.78588,3956,2659,2297,3956,5034.4,0.79,115,120,230
624,5050036.0,CT,Ottawa,0.81585,3330,1465,1353,3330,4222.7,0.79,70,90,160
625,5050037.0,CT,Ottawa,0.57498,8283,6325,5621,8283,14447.9,0.57,135,190,330
626,5050038.0,CT,Ottawa,0.43316000000000004,5883,4381,3943,5883,13583.5,0.43,90,90,180
627,5050039.0,CT,Ottawa,0.40255,2604,1573,1389,2604,6466.4,0.4,95,110,210
628,5050040.0,CT,Ottawa,0.38167,3955,2556,2195,3955,10364.3,0.38,120,125,245
629,5050041.0,CT,Ottawa,0.5707300000000001,3991,2198,2000,3991,6993.2,0.57,120,110,225
630,5050042.0,CT,Ottawa,0.5775399999999999,3589,2308,1929,3589,6212.6,0.58,90,55,145
631,5050043.0,CT,Ottawa,0.73048,4432,2369,2212,4432,6068.7,0.73,110,110,220
632,5050044.0,CT,Ottawa,0.67904,2547,1007,994,2547,3751.7,0.68,45,80,120
633,5050045.0,CT,Ottawa,5.167730000000001,8450,4474,4232,8450,2583.2,3.27,155,195,355
634,5050046.0,CT,Ottawa,1.2719,4850,3071,2860,4850,4992.8,0.97,105,85,190
635,5050047.0,CT,Ottawa,1.25779,620,478,401,620,738.6,0.84,10,15,20
636,5050048.0,CT,Ottawa,1.51498,4876,3956,3180,4876,3865.2,1.26,20,70,90
637,5050049.0,CT,Ottawa,0.32497,3098,2363,1947,3098,10316.4,0.3,65,75,140
638,5050050.0,CT,Ottawa,0.45316999999999996,1158,519,315,1158,2638.4,0.44,10,15,20
639,5050051.0,CT,Ottawa,0.59539,4384,3434,2363,4384,7364.4,0.6,70,125,190
640,5050052.0,CT,Ottawa,0.75475,4656,3128,2557,4656,7148.8,0.65,45,155,200
641,5050053.0,CT,Ottawa,0.40899,3972,3267,2588,3972,9713.9,0.41,45,55,95
642,5050054.0,CT,Ottawa,0.58508,3033,2217,1727,3033,5428.7,0.56,0,40,45
643,5050055.0,CT,Ottawa,0.9695299999999999,1959,1223,1086,1959,3365.4,0.58,30,15,45
644,5050056.0,CT,Ottawa,0.59401,3892,1986,1785,3892,7622.4,0.51,20,50,65
645,5050057.0,CT,Ottawa,0.31235999999999997,1817,762,709,1817,6841.1,0.27,40,55,95
646,5050058.0,CT,Ottawa,1.48433,3568,1851,1729,3568,3116.2,1.15,45,105,150
647,5050059.0,CT,Ottawa,2.5202,3375,1509,1464,3375,2154.9,1.57,40,50,90
648,5050060.0,CT,Ottawa,1.33925,4341,2695,2602,4341,3252.9,1.33,15,30,45
649,5050061.0,CT,Ottawa,1.36953,5304,2416,2306,5304,3872.4,1.37,15,65,80
650,5050062.01,CT,Ottawa,1.8349400000000002,5786,2660,2507,5786,3153.0,1.84,20,45,65
651,5050062.02,CT,Ottawa,5.87208,1686,759,719,1686,353.2,4.77,0,10,10
652,5050100.0,CT,Ottawa,0.50195,2938,1820,1587,2938,5852.6,0.5,20,45,65
653,5050101.0,CT,Ottawa,0.8429700000000001,3001,1903,1721,3001,4083.5,0.73,20,50,65
654,5050102.0,CT,Ottawa,0.43113999999999997,3155,2012,1873,3155,7318.5,0.43,25,25,50
655,5050103.0,CT,Ottawa,0.8399700000000001,4519,2507,2225,4519,5380.4,0.84,40,80,115
656,5050104.0,CT,Ottawa,0.39168000000000003,2996,1962,1741,2996,7646.8,0.39,35,55,90
657,5050110.0,CT,Ottawa,1.85945,1932,785,674,1932,1094.7,1.76,20,25,35
658,5050120.01,CT,Ottawa,1.59313,1664,482,463,1664,1044.5,1.59,0,10,10
659,5050120.02,CT,Ottawa,6.44329,3933,1520,1502,3933,1070.4,3.67,10,15,30
660,5050120.03,CT,Ottawa,1.75964,5244,2085,2053,5244,2980.1,1.76,10,70,80
661,5050121.01,CT,Ottawa,1.16236,4358,1861,1803,4358,3749.1,1.16,20,25,45
662,5050121.02,CT,Ottawa,1.09555,2961,1442,1359,2961,2702.9,1.1,0,0,10
663,5050122.01,CT,Ottawa,0.89094,3721,1391,1238,3721,4176.7,0.89,10,15,20
664,5050122.02,CT,Ottawa,3.7098800000000005,6463,2498,2419,6463,1747.5,3.7,15,20,35
665,5050122.03,CT,Ottawa,2.4614,4811,2230,2136,4811,1954.5,2.46,10,25,35
666,5050123.01,CT,Ottawa,1.8234299999999999,5471,2136,2072,5471,3005.9,1.82,10,15,15
667,5050123.02,CT,Ottawa,4.37245,8719,3108,3017,8719,1994.1,4.37,10,45,50
668,5050124.01,CT,Ottawa,3.0784,3375,1285,1267,3375,1102.7,3.06,0,20,25
669,5050124.02,CT,Ottawa,2.0592599999999996,3976,1823,1782,3976,2541.5,1.56,0,10,10
670,5050124.03,CT,Ottawa,5.4977800000000006,4841,1866,1851,4841,1095.9,4.42,0,35,35
671,5050124.04,CT,Ottawa,0.9452200000000001,3081,1136,1130,3081,3259.3,0.95,0,15,15
672,5050125.01,CT,Ottawa,1.51235,4798,1802,1787,4798,3172.4,1.51,10,20,25
673,5050125.02,CT,Ottawa,0.9007,3369,1369,1327,3369,3740.8,0.9,10,0,15
674,5050125.03,CT,Ottawa,59.56795,527,210,205,527,8.9,59.36,0,0,0
675,5050125.04,CT,Ottawa,1.73285,3924,1355,1354,3924,2264.7,1.73,0,15,15
676,5050125.05,CT,Ottawa,1.98436,5229,1859,1844,5229,2635.2,1.98,0,10,15
677,5050125.06,CT,Ottawa,9.90514,10308,3486,3341,10308,1041.1,9.9,0,30,35
678,5050125.07,CT,Ottawa,1.66586,4369,1620,1590,4369,2624.0,1.67,0,20,20
679,5050125.08,CT,Ottawa,1.31035,4814,1833,1811,4814,3674.5,1.31,0,15,15
680,5050125.09,CT,Ottawa,0.7409100000000001,3593,1396,1381,3593,4848.2,0.74,10,0,15
681,5050126.03,CT,Ottawa,17.3533,8865,2785,2698,8865,511.1,17.35,0,15,20
682,5050126.04,CT,Ottawa,136.50772,5114,2006,1934,5114,37.7,135.71,0,0,0
683,5050126.05,CT,Ottawa,7.32493,6389,2093,2079,6389,935.3,6.83,10,20,25
684,5050126.06,CT,Ottawa,7.3048,5953,2129,2098,5953,814.9,7.3,10,15,20
685,5050127.0,CT,Ottawa,19.69407,3410,1556,1300,3410,173.2,19.69,10,0,10
686,5050130.01,CT,Ottawa,11.32343,3950,1613,1517,3950,357.2,11.06,10,20,30
687,5050130.02,CT,Ottawa,1.5497,4247,1750,1703,4247,2740.5,1.55,0,25,30
688,5050131.01,CT,Ottawa,1.53735,5518,2672,2548,5518,3632.4,1.52,20,55,80
689,5050131.02,CT,Ottawa,1.40059,4643,2021,1935,4643,3315.5,1.4,25,35,55
690,5050132.0,CT,Ottawa,1.95087,6086,2596,2435,6086,3119.9,1.95,10,50,55
691,5050133.0,CT,Ottawa,2.40131,5092,2162,1938,5092,2120.6,2.4,15,40,50
692,5050134.0,CT,Ottawa,2.0519,3664,1452,1389,3664,1785.7,2.05,15,35,50
693,5050135.01,CT,Ottawa,1.8317,6508,2386,2347,6508,3553.0,1.83,0,30,35
694,5050135.02,CT,Ottawa,3.75595,4771,1910,1887,4771,1287.2,3.71,10,15,30
695,5050135.03,CT,Ottawa,1.3946100000000001,1860,762,719,1860,1333.9,1.39,0,0,10
696,5050136.01,CT,Ottawa,2.5683599999999998,4508,1761,1722,4508,1755.2,2.57,0,15,15
697,5050136.02,CT,Ottawa,2.09092,4764,2082,2000,4764,2278.4,2.09,10,20,30
698,5050137.02,CT,Ottawa,0.9746,3096,1373,1338,3096,3176.4,0.97,0,15,20
699,5050137.03,CT,Ottawa,1.2109,1772,655,647,1772,1466.3,1.21,0,10,10
700,5050137.04,CT,Ottawa,0.8885700000000001,1913,826,784,1913,2152.8,0.89,20,20,40
701,5050137.05,CT,Ottawa,2.0697799999999997,7245,2706,2622,7245,3500.8,2.07,30,30,60
702,5050138.0,CT,Ottawa,1.54358,7492,3063,2852,7492,6178.5,1.21,0,30,35
703,5050139.0,CT,Ottawa,20.49547,3962,1610,1553,3962,701.2,5.65,10,25,35
704,5050140.01,CT,Ottawa,16.98216,5,1,1,5,0.3,16.98,x,x,0
705,5050140.03,CT,Ottawa,0.8107,2613,1018,990,2613,3223.9,0.81,10,10,15
706,5050140.04,CT,Ottawa,1.25169,5174,1754,1750,5174,4133.6,1.25,20,10,30
707,5050140.05,CT,Ottawa,1.12471,4564,1627,1609,4564,4058.7,1.12,0,20,20
708,5050140.06,CT,Ottawa,0.71725,2196,784,781,2196,3061.5,0.72,0,10,0
709,5050140.07,CT,Ottawa,1.34049,4453,1780,1744,4453,3321.6,1.34,10,15,20
710,5050141.04,CT,Ottawa,2.84111,3569,1256,1228,3569,1309.5,2.73,0,0,0
711,5050141.05,CT,Ottawa,2.62642,8490,2856,2808,8490,3232.6,2.63,0,40,45
712,5050141.08,CT,Ottawa,8.71985,8375,2646,2626,8375,999.5,8.38,15,30,45
713,5050141.09,CT,Ottawa,1.9083599999999998,6423,2174,2122,6423,3803.5,1.69,0,15,15
714,5050141.1,CT,Ottawa,1.04062,5422,1674,1659,5422,5213.5,1.04,10,30,25
715,5050141.11,CT,Ottawa,0.9432299999999999,5851,1935,1887,5851,6203.4,0.94,10,20,30
716,5050141.12,CT,Ottawa,5.02008,9778,3226,3164,9778,1975.8,4.95,0,15,20
717,5050141.13,CT,Ottawa,1.5316,3579,1068,1050,3579,2511.4,1.43,0,0,0
718,5050141.14,CT,Ottawa,110.82633,2214,792,757,2214,20.1,110.11,0,0,0
719,5050141.15,CT,Ottawa,14.05984,16747,5593,5440,16747,1204.5,13.9,0,20,20
720,5050151.03,CT,Ottawa,12.283610000000001,4833,1834,1787,4833,401.2,12.05,10,25,25
721,5050151.04,CT,Ottawa,3.03492,6125,2124,2111,6125,2018.3,3.03,10,25,30
722,5050151.05,CT,Ottawa,1.71944,3601,1426,1418,3601,2140.0,1.68,0,0,15
723,5050151.06,CT,Ottawa,3.3646,5460,1801,1783,5460,1622.8,3.36,0,10,10
724,5050151.07,CT,Ottawa,4.57592,7879,2663,2627,7879,1721.7,4.58,15,30,45
725,5050151.08,CT,Ottawa,13.148,6967,2221,2199,6967,530.0,13.14,0,20,20
726,5050151.09,CT,Ottawa,236.70307999999997,5145,1862,1824,5145,21.8,236.07,0,0,10
727,5050160.02,CT,Ottawa,2.59266,5158,2155,2134,5158,1989.8,2.59,0,40,35
728,5050160.03,CT,Ottawa,11.35105,8562,2756,2719,8562,754.3,11.35,0,25,30
729,5050160.04,CT,Ottawa,2.06135,6239,2421,2389,6239,3026.9,2.06,10,35,45
730,5050160.05,CT,Ottawa,1.128,3176,1264,1248,3176,2817.6,1.13,10,0,10
731,5050160.06,CT,Ottawa,2.49782,5355,2497,2143,5355,2143.7,2.5,0,25,25
732,5050160.07,CT,Ottawa,3.41629,6762,2411,2397,6762,2032.2,3.33,0,20,25
733,5050160.09,CT,Ottawa,102.44904,3578,1194,1166,3578,40.5,88.41,0,15,15
734,5050160.1,CT,Ottawa,4.4223300000000005,9825,2990,2970,9825,2223.4,4.42,0,40,45
735,5050160.11,CT,Ottawa,5.6636,5915,1955,1947,5915,1045.2,5.66,10,15,20
736,5050161.03,CT,Ottawa,1.21846,4960,1729,1723,4960,4070.6,1.22,10,20,20
737,5050161.04,CT,Ottawa,1.6713099999999999,5320,1800,1793,5320,3182.8,1.67,20,30,55
738,5050161.05,CT,Ottawa,1.56782,6778,2232,2224,6778,4323.3,1.57,0,10,15
739,5050161.06,CT,Ottawa,1.9453599999999998,7342,2617,2559,7342,3773.6,1.95,10,20,25
740,5050162.01,CT,Ottawa,4.20801,7511,2892,2829,7511,1785.3,4.21,0,15,20
741,5050162.02,CT,Ottawa,2.23139,4325,1584,1576,4325,1938.3,2.23,0,20,15
742,5050170.01,CT,Ottawa,2.7309400000000004,4206,1708,1661,4206,1590.8,2.64,0,10,10
743,5050170.03,CT,Ottawa,1.37425,3943,1412,1401,3943,2869.5,1.37,0,0,0
744,5050170.04,CT,Ottawa,1.34269,3582,1409,1405,3582,2667.8,1.34,15,0,25
745,5050170.05,CT,Ottawa,0.99279,3506,1330,1325,3506,3531.8,0.99,10,15,20
746,5050170.08,CT,Ottawa,0.73461,2653,866,864,2653,3611.0,0.73,0,0,0
747,5050170.09,CT,Ottawa,1.27007,4793,1783,1776,4793,3773.7,1.27,10,0,10
748,5050170.1,CT,Ottawa,1.8118900000000002,4197,1731,1693,4197,2316.6,1.81,10,10,10
749,5050170.11,CT,Ottawa,1.3270600000000001,3242,1077,1076,3242,2443.1,1.33,0,0,0
750,5050170.12,CT,Ottawa,1.0826200000000001,4819,1596,1589,4819,4449.7,1.08,10,25,30
751,5050170.13,CT,Ottawa,1.2374399999999999,5174,1757,1736,5174,4181.7,1.24,0,10,10
752,5050171.03,CT,Ottawa,154.13028,5620,2049,2006,5620,36.5,153.82,0,0,10
753,5050171.05,CT,Ottawa,7.0409,5604,1891,1871,5604,1525.7,3.67,10,10,20
754,5050171.06,CT,Ottawa,139.95103999999998,6259,2300,2226,6259,46.8,133.8,0,10,10
755,5050171.07,CT,Ottawa,1.71081,4742,1551,1550,4742,2771.5,1.71,10,15,20
756,5050171.09,CT,Ottawa,6.99255,9933,3345,3326,9933,1420.6,6.99,10,0,15
757,5050171.1,CT,Ottawa,4.24571,8784,2974,2964,8784,2068.9,4.25,0,10,15
758,5050180.01,CT,Clarence-Rockland,5.43244,7581,2918,2872,7581,1446.2,5.24,0,20,20
759,5050180.02,CT,Clarence-Rockland,22.22179,5148,2215,2164,5148,297.5,17.31,10,0,10
760,5050181.01,CT,Clarence-Rockland,129.47118,6137,2244,2176,6137,49.9,123.04,0,10,0
761,5050181.02,CT,Clarence-Rockland,152.45275,5646,2160,2117,5646,37.1,152.13,0,0,0
762,5050182.0,CT,Russell,170.39938,3955,1449,1418,3955,23.3,169.83,10,10,10
763,5050183.0,CT,Russell,16.9008,5501,1968,1938,5501,328.5,16.74,0,0,0
764,5050184.0,CT,Russell,12.77552,7064,2591,2517,7064,563.7,12.53,0,10,10
765,5050190.01,CT,Ottawa,193.60111,6494,2354,2308,6494,33.6,193.14,0,0,0
766,5050190.02,CT,Ottawa,49.54465,7145,2506,2467,7145,145.3,49.17,15,0,20
767,5050191.01,CT,Ottawa,39.22898,4824,1633,1572,4824,124.6,38.73,0,0,0
768,5050191.02,CT,Ottawa,103.26971999999999,4822,1783,1738,4822,47.2,102.21,0,0,0
769,5050200.01,CT,Ottawa,265.96975,2204,875,841,2204,8.4,263.44,0,0,0
770,5050200.02,CT,Ottawa,144.97507,6485,2506,2420,6485,45.8,141.45,0,10,0
771,5050201.0,CT,Ottawa,7.320639999999999,4486,1678,1631,4486,669.4,6.7,0,15,10
772,5050300.0,CT,Ottawa,261.1029,10160,3771,3725,10160,39.0,260.82,0,25,25
773,5050301.0,CT,Ottawa,272.06702,4413,1823,1710,4413,17.1,257.8,0,15,15
774,5050302.0,CT,Ottawa,129.56089,6974,3002,2687,6974,62.1,112.33,0,15,15
775,5050400.0,CT,North Grenville,358.2208,16451,6658,6439,16451,46.7,352.18,0,15,15
