GeoUID,Type,Region Name,Area (sq km),Population ,Dwellings ,Households ,v_CA16_4951: Total - Income statistics in 2015 for the population aged 15 years and over in private households - 25% sample data,v_CA16_4952: Total - Income statistics in 2015 for the population aged 15 years and over in private households - 25% sample data,v_CA16_4953: Total - Income statistics in 2015 for the population aged 15 years and over in private households - 25% sample data,v_CA16_4984: Total - Income statistics in 2015 for private households by household size - 25% sample data,v_CA16_4987: Total - Income statistics in 2015 for one-person private households - 25% sample data,v_CA16_4990: Total - Income statistics in 2015 for two-or-more-person private households - 25% sample data,v_CA16_4993: Total - Income statistics in 2015 for economic families in private households - 25% sample data,v_CA16_4996: Total - Income statistics in 2015 for couple economic families without children or other relatives in private households - 25% sample data,v_CA16_4999: Total - Income statistics in 2015 for couple economic families with children in private households - 25% sample data,v_CA16_6751: Total - Employment income statistics for the population aged 15 years and over in private households - 25% sample data,v_CA16_6752: Total - Employment income statistics for the population aged 15 years and over in private households - 25% sample data,v_CA16_6753: Total - Employment income statistics for the population aged 15 years and over in private households - 25% sample data,v_CA16_5002: Total - Income statistics in 2015 for lone-parent economic families in private households - 25% sample data,v_CA16_5006: Total - Income statistics in 2015 for persons aged 15 years and over not in economic families in private households - 25% sample data,v_CA16_5005: Total - Income statistics in 2015 for persons aged 15 years and over not in economic families in private households - 25% sample data,v_CA16_5007: Total - Income statistics in 2015 for persons aged 15 years and over not in economic families in private households - 25% sample data,v_CA16_2605: Official languages,v_CA16_2604: Official languages,v_CA16_2606: Official languages,v_CA16_2614: Non-official languages,v_CA16_2613: Non-official languages,v_CA16_2615: Non-official languages,v_CA16_5807: Bicycle
5350001.00,CT,Toronto,6.62211,595,274,247,505,300,210,245,75,175,170,80,65,505,295,205,20,80,120,40,315,565,245,110,185,75,30
5350002.00,CT,Toronto,3.2947,620,279,270,605,270,330,285,65,225,210,100,70,605,270,335,30,40,100,65,290,650,360,55,115,65,75
5350003.00,CT,Toronto,0.94253,749,267,258,420,200,220,265,130,135,130,50,30,425,200,220,40,70,150,80,220,455,235,85,205,120,20
5350004.00,CT,Toronto,0.34347,6686,3609,3455,5710,2845,2860,3450,1800,1645,1365,535,455,5710,2845,2865,290,1410,2565,1155,3045,6045,3000,1500,3155,1660,385
5350005.00,CT,Toronto,0.37612,6424,3729,3424,5525,2635,2895,3425,1725,1700,1410,585,385,5530,2630,2895,340,1225,2380,1160,2835,5880,3045,1265,2670,1405,320
5350006.00,CT,Toronto,0.01288,0,0,0,x,x,x,x,x,x,x,x,x,x,x,x,x,x,x,x,x,x,x,x,x,x,x
5350007.01,CT,Toronto,0.19931,3237,1827,1747,2840,1485,1355,1760,930,825,700,265,225,2840,1485,1355,165,740,1275,530,1615,3100,1480,700,1425,730,185
5350007.02,CT,Toronto,0.43657,4753,2653,2506,4090,2055,2030,2495,1270,1225,1050,400,350,4090,2060,2030,235,890,1665,780,2220,4405,2185,1180,2395,1215,235
5350008.01,CT,Toronto,0.29723,7503,5192,4954,7335,3665,3665,4975,2730,2245,1875,1425,250,7335,3665,3665,70,1775,3525,1750,3810,7570,3760,1320,2760,1430,325
5350008.02,CT,Toronto,1.83937,9942,6390,6060,9235,4500,4735,6060,3200,2860,2390,1435,480,9235,4500,4740,330,2075,4240,2170,4760,9715,4955,1975,4320,2345,400
5350009.00,CT,Toronto,0.10317,567,169,166,265,130,130,170,105,70,45,15,0,265,130,130,20,80,165,90,140,270,130,45,100,55,10
5350010.01,CT,Toronto,0.26263,5428,3281,3147,4730,2205,2525,3120,1620,1500,1330,745,320,4730,2205,2525,220,955,2020,1065,2410,5145,2735,720,1700,985,225
5350010.02,CT,Toronto,0.54735,7740,4628,4447,6830,3360,3470,4445,2420,2025,1720,1030,415,6825,3360,3470,215,1520,3165,1645,3585,7250,3665,1320,2775,1455,370
5350011.00,CT,Toronto,0.98037,17549,15207,11891,16935,8715,8215,11890,7280,4615,3550,2645,495,16935,8715,8220,210,4975,9545,4570,8925,17295,8370,3345,6995,3650,450
5350012.01,CT,Toronto,0.41877,11658,7449,6881,10845,5435,5410,6880,3430,3450,2550,1510,500,10840,5435,5410,330,2820,5395,2580,5715,11395,5675,2875,5895,3020,380
5350012.03,CT,Toronto,0.46643,8865,5997,5311,8280,4420,3860,5275,2675,2595,2005,1250,420,8280,4415,3860,160,2300,4030,1730,4605,8600,3995,2410,4650,2245,140
5350012.04,CT,Toronto,0.233,4899,3258,2956,4670,2340,2330,2975,1490,1485,1210,790,255,4670,2340,2330,95,1045,2135,1085,2430,4860,2430,1110,2365,1260,90
5350013.01,CT,Toronto,0.34314,6290,4499,4059,5985,3075,2910,4080,2325,1750,1470,995,265,5985,3075,2910,145,1505,2910,1410,3180,6215,3035,1355,2790,1435,40
5350013.02,CT,Toronto,0.41796,8126,5270,4725,7535,3710,3820,4710,2270,2445,2110,1335,520,7535,3710,3825,155,1470,2960,1490,3925,7895,3970,1985,4210,2230,65
5350014.00,CT,Toronto,0.47266,1242,975,691,1115,610,505,680,310,370,340,195,85,1115,610,505,45,245,375,130,645,1180,530,275,585,310,10
5350015.00,CT,Toronto,0.28599,3663,2451,2226,3490,1720,1770,2255,1180,1075,935,665,155,3495,1715,1770,80,715,1470,755,1800,3630,1830,565,1370,805,25
5350016.00,CT,Toronto,0.65971,10101,6527,6180,9120,4620,4505,6180,3515,2665,2345,1635,385,9120,4615,4505,220,2150,4225,2070,4910,9645,4735,1670,3585,1915,350
5350017.00,CT,Toronto,1.37531,7906,5250,4663,7145,3335,3810,4665,2515,2150,1890,930,420,7140,3330,3805,470,1425,3105,1675,3680,7800,4125,1280,2825,1545,330
5350018.00,CT,Toronto,0.35178,2456,1319,1248,2080,1040,1045,1230,535,695,635,325,210,2080,1040,1040,95,340,715,370,1195,2340,1155,295,620,330,135
5350019.00,CT,Toronto,0.24894,3258,1410,1365,2670,1315,1355,1405,515,890,810,270,310,2665,1315,1355,210,355,730,375,1460,2850,1395,505,1055,555,120
5350020.00,CT,Toronto,0.73862,2390,1028,1014,2005,935,1070,1030,295,730,715,295,345,2005,935,1065,70,110,340,230,1140,2410,1270,225,575,350,35
5350021.00,CT,Toronto,0.86807,5199,2830,2661,4420,1985,2435,2645,1230,1415,1325,565,515,4420,1985,2440,220,650,1460,815,2355,5140,2790,435,1105,675,180
5350022.00,CT,Toronto,0.55462,3883,1577,1504,3150,1515,1635,1500,355,1145,1140,285,650,3150,1515,1630,175,195,415,220,1965,4015,2050,265,620,355,85
5350023.00,CT,Toronto,0.68635,3208,1355,1286,2560,1205,1355,1290,405,890,880,340,420,2560,1210,1355,80,165,430,265,1450,3040,1590,195,410,215,55
5350024.00,CT,Toronto,0.70927,6887,3136,2963,5485,2605,2880,2960,980,1990,1900,670,870,5485,2605,2885,320,595,1235,645,3250,6785,3535,570,1140,570,215
5350025.00,CT,Toronto,0.52843,3456,1659,1610,2800,1335,1460,1595,615,985,935,345,405,2795,1335,1460,150,345,755,410,1655,3365,1710,315,750,435,105
5350026.00,CT,Toronto,0.77719,6486,2894,2695,5325,2600,2730,2695,840,1855,1735,560,775,5325,2595,2730,355,620,1255,635,3085,6205,3125,1120,2265,1145,250
5350027.00,CT,Toronto,0.48531,4390,1818,1724,3635,1820,1810,1740,465,1275,1205,435,505,3630,1825,1810,200,380,715,340,2060,3920,1855,820,1710,890,165
5350028.01,CT,Toronto,0.20716,1387,728,684,1150,580,570,680,280,395,385,165,160,1145,580,565,45,150,315,160,665,1340,675,170,340,170,50
5350028.02,CT,Toronto,0.46335,6198,3007,2836,5060,2405,2655,2825,1130,1695,1570,690,590,5060,2405,2655,200,630,1510,880,2595,5455,2855,945,2000,1055,240
5350029.00,CT,Toronto,0.68669,6987,3099,2962,5790,2880,2905,2950,1055,1890,1725,640,685,5790,2885,2910,330,810,1625,815,3050,6050,3000,1585,3190,1605,325
5350030.00,CT,Toronto,0.38708,4529,2319,2195,3830,1950,1885,2220,1040,1180,990,390,305,3830,1945,1880,235,815,1520,705,2215,4300,2080,1005,2145,1145,190
5350031.00,CT,Toronto,0.26375,6274,2864,2765,5215,2660,2560,2735,1100,1635,1480,390,630,5215,2655,2560,440,800,1465,665,2955,5715,2760,2050,4255,2210,110
5350032.00,CT,Toronto,0.4197,5363,2976,2641,3980,2440,1545,2685,1710,975,775,380,170,3980,2440,1545,175,1595,2280,690,2505,4135,1635,1030,1705,675,225
5350033.00,CT,Toronto,0.31957,5042,3010,2733,3925,2170,1755,2685,1625,1065,905,355,190,3925,2170,1760,310,1260,2045,785,2405,4330,1925,1210,2265,1055,115
5350034.01,CT,Toronto,0.12455,4554,2884,2268,3910,2090,1820,2345,1065,1275,915,485,215,3910,2090,1820,110,1055,1915,860,2185,4040,1850,1150,2205,1055,70
5350034.02,CT,Toronto,0.39824,5147,3409,3055,4560,2445,2110,3025,1680,1340,1000,535,200,4555,2450,2105,185,1375,2440,1065,2580,4795,2215,1145,2180,1035,95
5350035.00,CT,Toronto,0.66273,9876,6772,5707,9145,4260,4885,5715,2905,2815,2030,950,560,9145,4260,4885,300,2125,4700,2575,4505,9485,4975,3065,6685,3620,120
5350036.00,CT,Toronto,0.38343,5487,3641,3272,5180,2495,2690,3270,1795,1475,1165,610,255,5180,2495,2685,165,1270,2615,1340,2485,4985,2500,1415,3100,1685,210
5350037.00,CT,Toronto,0.45102,4494,2463,2116,4000,1980,2025,2120,945,1170,680,255,235,4005,1980,2020,135,1225,2375,1145,2025,3990,1970,1160,2480,1315,290
5350038.00,CT,Toronto,0.36616,3772,1820,1638,3285,1620,1665,1640,725,915,650,250,215,3285,1615,1665,135,885,1695,815,1520,2930,1415,905,2040,1130,275
5350039.00,CT,Toronto,0.31773,4192,1821,1709,3680,1740,1940,1705,625,1080,935,295,290,3675,1740,1935,330,620,1230,610,1620,3220,1595,1240,2590,1355,165
5350040.00,CT,Toronto,0.36873,4568,1961,1788,4015,2070,1940,1755,480,1275,1090,420,430,4015,2070,1940,180,695,1250,555,1850,3670,1820,1270,2510,1240,305
5350041.00,CT,Toronto,0.31712,3453,1588,1453,3090,1500,1590,1485,460,1030,820,330,285,3095,1505,1585,155,490,1065,575,1535,3060,1520,830,1805,975,310
5350042.00,CT,Toronto,0.48994,4570,2150,1965,4015,1935,2080,1955,640,1310,1050,440,405,4015,1935,2080,140,695,1430,735,2050,4120,2070,995,2065,1070,450
5350043.00,CT,Toronto,0.55392,3965,1863,1704,3365,1625,1735,1715,575,1140,965,425,385,3365,1625,1735,130,510,1130,620,1725,3410,1685,720,1580,865,315
5350044.00,CT,Toronto,0.49064,8825,5124,4629,7785,3775,4005,4590,2070,2520,1855,995,525,7785,3775,4005,185,1740,3645,1905,3950,8015,4060,1550,3295,1745,740
5350045.00,CT,Toronto,0.29514,3453,1567,1468,2890,1425,1465,1500,520,980,855,350,290,2895,1425,1465,165,400,865,470,1455,2925,1465,825,1775,950,290
5350046.00,CT,Toronto,0.42036,3281,1404,1330,2975,1465,1515,1340,335,1000,865,260,375,2975,1465,1510,195,420,790,365,1515,3010,1495,870,1880,1010,230
5350047.02,CT,Toronto,0.28694,3791,2083,1947,3250,1700,1545,1930,975,955,800,300,285,3245,1700,1545,175,790,1395,605,1835,3440,1605,950,1880,930,215
5350047.03,CT,Toronto,0.11809,703,376,361,675,360,315,370,150,220,200,100,80,675,355,320,15,115,205,90,405,770,365,150,285,135,85
5350047.04,CT,Toronto,0.27379,2846,1253,1180,2375,1110,1270,1195,355,840,780,275,350,2380,1110,1270,120,270,605,340,1385,2785,1400,420,1000,580,215
5350048.00,CT,Toronto,0.3349,3557,1660,1560,2915,1400,1515,1575,580,995,880,315,405,2915,1405,1515,130,480,930,445,1655,3365,1705,535,1140,605,265
5350049.00,CT,Toronto,0.46479,3663,1506,1426,2575,1220,1355,1390,485,905,835,320,350,2575,1215,1355,125,320,680,355,1475,3040,1565,375,785,410,230
5350050.01,CT,Toronto,1.46504,8746,4553,4336,7580,3410,4165,4340,1795,2550,2450,1130,980,7575,3415,4165,285,815,2030,1220,3955,8635,4680,1700,3835,2140,140
5350050.03,CT,Toronto,1.92412,1109,606,590,925,415,510,555,230,325,315,180,125,920,410,510,0,85,245,165,480,1045,560,200,425,225,10
5350050.04,CT,Toronto,0.77861,5008,2291,2212,4070,1860,2210,2205,815,1390,1320,410,565,4065,1855,2210,310,415,995,580,2305,4885,2580,800,1815,1015,105
5350051.00,CT,Toronto,0.69119,5399,2570,2313,4670,2265,2400,2385,875,1510,1385,570,605,4670,2270,2400,175,645,1350,705,2675,5415,2740,815,1670,860,325
5350052.00,CT,Toronto,0.50129,4077,1933,1839,3360,1555,1810,1820,645,1170,1065,410,470,3355,1550,1805,155,395,915,525,1795,3825,2030,575,1325,755,295
5350053.00,CT,Toronto,0.68317,5982,2840,2712,5195,2585,2610,2690,955,1735,1495,655,575,5195,2585,2605,200,835,1635,800,2705,5380,2670,1355,2955,1595,355
5350054.00,CT,Toronto,0.70239,5803,2975,2724,5240,2535,2700,2745,1055,1685,1425,605,515,5235,2535,2700,240,925,1840,920,2745,5525,2780,1385,2975,1585,420
5350055.00,CT,Toronto,0.27636,2763,1403,1320,2325,1090,1235,1305,555,745,580,295,200,2330,1095,1235,80,440,1000,560,1215,2530,1310,395,875,485,320
5350056.00,CT,Toronto,0.50948,4772,2170,2018,4370,2100,2270,2020,545,1470,1110,400,475,4370,2105,2265,155,730,1550,815,2230,4510,2290,985,2125,1145,495
5350057.00,CT,Toronto,0.26644,2311,1226,1108,2090,1055,1035,1080,410,670,495,265,130,2090,1055,1035,75,500,915,415,1110,2190,1075,405,860,460,210
5350058.00,CT,Toronto,0.38414,3980,2063,1888,3715,1755,1965,1935,725,1210,930,465,335,3715,1755,1965,100,710,1555,845,1830,3845,2005,675,1570,890,445
5350059.00,CT,Toronto,0.36663,3837,1621,1447,2940,1455,1485,1445,445,995,700,325,235,2945,1455,1490,85,635,1305,670,1525,3060,1530,610,1280,670,390
5350060.00,CT,Toronto,0.27159,2685,1669,1471,2540,1285,1255,1470,675,795,560,300,180,2535,1280,1255,70,630,1265,635,1360,2680,1320,460,1020,555,150
5350061.00,CT,Toronto,0.76722,1085,536,475,695,320,375,480,310,175,145,70,50,690,320,370,25,170,370,205,315,675,360,200,440,240,15
5350062.01,CT,Toronto,0.10685,5595,3852,3302,5045,2265,2775,3345,1745,1605,1325,735,355,5045,2270,2780,150,950,2335,1380,2420,5395,2970,1510,3390,1880,90
5350062.02,CT,Toronto,0.58534,9084,6837,5374,8635,4115,4520,5330,2660,2675,1835,990,395,8635,4115,4520,250,2230,4620,2390,4230,8855,4625,2725,5960,3230,105
5350063.03,CT,Toronto,0.09338,5104,3640,3405,4820,2515,2305,3355,2010,1350,1060,715,140,4820,2515,2305,110,1435,2620,1185,2560,4910,2350,1320,2595,1270,135
5350063.04,CT,Toronto,0.14093,3370,2409,2264,3015,1845,1170,2200,1490,705,495,355,55,3015,1845,1170,40,1220,1980,755,1830,3050,1215,670,1150,485,115
5350063.05,CT,Toronto,0.12992,4331,3429,2943,4320,2310,2015,2990,1805,1180,880,620,140,4315,2305,2015,85,1330,2460,1135,2360,4375,2020,1170,2345,1175,120
5350063.06,CT,Toronto,0.19221,5171,3761,3519,4985,3025,1960,3510,2185,1325,975,680,155,4985,3025,1960,75,1875,2950,1080,3100,5100,2005,1315,2310,990,130
5350064.00,CT,Toronto,0.19472,4311,2898,2683,3950,2380,1570,2665,1510,1155,890,625,140,3950,2385,1570,80,1290,2085,790,2450,4080,1630,1020,1840,825,175
5350065.01,CT,Toronto,0.08613,2483,1496,1394,2235,1245,990,1415,755,660,465,220,160,2235,1250,990,45,760,1210,455,1330,2390,1060,710,1455,750,70
5350065.02,CT,Toronto,0.14341,11821,5715,5481,9885,4920,4965,5480,2265,3220,2700,615,1170,9880,4920,4965,755,2000,3575,1580,5750,11375,5620,4025,8195,4170,230
5350066.00,CT,Toronto,0.32848,7608,4597,4425,6575,3725,2855,4415,2565,1850,1500,885,275,6580,3725,2855,235,2050,3370,1320,3880,6755,2880,1485,2835,1355,325
5350067.00,CT,Toronto,0.66344,1694,868,814,1475,820,660,795,260,540,495,275,150,1480,820,660,45,235,385,150,895,1680,785,200,380,180,125
5350068.00,CT,Toronto,0.43058,2367,1296,1203,2140,1175,970,1225,490,735,685,380,170,2135,1175,965,115,360,665,305,1240,2250,1010,335,680,340,260
5350069.00,CT,Toronto,0.87273,4923,2011,1894,4040,1980,2065,1915,495,1420,1350,465,655,4045,1975,2065,170,390,775,385,2285,4600,2310,805,1675,870,305
5350070.00,CT,Toronto,0.44642,3512,1774,1712,2905,1340,1565,1720,800,925,840,315,370,2910,1340,1570,115,405,970,570,1570,3320,1755,375,810,435,125
5350071.00,CT,Toronto,0.46398,3481,1521,1402,2780,1345,1430,1365,360,1010,975,320,450,2780,1350,1435,180,235,490,250,1655,3380,1720,380,865,485,185
5350072.01,CT,Toronto,0.40518,4586,1949,1864,3655,1675,1975,1830,595,1240,1195,325,470,3655,1675,1980,365,330,755,425,1990,4195,2205,795,1785,995,160
5350072.02,CT,Toronto,0.5369,3141,1320,1261,2630,1310,1320,1295,365,925,865,285,410,2630,1305,1320,125,310,555,245,1580,3105,1520,565,1050,490,145
5350073.00,CT,Toronto,0.35718,2605,1077,1007,2255,1165,1090,995,275,720,685,190,310,2255,1165,1090,150,265,495,230,1200,2320,1120,610,1130,520,80
5350074.00,CT,Toronto,0.3998,3848,1710,1598,3240,1560,1680,1575,470,1110,1000,295,435,3245,1560,1680,250,400,840,440,1745,3650,1905,760,1550,795,205
5350075.00,CT,Toronto,0.49858,4083,1839,1760,3350,1565,1780,1780,650,1130,1075,360,500,3345,1570,1780,175,330,815,485,1835,3775,1945,715,1490,775,125
5350076.00,CT,Toronto,0.45744,4415,1993,1937,3755,1705,2045,2000,690,1310,1260,410,570,3755,1710,2045,245,405,870,465,2065,4385,2320,570,1425,860,115
5350077.00,CT,Toronto,0.6104,4670,1968,1907,3555,1740,1815,1855,570,1290,1230,355,590,3555,1740,1810,255,420,765,345,2125,4335,2205,435,970,530,160
5350078.00,CT,Toronto,0.77495,6016,2980,2854,4980,2415,2560,2825,1120,1705,1640,595,665,4980,2420,2560,350,670,1305,635,2830,5850,3015,660,1395,740,135
5350079.00,CT,Toronto,1.01839,7327,2986,2887,5660,2615,3050,2925,860,2065,2020,605,1030,5665,2610,3055,365,420,1000,585,3250,7030,3785,600,1425,825,135
5350080.01,CT,Toronto,0.47192,3352,1496,1428,2810,1325,1490,1455,485,975,910,300,430,2810,1325,1485,155,295,680,385,1605,3310,1700,375,845,475,45
5350080.02,CT,Toronto,0.39054,4686,2073,2011,3835,1900,1935,1975,730,1245,1150,260,515,3835,1900,1940,295,595,1060,465,2200,4385,2185,1260,2590,1330,50
5350081.00,CT,Toronto,0.36798,2848,1140,1076,2305,1115,1185,1105,255,850,780,210,440,2300,1120,1190,125,220,435,220,1355,2700,1345,485,1000,510,75
5350082.00,CT,Toronto,0.3084,2766,1060,1027,2225,1055,1170,1055,250,800,735,245,375,2225,1055,1170,80,225,480,250,1235,2605,1370,525,1100,575,95
5350083.00,CT,Toronto,0.44642,4052,1908,1822,3425,1725,1695,1770,680,1090,1015,320,495,3420,1725,1695,150,500,875,375,1990,3840,1845,835,1695,860,125
5350084.00,CT,Toronto,0.40903,3810,1613,1498,2970,1400,1565,1490,455,1035,950,310,500,2970,1405,1565,125,290,685,395,1770,3630,1860,480,1125,640,120
5350085.00,CT,Toronto,0.49901,3994,2154,2078,3520,1775,1740,2090,1000,1090,960,430,365,3520,1780,1745,130,630,1285,660,1980,3880,1900,590,1160,565,135
5350086.00,CT,Toronto,1.1385,2661,965,921,2050,985,1065,905,145,760,705,260,370,2045,985,1065,70,115,300,180,1220,2500,1280,240,475,240,25
5350087.00,CT,Toronto,1.60971,5155,2652,2491,4560,2060,2495,2500,1030,1475,1420,730,540,4555,2060,2495,135,390,1185,795,2345,5170,2825,500,1205,710,135
5350088.00,CT,Toronto,0.22973,3249,1997,1821,2970,1395,1570,1825,870,955,865,520,180,2970,1395,1570,115,485,1095,615,1475,3115,1640,750,1690,940,40
5350089.00,CT,Toronto,0.32969,3896,2995,2345,3505,1635,1875,2320,1310,1010,930,610,180,3505,1630,1875,95,625,1485,860,1680,3640,1965,745,1610,865,35
5350090.00,CT,Toronto,0.39427,4144,2584,2347,3640,1615,2020,2375,1305,1065,1005,605,270,3635,1615,2025,115,570,1430,870,1735,3880,2145,585,1415,830,55
5350091.01,CT,Toronto,0.51145,6031,3639,3224,4910,2350,2565,3210,1795,1410,1235,835,220,4915,2350,2565,130,1000,2275,1275,2460,5130,2670,870,1965,1090,245
5350091.02,CT,Toronto,0.32714,3525,2288,2009,3205,1520,1685,2025,1100,925,735,350,180,3210,1525,1690,165,745,1605,860,1665,3465,1800,545,1185,645,230
5350092.00,CT,Toronto,0.62885,7278,4113,3718,6345,3090,3255,3725,1735,1990,1575,795,495,6350,3090,3255,210,1440,2895,1460,3400,6935,3535,1120,2315,1200,560
5350093.00,CT,Toronto,0.61785,5652,2490,2291,4685,2220,2465,2285,650,1640,1385,510,600,4685,2220,2465,205,690,1420,735,2505,5260,2755,860,2010,1150,550
5350094.00,CT,Toronto,0.63892,4950,2177,2048,4215,1920,2300,2025,550,1480,1280,460,535,4215,1920,2300,250,490,1090,600,2070,4410,2340,1055,2420,1365,370
5350095.00,CT,Toronto,0.31549,3095,1392,1319,2880,1485,1390,1345,385,955,760,300,310,2875,1490,1390,100,560,1030,470,1555,2975,1420,720,1480,755,270
5350096.01,CT,Toronto,0.20053,1658,694,658,1490,735,750,660,155,505,425,145,190,1490,735,755,70,240,420,180,805,1570,765,400,855,460,135
5350096.02,CT,Toronto,0.34918,3336,1494,1398,2965,1425,1535,1415,445,970,860,350,290,2960,1430,1540,135,395,820,420,1485,3015,1525,835,1730,895,240
5350097.01,CT,Toronto,0.3825,4322,1758,1621,3430,1735,1705,1540,440,1105,935,300,460,3430,1730,1705,135,575,1010,440,1885,3665,1785,1215,2455,1240,215
5350097.03,CT,Toronto,0.17179,1207,783,679,1080,595,490,645,375,265,215,30,95,1080,590,490,65,355,555,195,620,1120,500,365,635,270,45
5350097.04,CT,Toronto,0.32489,5462,2528,2392,4900,2430,2465,2465,880,1585,1345,535,530,4895,2430,2465,230,845,1615,770,2480,4930,2445,1500,3115,1615,230
5350098.00,CT,Toronto,0.71535,7099,3123,3002,6095,2895,3195,3000,960,2045,1845,615,820,6095,2895,3200,345,725,1550,825,3210,6620,3410,1590,3445,1860,305
5350099.00,CT,Toronto,0.5813,6585,3380,3241,5620,2785,2835,3255,1390,1865,1685,680,675,5620,2780,2835,255,970,1875,910,3160,6435,3275,1415,2940,1530,230
5350100.00,CT,Toronto,0.28925,2956,1492,1432,2360,1120,1240,1430,705,725,685,305,240,2360,1115,1240,110,430,875,445,1270,2640,1365,430,925,490,135
5350101.00,CT,Toronto,0.43014,3128,1595,1464,2805,1325,1480,1495,510,990,855,360,335,2810,1325,1480,130,410,845,440,1515,3185,1665,420,960,540,155
5350102.02,CT,Toronto,0.11566,4313,2688,2535,3950,1795,2155,2595,1385,1205,1085,620,240,3950,1795,2155,205,755,1695,940,1955,4225,2270,950,2115,1165,65
5350102.03,CT,Toronto,0.13087,3682,2178,2095,3330,1495,1835,2095,1015,1070,1010,500,275,3330,1495,1835,200,485,1180,700,1665,3605,1935,915,2005,1090,80
5350102.04,CT,Toronto,0.10129,671,309,285,505,230,275,265,80,185,165,60,70,505,235,275,20,50,135,85,285,615,325,100,220,115,15
5350102.05,CT,Toronto,0.11899,861,359,340,675,305,370,325,90,240,230,80,140,675,305,365,0,25,135,105,380,810,430,130,290,160,30
5350103.00,CT,Toronto,0.83794,6050,2627,2527,4895,2250,2640,2490,770,1715,1630,650,770,4895,2255,2645,185,415,1030,610,2690,5770,3075,880,1950,1075,145
5350104.00,CT,Toronto,0.73732,5525,2141,2054,4470,2105,2370,2080,425,1650,1610,460,925,4470,2100,2365,190,230,580,350,2625,5600,2970,645,1490,840,130
5350105.00,CT,Toronto,0.55453,4509,1917,1790,3750,1840,1910,1795,470,1325,1260,445,605,3755,1845,1905,155,295,685,395,2145,4350,2205,720,1580,860,200
5350106.00,CT,Toronto,1.37076,3773,1427,1343,3085,1505,1580,1305,305,1000,925,180,495,3080,1505,1580,230,310,590,285,1745,3405,1660,1155,2420,1265,35
5350107.00,CT,Toronto,0.71899,5085,1880,1751,4320,2130,2195,1750,310,1440,1390,315,685,4325,2125,2195,315,305,530,220,2345,4720,2375,1625,3280,1660,70
5350108.00,CT,Toronto,0.73607,6013,2679,2475,5100,2560,2535,2475,880,1595,1510,410,665,5095,2560,2535,365,690,1260,570,2865,5545,2680,1730,3440,1705,135
5350109.00,CT,Toronto,0.62602,5496,2299,2203,4700,2325,2380,2200,480,1715,1545,580,640,4705,2325,2380,290,535,980,445,2470,4950,2480,1470,3110,1645,170
5350110.00,CT,Toronto,0.54554,3577,1557,1434,3165,1580,1585,1460,355,1105,1040,330,500,3165,1585,1580,185,335,615,275,1740,3415,1675,1080,2180,1100,60
5350111.00,CT,Toronto,0.45581,2507,968,902,2125,1025,1095,870,150,720,705,215,335,2125,1030,1095,135,125,225,95,1085,2210,1125,810,1675,865,25
5350112.00,CT,Toronto,0.50172,5295,2181,2035,4585,2250,2335,2070,475,1595,1480,400,735,4585,2250,2335,260,405,870,460,2395,4725,2330,1605,3380,1770,140
5350113.00,CT,Toronto,0.38225,2754,1197,1118,2320,1120,1200,1110,315,800,730,265,320,2320,1125,1200,115,265,510,245,1280,2610,1320,530,1190,665,130
5350114.00,CT,Toronto,0.62462,5349,2471,2369,4420,2010,2410,2395,945,1445,1280,455,525,4420,2010,2410,240,590,1455,865,2325,4895,2570,960,2205,1245,190
5350115.00,CT,Toronto,0.37543,4372,1670,1597,3415,1610,1810,1535,345,1195,1105,310,445,3415,1605,1810,305,250,645,395,1715,3645,1925,980,2090,1105,240
5350116.00,CT,Toronto,0.67913,4628,2044,1921,3545,1630,1915,1965,775,1195,1090,420,460,3545,1630,1915,155,465,1065,605,1930,4075,2140,670,1440,765,180
5350117.00,CT,Toronto,0.39107,2211,1165,1106,1930,880,1045,1120,470,650,580,265,215,1930,880,1045,90,285,665,380,1020,2165,1145,295,615,315,70
5350118.00,CT,Toronto,0.69384,4127,2183,1990,3655,1715,1940,1935,695,1245,1160,585,425,3655,1715,1940,130,355,950,595,1935,4115,2180,520,1105,580,100
5350119.00,CT,Toronto,0.8519,4630,2485,2310,4055,1820,2235,2350,1065,1280,1190,660,410,4060,1825,2235,100,465,1305,840,2055,4530,2475,640,1445,805,45
5350120.00,CT,Toronto,0.25722,1381,697,654,1115,525,595,655,285,375,365,165,155,1120,525,595,45,115,300,185,660,1325,665,115,275,160,30
5350121.00,CT,Toronto,0.29736,2659,1629,1448,2295,995,1295,1450,715,725,685,450,165,2290,995,1300,50,280,830,555,1075,2465,1395,260,625,360,10
5350122.00,CT,Toronto,0.53381,6220,3655,3443,5570,2335,3235,3450,1660,1790,1620,885,480,5570,2335,3235,200,645,2065,1420,2640,6175,3535,745,1965,1220,90
5350123.00,CT,Toronto,0.07501,2268,1494,1467,2115,1005,1110,1465,860,605,515,310,100,2115,1005,1110,85,520,1050,530,1070,2235,1160,470,1015,550,25
5350124.00,CT,Toronto,0.55675,5416,3470,3278,4850,2130,2720,3250,1875,1375,1265,805,330,4850,2130,2715,125,795,2135,1345,2305,5205,2900,720,1675,960,75
5350125.00,CT,Toronto,1.12047,4442,1618,1543,3580,1665,1910,1570,250,1315,1305,400,720,3580,1665,1910,160,115,330,215,2140,4510,2370,380,860,485,50
5350126.00,CT,Toronto,1.44927,4248,1746,1693,3355,1510,1845,1720,455,1270,1235,390,650,3355,1510,1840,170,220,575,350,2010,4325,2310,500,1115,615,60
5350127.00,CT,Toronto,0.74046,5450,2325,2236,4345,2010,2335,2205,665,1545,1485,445,800,4345,2010,2335,200,265,840,585,2515,5320,2805,655,1560,900,65
5350128.02,CT,Toronto,0.51869,8705,5052,4766,7545,3425,4130,4785,2435,2340,2155,1120,660,7550,3425,4130,290,1155,2890,1735,3805,8240,4440,1555,3540,1985,70
5350128.04,CT,Toronto,0.16199,4698,2994,2927,4195,1805,2395,2910,1735,1175,1050,570,270,4200,1805,2390,180,775,2015,1240,1960,4505,2545,810,1895,1085,30
5350128.05,CT,Toronto,0.18163,945,366,304,575,300,280,290,90,200,180,75,65,575,300,280,30,80,145,65,355,665,310,100,185,90,20
5350128.06,CT,Toronto,0.08584,4199,2601,2523,3860,1820,2040,2545,1380,1160,1000,510,290,3860,1820,2035,140,800,1740,940,1990,4150,2160,1150,2380,1230,45
5350129.00,CT,Toronto,0.92741,5770,2787,2622,4775,2165,2605,2615,955,1660,1555,620,645,4775,2165,2605,250,500,1235,735,2590,5680,3090,665,1725,1060,75
5350130.00,CT,Toronto,1.27901,3543,1365,1279,2860,1355,1505,1260,275,985,970,375,460,2860,1355,1505,125,145,390,245,1605,3340,1730,410,915,505,35
5350131.00,CT,Toronto,1.04439,5310,2505,2360,4640,2070,2565,2395,905,1490,1450,660,605,4635,2075,2565,145,340,1140,800,2415,5325,2910,745,1685,940,85
5350132.00,CT,Toronto,0.92464,5467,2155,2038,4350,1955,2395,1975,460,1515,1420,420,765,4350,1955,2395,205,290,805,510,2485,5280,2795,955,2195,1235,45
5350133.00,CT,Toronto,0.66745,7339,3629,3408,6260,2705,3555,3470,1460,2010,1895,620,875,6260,2710,3555,330,625,1785,1160,3215,7255,4040,1625,3720,2095,50
5350134.00,CT,Toronto,0.41704,2959,1076,1033,2280,1115,1165,1040,180,860,840,270,480,2280,1110,1165,85,105,245,135,1425,2860,1440,380,720,335,45
5350135.00,CT,Toronto,0.71622,6047,3316,3054,5225,2465,2760,3060,1415,1645,1570,630,685,5220,2465,2760,175,675,1635,955,2875,6040,3160,940,2125,1180,70
5350136.01,CT,Toronto,0.19196,6128,4023,3779,5685,2510,3175,3770,2070,1700,1495,795,355,5680,2510,3170,275,1030,2530,1500,2720,6065,3345,1265,2820,1555,50
5350136.02,CT,Toronto,0.21013,4983,3459,3198,4685,2095,2590,3210,1970,1235,1090,570,280,4685,2095,2590,180,945,2295,1345,2180,4840,2655,1035,2355,1325,35
5350137.00,CT,Toronto,0.91421,7077,3644,3509,6080,2760,3320,3510,1545,1965,1805,765,755,6080,2760,3320,250,765,1935,1170,3215,6985,3775,1010,2425,1410,90
5350138.00,CT,Toronto,0.96546,3103,1250,1181,2570,1170,1400,1190,335,850,830,290,425,2575,1170,1405,100,120,390,265,1395,3020,1630,285,650,365,15
5350139.01,CT,Toronto,0.7736,4167,1904,1824,3465,1595,1870,1820,665,1150,1130,400,575,3465,1595,1870,135,275,740,465,1940,4180,2240,595,1360,765,30
5350139.02,CT,Toronto,0.50952,2542,961,920,2120,985,1135,940,190,755,710,185,450,2120,985,1135,70,105,280,175,1255,2655,1400,245,550,300,20
5350140.00,CT,Toronto,0.57204,2408,826,791,1835,860,970,760,105,660,650,165,405,1830,865,970,70,30,160,130,1110,2300,1190,200,490,290,25
5350141.01,CT,Toronto,0.55041,4320,1685,1620,3375,1540,1830,1635,360,1275,1250,375,700,3375,1545,1835,155,165,445,285,2020,4270,2245,480,1245,770,30
5350141.02,CT,Toronto,0.68759,4477,1624,1561,3500,1715,1785,1585,250,1335,1310,345,775,3500,1710,1780,155,125,325,200,2265,4565,2300,485,1000,520,35
5350142.00,CT,Toronto,1.04392,5810,2313,2237,4410,2060,2355,2200,645,1550,1520,390,910,4405,2055,2350,180,270,770,500,2710,5610,2905,695,1485,800,20
5350150.00,CT,Toronto,1.10899,4201,1640,1586,3410,1615,1805,1610,385,1225,1180,390,650,3410,1610,1805,110,220,565,350,2000,4210,2215,510,1270,760,65
5350151.00,CT,Toronto,0.65559,3784,1577,1535,2870,1280,1585,1510,435,1080,1070,245,395,2870,1280,1590,395,175,470,290,1715,3680,1965,695,1685,995,60
5350152.00,CT,Toronto,0.85463,4545,1846,1764,3555,1675,1875,1740,410,1330,1290,410,625,3550,1675,1875,195,235,540,305,2115,4360,2240,670,1510,835,135
5350153.00,CT,Toronto,0.92761,4462,1783,1685,3765,1835,1930,1650,400,1260,1195,385,555,3760,1830,1930,215,275,605,330,2025,4120,2090,1180,2510,1330,55
5350154.00,CT,Toronto,2.15888,6157,2899,2818,5465,2540,2920,2850,1100,1745,1655,510,655,5465,2540,2925,425,580,1380,800,2800,5950,3150,1600,3575,1970,10
5350155.00,CT,Toronto,0.81296,3128,1316,1206,2415,1170,1245,1140,410,735,715,125,360,2415,1170,1240,215,295,505,215,1405,2840,1445,800,1710,910,0
5350156.01,CT,Toronto,0.60545,5688,2365,2273,4710,2245,2465,2315,780,1540,1485,350,580,4710,2245,2470,495,500,970,470,2620,5290,2670,1855,3700,1840,20
5350156.02,CT,Toronto,0.59201,2811,1124,1073,2385,1215,1165,1095,300,790,760,180,365,2380,1210,1170,180,240,420,180,1340,2655,1315,790,1660,865,0
5350157.00,CT,Toronto,0.48528,2635,1107,1016,2195,1030,1165,1015,260,755,740,175,330,2195,1030,1165,215,155,330,175,1165,2535,1370,675,1505,830,15
5350158.00,CT,Toronto,0.63989,2848,1346,1250,2560,1145,1420,1290,510,775,750,195,280,2560,1145,1415,215,305,695,395,1265,2740,1475,825,1830,1005,15
5350159.01,CT,Toronto,0.49247,3487,1386,1223,2885,1395,1490,1195,250,950,915,180,485,2890,1395,1495,200,160,385,220,1545,3070,1525,1225,2470,1250,10
5350159.02,CT,Toronto,0.57532,4723,1843,1709,3980,1980,2000,1700,395,1305,1280,345,685,3985,1980,2000,215,305,520,210,2080,4245,2160,1695,3435,1740,25
5350160.00,CT,Toronto,0.73445,3116,1246,1143,2495,1285,1210,1145,320,825,790,210,430,2490,1285,1210,115,270,475,205,1400,2700,1300,995,1985,990,15
5350161.00,CT,Toronto,0.81126,6839,2689,2537,5925,2830,3100,2535,510,2030,1925,490,1005,5925,2830,3095,380,405,910,505,3110,6345,3230,2120,4615,2495,55
5350162.00,CT,Toronto,0.57575,5119,2059,1952,4115,2000,2115,1915,540,1375,1305,365,620,4115,2000,2115,285,425,840,415,2190,4375,2190,1465,3020,1550,50
5350163.00,CT,Toronto,0.45422,4358,1882,1762,3800,1790,2015,1795,495,1305,1185,345,550,3800,1785,2010,260,420,880,460,1980,4150,2170,1150,2490,1340,125
5350164.00,CT,Toronto,0.62823,6258,2629,2515,5150,2445,2705,2485,650,1840,1730,540,755,5150,2445,2705,365,510,995,480,2835,5820,2990,1370,3010,1645,195
5350165.00,CT,Toronto,0.48493,4370,2031,1943,3600,1710,1890,1960,750,1205,1115,395,495,3605,1710,1890,165,470,1030,565,2050,4210,2160,675,1550,880,135
5350166.00,CT,Toronto,0.78603,4180,1691,1625,3380,1575,1800,1625,430,1195,1155,390,610,3380,1580,1800,125,235,640,405,1970,4150,2175,615,1465,850,35
5350167.01,CT,Toronto,0.13411,1879,1483,1312,1785,785,1000,1290,815,475,445,320,65,1785,785,1000,45,335,885,545,830,1835,1010,315,685,370,30
5350167.02,CT,Toronto,0.60145,5815,3143,2998,5085,2165,2920,2980,1345,1635,1455,590,450,5090,2170,2920,340,660,1825,1165,2490,5675,3180,1115,2540,1420,110
5350168.00,CT,Toronto,0.56552,5475,2665,2458,4775,2120,2655,2490,975,1515,1400,335,595,4775,2120,2655,395,550,1305,755,2430,5270,2840,1345,3060,1720,60
5350169.01,CT,Toronto,0.3781,3472,1457,1334,3010,1315,1695,1355,365,990,930,225,400,3015,1315,1695,240,265,645,385,1485,3295,1810,940,2285,1345,10
5350169.02,CT,Toronto,0.43778,7464,3318,3202,6410,2915,3495,3165,1115,2050,1925,540,870,6410,2915,3495,445,650,1495,850,3265,7070,3805,2225,4935,2710,40
5350170.00,CT,Toronto,1.01423,3321,1305,1201,2935,1415,1520,1215,245,970,915,235,495,2935,1410,1520,135,180,425,250,1555,3115,1565,1145,2420,1275,10
5350171.00,CT,Toronto,0.6081,4055,1613,1522,3130,1390,1740,1520,415,1100,1060,245,375,3130,1385,1740,400,235,575,345,1600,3555,1950,1040,2250,1215,10
5350172.00,CT,Toronto,1.21015,2522,1183,1128,2130,1010,1120,1130,445,680,650,110,275,2130,1005,1125,235,285,545,265,1220,2505,1280,545,1115,570,10
5350173.00,CT,Toronto,0.60145,3694,1528,1438,3030,1445,1580,1420,390,1025,945,140,395,3030,1450,1585,370,335,630,290,1815,3645,1830,885,1800,920,0
5350174.00,CT,Toronto,1.06328,7264,2751,2723,5645,2610,3035,2740,805,1935,1865,415,740,5645,2610,3035,635,535,1110,575,3105,6535,3435,1830,3870,2035,10
5350175.01,CT,Toronto,0.80126,6036,2551,2406,4940,2275,2670,2440,820,1620,1515,290,580,4940,2275,2665,560,600,1110,510,2745,5750,3000,1450,3090,1635,0
5350175.02,CT,Toronto,0.74248,7679,3813,3585,6235,2940,3295,3585,1575,2010,1865,465,590,6235,2940,3295,715,1100,1975,875,3565,7380,3820,1725,3585,1860,10
5350176.00,CT,Toronto,1.00471,4277,1697,1609,3425,1645,1780,1580,415,1160,1125,335,505,3430,1650,1780,225,300,585,285,1890,3935,2045,770,1710,940,20
5350180.00,CT,Toronto,0.6138,6556,2875,2765,5280,2460,2825,2765,940,1830,1710,475,715,5285,2460,2825,435,615,1285,675,2975,6170,3195,1455,3145,1695,35
5350181.01,CT,Toronto,0.57055,4313,1940,1858,3685,1750,1930,1865,575,1290,1220,440,565,3685,1750,1930,175,340,815,480,2005,4220,2210,590,1340,745,105
5350181.02,CT,Toronto,0.60182,3552,1664,1591,3005,1480,1525,1585,530,1055,980,330,400,3005,1480,1525,215,380,740,355,1710,3405,1700,565,1220,655,70
5350182.00,CT,Toronto,0.7605,5531,2297,2186,4400,2140,2260,2135,530,1605,1540,450,770,4400,2140,2260,255,325,710,390,2500,5100,2605,900,2005,1105,110
5350183.01,CT,Toronto,0.52409,2603,1048,1007,2230,1075,1155,1015,225,795,745,240,385,2230,1075,1155,110,175,355,180,1250,2540,1285,600,1220,615,65
5350183.02,CT,Toronto,0.42813,3938,1584,1522,3245,1545,1700,1575,395,1180,1145,370,610,3245,1545,1700,130,230,495,270,1930,3925,1995,620,1365,740,130
5350184.01,CT,Toronto,0.47406,5108,2346,2307,4175,1915,2260,2300,860,1440,1365,455,555,4175,1915,2260,285,485,1050,560,2295,4865,2575,1120,2485,1365,95
5350184.02,CT,Toronto,0.56201,3768,1694,1642,3180,1515,1670,1635,540,1095,1015,340,400,3180,1515,1670,225,385,775,395,1740,3565,1825,720,1540,820,50
5350185.01,CT,Toronto,0.49919,6810,3507,3394,5930,2800,3130,3390,1420,1965,1815,695,700,5930,2800,3130,360,865,1855,995,3190,6640,3450,1620,3515,1890,205
5350185.02,CT,Toronto,1.22887,4689,2305,2269,3950,1850,2100,2275,1015,1260,1160,445,435,3950,1850,2100,245,575,1260,685,2100,4365,2265,1000,2135,1135,90
5350186.00,CT,Toronto,1.91076,2416,949,913,1935,875,1055,895,240,655,635,170,360,1935,875,1055,100,85,305,215,1115,2385,1270,260,555,295,30
5350187.00,CT,Toronto,1.21045,3448,1424,1351,2915,1490,1420,1345,345,1005,980,275,525,2910,1490,1420,160,230,455,220,1790,3455,1670,755,1490,735,55
5350188.00,CT,Toronto,0.55199,2017,842,797,1645,750,895,810,235,570,545,170,290,1650,750,895,65,80,300,225,915,1940,1030,360,785,425,40
5350189.00,CT,Toronto,1.23951,5462,2226,2180,4535,2090,2445,2215,640,1570,1485,425,575,4540,2090,2445,435,430,960,530,2450,5210,2765,1045,2200,1155,25
5350190.01,CT,Toronto,0.40227,9127,3577,3507,7250,3635,3615,3505,945,2555,2360,535,1375,7250,3635,3615,365,910,1525,615,4500,8785,4285,3390,6760,3365,20
5350190.02,CT,Toronto,0.5813,4765,2102,2026,3835,1765,2070,2035,680,1350,1250,315,485,3835,1765,2070,405,445,925,485,2105,4465,2365,965,2110,1150,20
5350191.00,CT,Toronto,0.82303,4229,1853,1779,3670,1875,1790,1770,525,1245,1170,380,585,3670,1880,1795,180,445,780,340,2175,4200,2025,820,1725,905,40
5350192.00,CT,Toronto,0.92037,905,462,440,775,335,440,440,205,230,210,50,105,770,335,435,50,135,270,135,400,875,475,160,420,260,0
5350193.00,CT,Toronto,1.41592,3314,1070,1043,2580,1295,1285,1010,150,860,835,200,535,2580,1295,1285,65,130,245,120,1570,3110,1535,990,1980,985,10
5350194.01,CT,Toronto,0.2315,5498,1482,1463,3760,1945,1820,1505,200,1305,1245,130,965,3760,1940,1820,110,290,415,130,2770,5300,2535,2680,5210,2525,25
5350194.02,CT,Toronto,0.34635,6240,1934,1923,4180,2085,2095,1880,445,1435,1375,295,855,4180,2090,2095,175,345,615,270,2735,5370,2640,2300,4600,2295,10
5350194.03,CT,Toronto,0.25016,2933,1238,1229,2255,970,1285,1200,460,740,700,150,300,2250,970,1280,205,225,610,380,1195,2665,1465,895,2100,1205,0
5350194.04,CT,Toronto,2.29209,6437,2571,2508,5045,2345,2705,2540,810,1725,1680,405,950,5045,2350,2700,240,320,920,600,3020,6190,3170,2375,4785,2410,20
5350195.01,CT,Toronto,0.9462,4483,1656,1604,3510,1710,1800,1625,410,1215,1195,240,780,3510,1710,1800,160,215,475,260,2155,4410,2260,505,1175,665,60
5350195.02,CT,Toronto,0.37813,2317,920,894,1860,825,1030,925,270,650,645,180,375,1860,825,1035,85,75,300,230,1115,2380,1265,290,615,325,45
5350196.01,CT,Toronto,0.3774,1977,811,775,1555,685,870,750,200,550,540,205,270,1550,685,870,60,45,235,190,835,1870,1035,185,450,260,25
5350196.02,CT,Toronto,1.10548,5635,2376,2250,4505,2170,2330,2235,670,1570,1545,485,865,4500,2175,2330,185,295,750,455,2740,5540,2800,420,965,545,75
5350200.01,CT,Toronto,0.6408,5614,3143,3055,5020,2405,2620,3060,1405,1655,1535,705,360,5025,2400,2625,405,880,1720,845,2545,5350,2805,1405,2920,1520,70
5350200.02,CT,Toronto,0.14209,981,680,649,970,475,495,675,410,265,230,130,50,975,475,495,40,255,480,230,495,1025,530,170,350,180,15
5350201.00,CT,Toronto,0.75952,5371,2989,2776,4755,2295,2460,2795,1280,1515,1425,605,525,4755,2295,2465,275,775,1565,790,2495,5150,2650,1220,2650,1425,50
5350202.00,CT,Toronto,0.33589,1647,653,631,1345,655,690,630,135,490,470,125,250,1345,655,690,90,100,240,135,805,1615,815,230,540,315,25
5350203.00,CT,Toronto,0.58927,3160,1507,1431,2565,1215,1350,1390,535,860,800,310,320,2565,1210,1355,135,330,690,360,1380,2870,1485,515,1105,590,25
5350204.00,CT,Toronto,0.74088,4537,2310,2210,3820,1795,2020,2180,885,1300,1230,405,510,3815,1790,2025,260,490,1085,595,2190,4550,2365,575,1310,730,105
5350205.00,CT,Toronto,0.73372,149,0,0,x,x,x,x,x,x,x,x,x,x,x,x,x,x,x,x,x,x,x,x,x,x,x
5350206.01,CT,Toronto,1.13878,4217,2151,2041,3590,1685,1905,2015,820,1200,1105,425,415,3590,1685,1910,245,580,1095,520,1910,4065,2155,720,1625,910,45
5350206.02,CT,Toronto,1.08513,5867,2994,2774,5135,2600,2530,2805,1050,1750,1590,590,600,5130,2600,2530,330,860,1490,625,2995,5810,2820,1050,2210,1160,65
5350207.00,CT,Toronto,0.67366,2605,1285,1181,2310,1195,1115,1190,425,770,630,235,235,2310,1195,1115,140,420,780,365,1295,2480,1185,530,1065,540,25
5350208.00,CT,Toronto,1.29403,4172,2062,1981,3550,1700,1850,2000,900,1105,1030,280,380,3550,1695,1855,335,535,1105,570,1985,4005,2025,905,1970,1060,25
5350209.00,CT,Toronto,0.69308,2718,1338,1252,2280,1070,1215,1240,560,685,630,185,245,2285,1065,1215,180,340,740,400,1210,2485,1275,510,1105,600,20
5350210.01,CT,Toronto,2.96012,3083,1008,971,2225,1125,1095,980,160,820,805,265,420,2225,1125,1095,90,100,230,125,1300,2565,1265,730,1450,725,20
5350210.02,CT,Toronto,0.94935,11390,9168,7016,10665,5010,5655,7010,3730,3280,3065,1895,650,10665,5010,5655,370,1890,4185,2295,5345,11225,5885,2525,5585,3060,85
5350211.00,CT,Toronto,3.27116,6350,2512,2447,5490,2720,2770,2450,595,1850,1805,535,850,5490,2715,2770,350,420,815,385,3055,6170,3120,1415,2865,1455,40
5350212.00,CT,Toronto,1.70654,5704,2220,2169,4775,2315,2460,2165,520,1650,1595,460,775,4775,2315,2460,285,350,740,390,2705,5570,2860,910,2020,1115,25
5350213.01,CT,Toronto,0.94226,2666,1021,990,2295,1135,1160,995,200,795,785,255,380,2290,1135,1155,115,150,290,140,1295,2570,1270,625,1330,705,15
5350213.02,CT,Toronto,7.04474,6045,3246,3134,5280,2545,2730,3110,1315,1795,1650,860,500,5280,2545,2730,230,765,1625,860,2745,5650,2905,1585,3495,1910,0
5350214.00,CT,Toronto,2.82378,5069,2466,2389,4490,2190,2300,2410,920,1490,1435,575,600,4490,2190,2295,220,535,1075,545,2460,4990,2525,1100,2475,1370,15
5350215.00,CT,Toronto,2.60049,6748,2991,2789,5710,2745,2970,2805,805,1995,1920,685,890,5710,2745,2965,290,460,1050,590,3135,6450,3315,1580,3270,1690,55
5350216.00,CT,Toronto,1.9993,5532,2238,2163,4540,2245,2295,2175,525,1655,1625,595,820,4545,2245,2300,180,275,610,335,2725,5415,2685,845,1730,890,50
5350217.00,CT,Toronto,1.33055,5692,2917,2756,4825,2340,2485,2740,1110,1630,1515,445,620,4825,2340,2485,395,740,1415,675,2705,5490,2785,1755,3500,1745,50
5350218.00,CT,Toronto,0.683,2652,1060,1025,2100,1005,1095,1000,195,800,785,265,430,2100,1000,1100,80,55,240,185,1315,2615,1295,285,650,365,30
5350219.00,CT,Toronto,1.36063,4427,1690,1644,3660,1725,1940,1660,380,1280,1255,335,690,3660,1725,1940,180,195,485,290,2095,4435,2345,790,1885,1105,50
5350220.00,CT,Toronto,1.32212,4177,1597,1584,3575,1755,1820,1630,385,1240,1215,340,635,3575,1750,1820,170,240,485,250,2085,4160,2070,1125,2245,1115,20
5350221.01,CT,Toronto,1.64542,6377,2751,2725,5535,2440,3095,2680,795,1885,1835,705,810,5535,2440,3095,275,260,915,655,2730,6105,3375,1105,2460,1355,20
5350221.02,CT,Toronto,0.80501,5202,2167,2064,4145,1995,2150,2060,665,1400,1330,375,615,4145,1995,2155,300,425,870,445,2290,4650,2355,1515,2975,1455,50
5350222.01,CT,Toronto,1.28483,6699,2626,2557,5625,2690,2940,2555,650,1905,1860,555,925,5630,2685,2940,305,355,850,500,3135,6445,3310,1935,4000,2060,0
5350222.02,CT,Toronto,1.2002,5141,1830,1782,3890,1845,2050,1785,365,1420,1385,305,675,3890,1840,2050,350,250,475,225,2315,4765,2450,1255,2650,1390,15
5350223.01,CT,Toronto,0.87242,1522,536,530,1265,610,655,525,75,450,450,125,265,1265,610,655,50,35,95,65,720,1475,750,365,740,370,10
5350223.02,CT,Toronto,0.87247,2136,793,771,1835,915,915,770,140,630,620,190,335,1830,920,915,85,80,185,105,1050,2090,1035,415,840,420,0
5350224.00,CT,Toronto,1.04417,1696,578,573,1400,680,720,560,65,500,495,140,305,1400,680,725,30,30,75,45,835,1680,840,360,700,340,0
5350225.01,CT,Toronto,0.93466,4981,2387,2316,4435,1985,2450,2320,795,1530,1470,595,525,4435,1985,2450,285,380,995,605,2195,4825,2630,1135,2595,1460,10
5350225.02,CT,Toronto,0.3048,9706,5006,4859,8300,3835,4460,4860,2180,2680,2505,1035,765,8300,3830,4465,540,1240,2695,1450,4250,9055,4805,2815,6040,3225,25
5350226.00,CT,Toronto,0.95333,3167,1262,1212,2495,1175,1320,1170,270,900,890,305,480,2495,1175,1325,80,130,300,170,1440,3015,1580,385,850,460,0
5350227.00,CT,Toronto,0.49184,1750,637,626,1530,720,800,640,95,540,535,170,320,1525,725,800,40,45,135,85,885,1840,950,205,460,255,0
5350228.00,CT,Toronto,0.883,3131,1418,1362,2670,1205,1460,1380,455,930,900,420,360,2670,1210,1460,115,155,510,355,1395,3045,1655,360,820,455,30
5350229.00,CT,Toronto,0.32031,1223,393,384,900,415,480,390,35,355,350,100,220,895,415,480,15,0,65,50,580,1235,655,80,230,145,0
5350230.01,CT,Toronto,1.50655,2537,1109,1082,2020,890,1130,1065,365,700,690,310,270,2025,890,1130,110,120,395,275,1025,2285,1255,495,1125,635,10
5350230.02,CT,Toronto,0.98584,6537,2775,2606,5550,2580,2965,2620,730,1900,1845,540,790,5545,2580,2965,450,385,910,525,2945,6205,3255,1990,4230,2235,10
5350231.00,CT,Toronto,3.02848,6461,2722,2566,5510,2665,2840,2565,700,1870,1805,610,910,5505,2665,2840,240,390,845,450,3100,6365,3265,1115,2360,1250,20
5350232.00,CT,Toronto,2.04605,3825,1348,1306,3175,1525,1650,1300,180,1125,1115,370,605,3175,1525,1650,85,55,210,155,1795,3710,1920,630,1365,735,0
5350233.00,CT,Toronto,2.0806,5530,2032,1982,4695,2280,2415,1995,310,1685,1660,450,880,4700,2285,2415,275,140,370,225,2725,5480,2760,1280,2650,1375,0
5350234.00,CT,Toronto,2.11718,4524,1645,1600,3660,1730,1930,1575,280,1295,1290,415,615,3665,1735,1930,235,140,325,180,2155,4400,2240,930,1995,1060,0
5350235.01,CT,Toronto,1.40707,2841,1009,997,2420,1195,1225,990,165,825,795,180,455,2420,1195,1225,140,125,240,110,1375,2760,1385,600,1220,620,10
5350235.02,CT,Toronto,1.07805,5277,2039,2010,4660,2200,2455,2035,475,1560,1540,415,720,4660,2200,2460,330,240,565,325,2450,5150,2695,1405,3135,1725,15
5350236.01,CT,Toronto,0.98685,6646,2560,2519,5625,2635,2995,2520,625,1895,1835,450,830,5625,2635,2995,465,370,845,480,3020,6380,3360,1875,3970,2095,15
5350236.02,CT,Toronto,4.07421,5946,2284,2256,5160,2430,2725,2270,520,1745,1710,510,870,5155,2435,2725,280,215,635,420,2735,5770,3035,1515,3310,1795,10
5350237.01,CT,Toronto,1.18532,6816,2468,2410,5370,2500,2870,2410,575,1840,1785,410,815,5370,2500,2870,515,405,750,345,3165,6595,3430,1935,4130,2195,0
5350237.02,CT,Toronto,0.95503,2986,1077,1061,2500,1215,1290,1075,190,885,870,225,490,2505,1215,1290,130,105,240,130,1475,2950,1475,785,1630,850,0
5350237.03,CT,Toronto,1.06898,5638,2626,2544,4905,2270,2635,2530,920,1610,1555,555,595,4905,2270,2635,325,355,1100,750,2530,5430,2905,1230,2745,1520,10
5350238.01,CT,Toronto,1.03807,3350,1259,1231,2960,1465,1495,1245,250,1005,980,295,560,2960,1460,1500,110,85,295,205,1705,3365,1660,755,1645,885,0
5350238.02,CT,Toronto,0.98177,5244,2070,1953,4335,2055,2285,1995,430,1565,1515,410,690,4335,2050,2285,340,305,615,310,2505,5135,2630,1465,3135,1675,10
5350239.00,CT,Toronto,2.55782,6481,2511,2383,5195,2370,2830,2340,515,1825,1790,380,775,5195,2365,2825,540,320,695,375,2945,6270,3325,1605,3565,1960,25
5350240.01,CT,Toronto,1.27269,3366,1291,1263,2845,1315,1535,1245,240,1005,995,355,480,2845,1310,1535,145,85,285,200,1530,3215,1690,835,1885,1050,10
5350240.02,CT,Toronto,1.04495,6043,2621,2558,5005,2220,2780,2590,895,1695,1675,585,665,5000,2220,2785,365,330,975,645,2530,5540,3015,1575,3535,1965,0
5350241.00,CT,Toronto,1.0982,3231,1030,1003,2365,1180,1190,995,185,810,785,230,415,2370,1180,1190,115,135,270,135,1375,2725,1350,705,1525,815,10
5350242.00,CT,Toronto,0.67084,1674,610,575,1290,545,745,550,120,425,430,75,140,1290,545,750,185,60,155,95,670,1540,870,385,965,585,0
5350243.01,CT,Toronto,0.31518,6658,2236,2142,5040,2425,2610,2145,530,1610,1500,330,645,5040,2430,2610,465,530,985,455,3105,6215,3110,2475,5125,2650,10
5350243.02,CT,Toronto,1.2154,3617,1342,1304,3175,1550,1630,1300,275,1030,985,250,455,3180,1545,1635,225,220,440,220,1725,3510,1790,1070,2205,1140,0
5350244.01,CT,Toronto,1.45046,5677,2009,1945,4730,2235,2500,1930,365,1555,1510,375,700,4730,2230,2500,400,360,650,290,2725,5555,2830,1350,2940,1590,10
5350244.02,CT,Toronto,1.46584,3779,1335,1274,2910,1385,1525,1290,265,1030,990,200,355,2910,1385,1525,425,260,460,200,1720,3620,1900,970,2090,1115,10
5350245.00,CT,Toronto,1.42111,6934,2672,2567,5690,2725,2960,2590,670,1925,1875,425,820,5685,2730,2965,530,440,885,440,3255,6640,3385,1615,3410,1795,25
5350246.00,CT,Toronto,1.0727,3595,1317,1279,3030,1495,1540,1255,320,935,905,235,475,3035,1500,1535,140,220,505,285,1690,3390,1700,840,1720,875,0
5350247.01,CT,Toronto,17.35024,8727,2931,2748,7275,3590,3685,2745,555,2195,2105,380,1200,7275,3590,3680,390,550,930,380,4140,8245,4105,2890,5775,2890,10
5350247.02,CT,Toronto,3.22582,7167,2537,2385,6055,3045,3015,2385,460,1930,1895,475,1040,6055,3045,3015,310,410,745,335,3520,6870,3350,2195,4400,2210,20
5350248.02,CT,Toronto,1.23696,5671,1864,1784,4270,1925,2345,1785,520,1265,1250,105,500,4270,1925,2345,585,390,635,245,2510,5325,2815,1460,3200,1745,0
5350248.03,CT,Toronto,3.79608,2619,789,754,2155,1105,1055,785,115,665,630,110,355,2160,1105,1055,150,205,295,95,1280,2510,1230,725,1355,635,0
5350248.04,CT,Toronto,1.51177,4771,1671,1496,4050,1975,2070,1500,255,1240,1070,220,550,4045,1980,2070,245,515,900,385,2275,4530,2255,1370,2725,1350,30
5350248.05,CT,Toronto,1.15519,4332,1413,1310,3585,1850,1735,1275,235,1040,960,205,515,3585,1850,1730,165,385,610,230,2025,3875,1850,1270,2530,1255,0
5350249.01,CT,Toronto,0.82975,4650,1428,1341,3835,1865,1970,1310,155,1155,1150,265,690,3835,1870,1965,145,135,300,165,2130,4225,2100,1395,2845,1455,0
5350249.03,CT,Toronto,2.96801,5696,1704,1592,4725,2255,2465,1590,180,1415,1390,185,815,4725,2255,2465,300,190,375,180,2685,5420,2730,1650,3315,1665,0
5350249.04,CT,Toronto,0.68632,3344,999,952,2875,1435,1435,980,115,865,850,180,460,2870,1435,1435,170,155,265,110,1675,3230,1560,1220,2440,1220,15
5350249.05,CT,Toronto,0.64364,5476,1584,1534,4230,2035,2195,1535,130,1405,1365,170,860,4225,2040,2190,290,160,315,155,2445,4810,2370,2315,4570,2260,0
5350250.01,CT,Toronto,1.40913,5432,1618,1545,4295,2080,2215,1540,205,1335,1290,310,665,4295,2080,2215,280,315,510,200,2350,4705,2355,1690,3450,1765,0
5350250.02,CT,Toronto,1.99197,4928,1854,1735,4100,2000,2100,1740,365,1380,1345,330,650,4105,2000,2105,325,315,550,235,2400,4850,2445,1430,2840,1410,15
5350250.04,CT,Toronto,0.50556,6206,2057,1994,4610,2175,2430,1985,275,1705,1590,210,835,4610,2175,2430,505,420,655,235,2920,5995,3080,1725,3485,1755,10
5350250.05,CT,Toronto,0.70576,7607,2288,2270,5930,2910,3020,2285,335,1950,1870,295,995,5930,2910,3020,490,395,675,285,3375,6685,3315,2780,5595,2815,10
5350260.01,CT,Toronto,0.7288,6748,2431,2398,5555,2645,2915,2380,635,1745,1640,320,955,5555,2640,2915,285,330,885,555,3035,6265,3225,2505,5300,2790,10
5350260.04,CT,Toronto,0.1881,4147,1498,1480,3180,1500,1680,1450,355,1090,1040,225,550,3180,1500,1680,225,250,530,275,1935,3825,1890,1630,3375,1745,10
5350260.05,CT,Toronto,0.2543,4020,1369,1332,2840,1380,1460,1345,315,1030,1005,90,550,2840,1380,1455,335,215,370,150,1740,3435,1700,1560,3155,1595,10
5350260.06,CT,Toronto,0.95204,3348,1132,1116,2650,1235,1415,1140,205,935,850,145,410,2655,1230,1415,240,235,415,185,1500,3165,1660,1185,2540,1360,0
5350260.07,CT,Toronto,0.35737,3670,1534,1504,3315,1540,1775,1525,460,1065,1035,350,475,3310,1540,1770,175,180,550,370,1695,3600,1905,1330,2925,1595,20
5350261.00,CT,Toronto,1.92395,5501,2284,2194,4465,1955,2505,2195,855,1340,1305,285,540,4465,1960,2505,430,365,960,600,2270,4945,2675,1505,3400,1895,0
5350262.01,CT,Toronto,0.67091,5736,2752,2728,4890,2250,2645,2735,1040,1695,1600,495,645,4895,2245,2645,385,545,1270,730,2675,5680,3000,1460,3070,1610,0
5350262.02,CT,Toronto,2.16555,6273,2526,2490,5195,2440,2755,2485,755,1725,1645,430,770,5195,2440,2755,390,475,965,495,2845,5925,3085,1765,3665,1900,20
5350263.02,CT,Toronto,2.00598,3471,1680,1629,3035,1315,1720,1680,665,1015,990,390,405,3035,1315,1720,170,245,735,490,1490,3350,1865,820,1895,1080,15
5350263.03,CT,Toronto,1.56059,4906,2106,2060,3825,1770,2050,2050,760,1280,1225,410,535,3825,1770,2055,250,375,920,540,2090,4410,2325,1060,2370,1305,15
5350263.04,CT,Toronto,0.69962,6531,3616,3536,5765,2590,3175,3500,1670,1835,1775,855,525,5770,2590,3180,310,730,1805,1070,2855,6185,3325,1635,3565,1930,0
5350264.00,CT,Toronto,3.46534,1301,482,435,1140,500,640,430,50,375,370,115,185,1140,500,640,65,30,85,55,590,1265,685,320,790,470,0
5350265.00,CT,Toronto,2.6864,4756,1855,1742,3820,1805,2015,1725,390,1340,1310,485,690,3820,1805,2010,115,135,470,335,2185,4605,2425,675,1535,865,25
5350266.00,CT,Toronto,2.76338,3209,1141,1064,2790,1370,1425,1085,165,920,920,260,550,2790,1365,1425,95,75,205,125,1580,3130,1550,710,1470,765,10
5350267.00,CT,Toronto,2.71113,6368,2133,2062,5275,2570,2705,2065,220,1845,1800,495,1110,5275,2565,2705,145,145,410,265,3025,6170,3140,1860,3795,1935,10
5350268.00,CT,Toronto,3.0571,6419,2938,2837,5495,2455,3040,2840,1055,1785,1745,635,765,5495,2450,3040,300,370,1185,810,2840,6130,3290,1315,2995,1685,25
5350269.01,CT,Toronto,0.75312,5056,2354,2081,4275,1945,2340,2080,615,1470,1335,340,505,4275,1940,2335,425,435,955,520,2215,4780,2565,1490,3125,1630,0
5350269.02,CT,Toronto,1.76908,2569,951,923,2190,1065,1115,925,145,775,760,190,430,2190,1070,1115,115,85,185,100,1285,2580,1295,670,1335,670,10
5350270.01,CT,Toronto,1.12407,4980,2117,1953,4240,1990,2245,1955,545,1410,1340,325,630,4240,1995,2245,320,405,755,350,2330,4870,2540,1280,2710,1435,0
5350270.02,CT,Toronto,0.75775,4264,1636,1611,3335,1550,1780,1610,400,1215,1205,305,510,3330,1550,1780,325,210,460,255,2000,4135,2130,815,1645,825,0
5350271.01,CT,Toronto,0.8935,2429,899,893,2150,970,1185,900,155,745,725,175,355,2150,970,1185,155,85,230,145,1150,2485,1340,480,1105,620,15
5350271.02,CT,Toronto,0.7092,4815,1765,1749,3795,1825,1975,1740,395,1345,1295,290,680,3795,1820,1975,275,270,540,270,2265,4590,2325,1065,2150,1085,10
5350272.01,CT,Toronto,0.4552,5987,2408,2342,4845,2225,2620,2330,670,1655,1555,330,715,4845,2220,2620,435,450,975,520,2695,5735,3040,1710,3610,1900,0
5350272.02,CT,Toronto,0.99884,4705,1791,1763,4060,1805,2255,1775,435,1335,1300,310,660,4060,1805,2255,275,170,555,385,2085,4565,2480,1335,2955,1620,10
5350273.01,CT,Toronto,3.20658,4014,1311,1231,3245,1570,1675,1235,145,1090,1080,295,635,3245,1570,1675,125,60,215,150,1800,3730,1930,1045,2160,1115,10
5350273.02,CT,Toronto,1.28882,4160,1530,1477,3565,1645,1920,1475,225,1255,1215,330,635,3565,1645,1920,220,110,400,290,1900,3970,2070,1225,2590,1365,10
5350274.01,CT,Toronto,1.52481,4900,1788,1756,4005,1900,2105,1730,340,1390,1330,345,685,4010,1895,2110,250,260,550,290,2300,4685,2380,1270,2690,1420,0
5350274.02,CT,Toronto,1.33137,4738,2056,1964,4225,2000,2220,1985,595,1390,1380,470,640,4225,2000,2220,225,220,665,440,2185,4665,2480,1230,2745,1510,0
5350275.00,CT,Toronto,1.97559,5836,2451,2347,5040,2315,2720,2390,735,1660,1625,605,795,5035,2315,2720,195,300,890,585,2765,5860,3095,820,1925,1105,30
5350276.01,CT,Toronto,1.22609,6446,2764,2642,5005,2165,2840,2600,955,1645,1600,515,820,5005,2165,2840,245,290,1140,845,2725,6135,3410,980,2365,1385,10
5350276.02,CT,Toronto,1.28263,6870,2514,2398,5375,2490,2885,2420,505,1915,1870,560,1050,5375,2485,2890,240,235,720,485,3165,6690,3520,1190,2710,1515,30
5350277.00,CT,Toronto,1.02778,4084,1323,1220,3140,1485,1650,1195,205,990,960,225,645,3140,1490,1655,90,125,375,250,2070,4190,2125,730,1570,840,20
5350278.00,CT,Toronto,1.3337,7734,2944,2679,5790,2680,3115,2640,845,1795,1750,460,940,5790,2680,3115,275,385,1135,750,3390,7215,3825,1735,3785,2055,20
5350279.01,CT,Toronto,1.21444,4028,1665,1523,3510,1600,1910,1560,370,1190,1145,370,510,3515,1595,1915,210,245,560,315,1790,3810,2015,1135,2660,1525,20
5350279.02,CT,Toronto,1.57835,6503,2195,2117,4955,2325,2635,2115,490,1625,1555,360,780,4955,2325,2635,355,335,735,400,2620,5370,2750,1720,3805,2080,0
5350280.00,CT,Toronto,2.14172,7333,2993,2920,6035,2760,3270,2920,830,2085,2005,445,890,6030,2760,3270,555,505,1065,560,3295,6980,3685,2140,4700,2560,15
5350281.01,CT,Toronto,0.96206,6484,2324,2256,5285,2395,2890,2245,475,1770,1730,260,840,5280,2395,2890,560,320,690,370,2850,6085,3235,1820,3990,2170,10
5350281.02,CT,Toronto,0.41638,3940,1350,1306,3030,1340,1695,1320,235,1085,1050,170,360,3035,1340,1695,470,210,430,220,1770,3820,2050,875,1830,955,0
5350282.00,CT,Toronto,2.22534,4480,1663,1607,3795,1835,1955,1570,330,1240,1225,335,645,3795,1840,1960,195,215,445,225,2035,4210,2180,1115,2450,1335,0
5350283.01,CT,Toronto,0.9285,5399,1965,1938,4100,1795,2310,1940,485,1450,1395,255,520,4100,1795,2310,585,285,710,420,2205,4855,2650,1400,3045,1645,0
5350283.02,CT,Toronto,1.16712,4542,1761,1712,3720,1620,2100,1710,405,1305,1280,250,465,3720,1620,2100,525,165,480,315,1985,4360,2380,1295,2915,1620,0
5350284.00,CT,Toronto,1.41266,6840,2427,2349,5555,2680,2870,2345,465,1885,1835,455,925,5555,2675,2875,385,355,760,400,3085,6240,3155,2275,4765,2490,10
5350285.00,CT,Toronto,1.1118,3271,1269,1207,2815,1300,1515,1210,305,905,885,235,410,2815,1300,1520,195,170,410,245,1410,2995,1585,955,2145,1195,0
5350286.00,CT,Toronto,3.24625,4273,1987,1704,3595,1665,1930,1665,490,1175,1120,285,425,3595,1665,1930,345,345,690,345,1890,3980,2090,1255,2765,1505,10
5350287.02,CT,Toronto,1.05804,6732,2401,2246,4935,2060,2875,2240,590,1660,1585,360,745,4935,2065,2875,410,330,985,660,2665,6240,3580,1760,4240,2475,40
5350287.03,CT,Toronto,0.48415,3432,1444,1305,2605,1075,1525,1310,510,800,775,80,240,2605,1075,1530,415,240,575,330,1410,3265,1850,695,1760,1065,10
5350287.04,CT,Toronto,0.59394,4474,2069,2017,3755,1545,2205,2060,885,1170,1120,295,565,3755,1550,2205,220,320,1030,710,2035,4635,2600,1010,2525,1520,15
5350288.00,CT,Toronto,2.63071,9970,4165,4002,8215,3750,4470,4005,1255,2745,2600,725,1265,8220,3750,4465,525,850,1835,985,4585,9745,5160,2485,5610,3130,65
5350289.00,CT,Toronto,1.3028,4713,1779,1725,3835,1820,2010,1710,425,1285,1205,325,570,3835,1820,2010,260,335,675,345,2020,4210,2185,1440,3100,1665,0
5350290.01,CT,Toronto,0.94404,3620,1515,1475,3115,1455,1660,1455,425,1025,985,180,470,3120,1455,1660,295,295,590,290,1725,3545,1820,1090,2355,1265,0
5350290.02,CT,Toronto,0.34585,1534,782,717,1440,680,760,740,265,480,475,160,195,1440,680,760,105,160,295,135,795,1630,830,520,1075,555,0
5350291.02,CT,Toronto,1.14643,4947,2010,1927,4025,1850,2180,1925,620,1305,1260,355,545,4030,1850,2180,285,380,860,480,2055,4465,2410,1385,2995,1605,0
5350291.03,CT,Toronto,0.41741,2302,945,903,2020,985,1035,925,255,675,640,195,250,2025,985,1040,150,185,340,155,1100,2175,1075,720,1500,785,0
5350291.04,CT,Toronto,0.51571,1585,680,654,1395,670,720,645,185,455,445,100,195,1395,675,720,135,150,255,105,750,1520,770,490,1040,555,0
5350292.00,CT,Toronto,3.74218,6721,2893,2247,5435,2625,2810,2245,485,1760,1705,285,815,5435,2625,2810,500,475,840,365,3130,6335,3210,2025,4265,2240,10
5350293.00,CT,Toronto,2.0619,6242,2197,2103,5175,2490,2690,2140,420,1715,1695,340,900,5175,2490,2690,390,300,585,285,2925,6020,3095,1800,3815,2015,10
5350294.01,CT,Toronto,0.85923,4386,1586,1547,3605,1705,1905,1555,275,1280,1260,245,575,3605,1705,1905,385,185,410,220,2075,4220,2145,1295,2815,1520,0
5350294.02,CT,Toronto,1.02545,4504,1453,1384,3810,1785,2030,1360,220,1140,1115,195,575,3810,1785,2030,300,195,480,280,1945,4040,2100,1485,3115,1625,0
5350295.00,CT,Toronto,1.0824,5180,2035,1907,4325,2055,2265,1900,470,1430,1385,370,600,4325,2055,2265,345,395,700,305,2290,4710,2425,1555,3355,1805,0
5350296.00,CT,Toronto,4.6433,64,19,19,70,30,40,x,x,x,x,x,x,x,x,x,x,x,x,x,25,60,30,20,40,20,0
5350297.01,CT,Toronto,1.13952,7313,3119,3027,6185,2740,3445,3030,1005,2020,1930,605,845,6185,2745,3445,390,535,1385,840,3110,6725,3620,2250,5135,2885,15
5350297.02,CT,Toronto,1.50956,6502,2716,2552,5435,2560,2880,2555,770,1780,1720,580,855,5435,2560,2875,250,430,1075,650,3055,6245,3190,1660,3815,2145,15
5350298.00,CT,Toronto,2.27223,4661,1605,1566,3760,1765,1995,1570,235,1340,1285,315,755,3760,1760,1995,185,155,465,305,2210,4690,2480,960,2175,1215,10
5350299.01,CT,Toronto,2.89291,6256,2319,2207,5020,2440,2585,2200,470,1735,1665,425,935,5025,2440,2585,230,335,770,435,2945,5945,3000,1395,2930,1535,20
5350299.02,CT,Toronto,0.1593,5247,3019,2815,4865,2215,2650,2815,1175,1645,1500,725,395,4865,2215,2650,225,675,1510,840,2355,5075,2720,1725,3845,2125,0
5350300.00,CT,Toronto,1.03364,13667,7532,6956,12170,5740,6435,6960,2835,4120,3775,1685,1400,12175,5735,6435,500,1705,3685,1985,6290,13130,6845,4565,9810,5240,10
5350301.01,CT,Toronto,0.90166,2915,1087,1071,2435,1125,1310,1070,195,870,855,245,440,2430,1120,1310,155,100,275,175,1390,2875,1490,730,1625,895,0
5350301.03,CT,Toronto,0.2736,6949,2944,2789,5610,2805,2805,2775,830,1945,1735,555,850,5610,2805,2800,250,805,1430,620,3180,6345,3165,2645,5410,2765,10
5350301.04,CT,Toronto,1.42622,5859,2615,2502,5165,2475,2690,2520,765,1755,1600,510,665,5165,2470,2695,290,595,1265,670,2800,5660,2860,2225,4710,2485,10
5350302.01,CT,Toronto,1.22921,6253,2406,2358,5515,2575,2940,2360,560,1805,1770,540,875,5510,2580,2935,290,250,760,505,2810,5940,3130,1950,4280,2325,20
5350302.02,CT,Toronto,1.08389,6140,2092,2037,5285,2535,2745,2040,275,1765,1730,460,870,5280,2540,2745,340,335,715,380,2735,5540,2805,2305,4765,2465,15
5350302.03,CT,Toronto,0.69385,3425,1205,1124,2965,1450,1515,1120,190,930,930,230,490,2965,1450,1515,160,205,435,230,1550,3120,1570,1335,2700,1370,0
5350303.00,CT,Toronto,1.06327,5355,1893,1819,4370,2100,2275,1815,270,1545,1460,310,740,4375,2100,2275,355,335,605,270,2395,4910,2515,1995,4140,2150,0
5350304.01,CT,Toronto,0.24931,4541,1633,1610,3715,1770,1945,1640,305,1330,1280,230,690,3715,1775,1940,305,265,510,250,2115,4390,2275,1705,3625,1915,0
5350304.02,CT,Toronto,1.21224,4777,1885,1832,3950,1820,2135,1790,400,1390,1355,505,595,3950,1820,2135,200,240,580,345,2025,4290,2275,1290,2945,1655,0
5350304.03,CT,Toronto,0.99547,2898,994,968,2475,1180,1295,955,80,875,860,210,410,2475,1180,1300,200,85,170,85,1320,2775,1450,870,1930,1060,0
5350304.04,CT,Toronto,0.23444,3724,1415,1404,3055,1455,1595,1420,305,1110,1065,265,580,3055,1450,1600,175,205,435,225,1770,3595,1825,1395,2850,1455,10
5350304.05,CT,Toronto,0.703,2847,1112,1096,2625,1210,1410,1100,305,800,775,270,390,2625,1210,1410,90,185,555,375,1295,2710,1415,1095,2285,1185,10
5350304.06,CT,Toronto,0.74893,5807,2258,2207,5045,2335,2710,2210,530,1675,1585,420,875,5045,2335,2710,195,330,910,585,2605,5425,2820,2115,4440,2320,0
5350305.01,CT,Toronto,2.44425,4451,1626,1564,3865,1810,2055,1545,230,1310,1295,425,680,3860,1810,2055,145,115,355,235,2020,4160,2140,1400,3030,1635,10
5350305.03,CT,Toronto,0.71145,4914,2338,2178,4335,2000,2340,2210,730,1480,1435,560,580,4340,2000,2340,260,345,875,535,2225,4720,2495,1540,3345,1805,10
5350305.04,CT,Toronto,1.00966,9133,5153,4822,8055,3710,4345,4825,2150,2670,2500,1220,795,8050,3710,4340,370,1125,2585,1455,4000,8485,4480,3100,6825,3720,10
5350306.01,CT,Toronto,1.17222,4574,1586,1478,3995,1825,2170,1460,170,1290,1290,240,750,4000,1825,2170,240,100,295,190,2050,4315,2270,1535,3335,1795,0
5350306.02,CT,Toronto,1.11852,4793,1831,1714,4025,1885,2140,1730,430,1300,1220,325,730,4030,1885,2145,140,310,700,385,2085,4315,2235,1655,3505,1845,10
5350307.03,CT,Toronto,0.11011,5039,2359,2238,4515,2010,2500,2255,710,1550,1415,365,685,4520,2015,2500,275,415,1045,630,2135,4620,2485,1950,4430,2480,0
5350307.04,CT,Toronto,0.15295,7035,3530,3360,6245,2875,3370,3340,1180,2160,1970,755,795,6245,2875,3370,320,715,1610,890,3125,6610,3485,2505,5485,2985,10
5350307.05,CT,Toronto,0.10463,3581,2038,1926,3265,1455,1810,1910,825,1085,975,445,310,3265,1455,1810,165,435,1080,640,1495,3310,1815,1335,2990,1655,10
5350307.06,CT,Toronto,0.10419,5424,2374,2266,4635,2160,2470,2285,660,1625,1505,475,745,4635,2165,2470,215,425,935,510,2340,4870,2530,2225,4705,2480,0
5350307.07,CT,Toronto,1.22458,6321,2651,2366,5480,2555,2925,2365,570,1790,1700,455,870,5485,2555,2925,290,505,1035,530,2795,5875,3080,2205,4775,2570,10
5350308.02,CT,Toronto,1.42465,4310,1688,1588,3645,1775,1870,1600,385,1210,1180,320,665,3645,1770,1870,155,220,500,280,2080,4205,2125,1085,2345,1265,40
5350308.03,CT,Toronto,0.39669,1147,425,385,925,480,445,385,95,290,280,80,165,925,480,445,15,65,155,85,555,1065,520,305,575,275,0
5350308.04,CT,Toronto,1.08521,11479,5941,5576,10290,4665,5625,5580,2225,3350,3030,1275,1070,10285,4665,5625,465,1245,3070,1825,4860,10445,5580,3985,8770,4780,15
5350309.00,CT,Toronto,0.74182,6383,2354,2308,5365,2405,2960,2295,475,1820,1705,405,760,5365,2405,2960,440,445,970,525,2690,5980,3290,2130,4800,2675,10
5350310.01,CT,Toronto,1.42763,3512,1271,1204,2850,1455,1395,1240,255,985,970,275,485,2850,1455,1395,180,195,365,175,1750,3315,1565,725,1555,830,0
5350310.02,CT,Toronto,2.23548,5048,2028,1858,4230,2000,2230,1825,400,1425,1355,340,720,4230,1995,2230,260,320,720,405,2305,4825,2520,1475,3230,1755,0
5350311.02,CT,Toronto,0.89054,5823,2308,2141,4865,2295,2570,2135,610,1530,1520,370,630,4865,2295,2570,445,480,865,385,2650,5440,2790,1755,3715,1960,25
5350311.03,CT,Toronto,0.79713,2651,923,863,2360,1145,1210,870,135,735,700,135,390,2360,1145,1215,155,185,285,100,1245,2530,1280,905,1830,925,10
5350311.04,CT,Toronto,0.95755,6552,2436,2247,5520,2510,3010,2245,445,1800,1790,375,820,5520,2510,3010,495,325,665,340,2865,6045,3180,1990,4250,2265,25
5350311.05,CT,Toronto,0.34549,6823,2681,2593,5585,2870,2715,2570,695,1880,1630,360,675,5585,2865,2720,480,1035,1580,540,3300,6305,3010,2275,4415,2140,35
5350311.06,CT,Toronto,10.24442,5744,2703,2326,5195,2730,2470,2345,770,1580,1235,355,485,5195,2725,2470,275,1280,2135,855,3035,5835,2805,1845,3600,1765,20
5350312.02,CT,Toronto,0.524,3448,1185,1077,2630,1220,1405,1065,205,865,825,145,310,2625,1220,1405,320,255,445,185,1440,2975,1535,845,1815,970,10
5350312.03,CT,Toronto,1.48726,6420,2219,2164,5125,2255,2865,2175,445,1730,1665,285,665,5120,2255,2865,630,345,695,350,2640,5760,3125,1705,3780,2070,10
5350312.04,CT,Toronto,0.72554,5763,1820,1718,4355,2070,2285,1710,240,1470,1415,155,590,4355,2070,2285,595,350,550,205,2555,5130,2575,1720,3505,1790,15
5350312.05,CT,Toronto,0.34587,3836,1348,1295,2980,1310,1670,1305,225,1080,1045,100,355,2975,1310,1670,550,245,455,205,1790,3885,2095,890,1935,1045,10
5350312.06,CT,Toronto,0.45844,3444,1086,1058,2790,1260,1530,1085,200,885,875,170,350,2790,1255,1525,320,145,325,175,1490,3135,1640,1150,2465,1315,10
5350312.07,CT,Toronto,0.6247,3076,1312,1221,2740,1260,1480,1225,435,785,790,230,335,2740,1255,1480,205,225,515,285,1270,2700,1430,980,2230,1245,0
5350313.00,CT,Toronto,2.89834,5554,1945,1808,4580,2175,2405,1810,310,1500,1435,315,705,4580,2175,2405,370,335,580,250,2490,5175,2685,1655,3405,1750,10
5350314.01,CT,Toronto,0.4281,5036,1741,1676,3855,1835,2020,1680,305,1380,1305,185,605,3855,1835,2020,440,365,575,210,2330,4700,2375,1735,3485,1750,0
5350314.02,CT,Toronto,1.12467,4955,1704,1568,4150,1965,2185,1565,245,1320,1265,270,685,4150,1965,2185,270,245,440,195,2175,4505,2330,1650,3535,1890,10
5350315.01,CT,Toronto,1.51758,3368,1223,1122,2880,1390,1490,1100,195,910,900,280,415,2880,1390,1490,165,140,295,160,1510,2965,1455,1165,2365,1200,10
5350315.02,CT,Toronto,0.42796,3543,1170,1076,2865,1405,1455,1095,195,890,870,185,510,2860,1410,1455,145,160,320,155,1595,3205,1615,1245,2580,1335,0
5350315.03,CT,Toronto,6.01015,5505,1895,1699,4520,2160,2360,1700,245,1455,1415,250,765,4520,2160,2360,345,225,470,245,2585,5230,2645,1800,3700,1905,0
5350316.01,CT,Toronto,1.7746,3910,1301,1224,3260,1580,1680,1210,215,995,985,230,535,3260,1580,1685,165,155,325,165,1650,3345,1695,1145,2415,1270,25
5350316.03,CT,Toronto,0.40066,5888,2039,1948,4635,2180,2455,1970,345,1630,1540,205,615,4635,2175,2460,610,365,655,290,2650,5450,2800,1725,3590,1865,20
5350316.04,CT,Toronto,0.46506,4275,1760,1679,3215,1395,1820,1670,650,1020,970,85,330,3220,1395,1820,505,420,795,380,1770,3860,2085,1050,2355,1300,10
5350316.05,CT,Toronto,0.40614,3992,1373,1309,3110,1445,1655,1315,280,1030,990,150,440,3110,1445,1655,350,290,505,215,1820,3670,1845,1095,2370,1270,15
5350316.06,CT,Toronto,0.40499,3672,1198,1164,2740,1155,1585,1160,170,990,970,130,305,2740,1155,1585,505,150,300,150,1505,3440,1935,925,2140,1220,15
5350317.02,CT,Toronto,0.43231,7347,3408,3336,6590,2835,3750,3340,1245,2095,2000,730,780,6595,2840,3755,410,550,1725,1180,3100,6740,3640,2565,5930,3365,25
5350317.03,CT,Toronto,1.19309,3688,1264,1245,3165,1545,1620,1240,155,1080,1050,315,530,3165,1545,1620,140,155,345,190,1705,3440,1740,1180,2495,1310,10
5350317.04,CT,Toronto,0.72206,6627,2594,2534,5590,2580,3010,2540,620,1920,1865,520,820,5590,2585,3010,455,410,910,500,2860,6225,3365,2375,5160,2790,15
5350317.05,CT,Toronto,0.54133,2229,834,811,2010,905,1105,800,190,610,575,165,300,2010,905,1100,85,150,405,255,1045,2180,1140,800,1715,915,0
5350318.00,CT,Toronto,1.90637,8574,3568,3330,7635,3540,4090,3330,810,2520,2300,695,1055,7630,3540,4090,395,730,1675,940,3870,8140,4265,3030,6550,3520,15
5350319.00,CT,Toronto,1.20157,4191,1616,1527,3575,1700,1875,1510,330,1180,1140,325,550,3580,1700,1875,185,275,575,300,1855,3805,1950,1365,2840,1480,10
5350320.01,CT,Toronto,0.73678,5197,2103,2036,4345,1990,2355,2040,580,1460,1395,445,610,4345,1990,2355,290,350,875,525,2250,4730,2480,1820,4050,2225,20
5350320.02,CT,Toronto,0.85276,5869,2129,2067,5275,2425,2845,2080,415,1665,1555,365,765,5270,2430,2845,290,420,975,560,2630,5575,2945,2195,4785,2590,10
5350321.01,CT,Toronto,1.25768,3830,1340,1258,3410,1655,1755,1265,190,1070,1055,315,550,3410,1655,1755,135,220,455,235,1780,3615,1835,1350,2875,1530,0
5350321.02,CT,Toronto,1.2172,4030,1497,1429,3510,1755,1760,1420,270,1155,1100,325,595,3510,1755,1755,130,225,475,250,1905,3720,1815,1540,3070,1530,10
5350322.01,CT,Toronto,0.20805,4737,2371,2242,4305,1940,2365,2265,775,1485,1335,435,465,4305,1940,2365,305,475,1175,700,1990,4325,2335,1770,3965,2190,15
5350322.02,CT,Toronto,1.40695,3500,1262,1185,2725,1265,1460,1165,360,800,750,235,385,2720,1265,1455,90,265,610,345,1275,2660,1380,1070,2350,1285,10
5350323.01,CT,Toronto,1.04061,4289,1746,1706,3775,1715,2060,1760,460,1295,1260,410,600,3775,1715,2060,195,160,570,410,1890,4150,2260,1280,2740,1455,0
5350323.02,CT,Toronto,1.85999,5367,1935,1849,4180,1940,2245,1760,390,1370,1370,505,640,4180,1940,2245,165,185,505,320,2080,4355,2280,1350,3010,1655,10
5350324.01,CT,Toronto,1.1954,3498,1214,1143,3195,1450,1745,1180,130,1050,1045,240,540,3195,1445,1750,230,110,255,140,1600,3410,1805,1240,2655,1410,0
5350324.02,CT,Toronto,1.89369,6123,2256,2133,5415,2485,2935,2140,320,1820,1775,370,900,5420,2480,2935,425,220,615,390,2710,5735,3020,2205,4690,2480,0
5350324.03,CT,Toronto,2.16991,3862,1762,1701,3690,1655,2030,1745,560,1190,1150,560,405,3685,1650,2030,125,240,770,530,1705,3610,1905,1305,2915,1605,0
5350324.05,CT,Toronto,0.65612,3388,1405,1382,2900,1315,1585,1375,445,925,885,270,430,2900,1315,1590,140,210,625,415,1345,2805,1455,1180,2625,1440,10
5350324.06,CT,Toronto,0.65762,3561,1219,1182,2800,1295,1500,1135,160,975,960,165,640,2800,1290,1505,125,90,235,145,1570,3195,1630,1355,2780,1420,0
5350330.00,CT,Toronto,2.19348,4288,1757,1730,3615,1720,1895,1695,435,1255,1235,470,580,3620,1715,1895,160,205,515,310,1975,4110,2130,515,1075,560,10
5350331.01,CT,Toronto,1.52013,5629,2287,2261,4745,2140,2605,2300,680,1615,1565,565,665,4740,2135,2605,300,290,835,545,2540,5470,2930,785,1810,1030,0
5350331.03,CT,Toronto,0.51039,6162,1931,1877,4500,2205,2295,1865,245,1620,1550,185,845,4495,2205,2295,455,270,480,210,2985,5880,2900,2095,4075,1980,0
5350331.04,CT,Toronto,1.06015,3212,1288,1261,2685,1205,1475,1275,435,845,820,260,370,2685,1205,1475,155,200,495,295,1350,3030,1680,595,1295,700,0
5350332.00,CT,Toronto,1.52621,7350,2914,2785,5895,2745,3145,2785,855,1930,1870,370,835,5895,2750,3145,605,515,1095,585,3325,6940,3615,1765,3595,1830,0
5350333.00,CT,Toronto,2.39935,4695,1710,1644,3915,1880,2045,1650,310,1345,1320,340,645,3920,1875,2040,285,215,430,215,2225,4600,2375,695,1485,795,10
5350334.00,CT,Toronto,2.38519,3500,1358,1274,2895,1445,1455,1265,270,995,985,330,525,2900,1445,1455,115,170,355,185,1695,3400,1705,395,830,435,10
5350335.00,CT,Toronto,2.23151,7740,3026,2984,6435,3090,3345,2985,915,2065,2020,490,1070,6440,3090,3340,405,525,1140,615,3635,7455,3820,1800,3635,1845,15
5350336.00,CT,Toronto,1.63381,6772,2553,2393,5635,2775,2855,2395,520,1875,1810,505,890,5630,2770,2855,335,465,830,365,3195,6375,3180,1355,2825,1465,30
5350337.01,CT,Toronto,0.20168,721,357,316,590,270,320,315,110,205,200,45,75,590,270,320,80,85,130,55,335,735,400,85,210,120,0
5350337.02,CT,Toronto,0.61933,2155,888,862,1565,740,820,850,270,580,545,175,180,1560,740,820,185,175,355,175,870,1820,945,190,420,230,10
5350338.00,CT,Toronto,1.65013,5956,2729,2627,4955,2475,2485,2640,1000,1635,1570,490,735,4955,2475,2485,285,660,1185,525,2880,5795,2915,600,1190,585,30
5350339.00,CT,Toronto,1.83851,6687,3110,3000,5610,2550,3060,3000,1065,1935,1885,675,845,5610,2550,3060,315,475,1205,730,3075,6610,3540,535,1150,615,70
5350340.00,CT,Toronto,1.27488,6771,2557,2457,5560,2755,2805,2460,560,1900,1805,465,955,5565,2755,2805,315,475,890,420,3260,6495,3235,1805,3725,1915,15
5350341.02,CT,Toronto,0.77866,4379,1860,1777,3550,1755,1790,1780,700,1080,985,295,470,3550,1760,1790,190,580,1030,450,1955,3890,1930,1115,2275,1165,10
5350341.03,CT,Toronto,0.40538,3436,1465,1334,2550,1195,1355,1340,480,865,830,80,505,2545,1195,1355,240,335,550,220,1655,3420,1760,1235,2590,1350,0
5350341.04,CT,Toronto,0.67099,6030,2261,2171,4655,2330,2320,2160,610,1550,1465,325,725,4650,2330,2320,370,540,940,400,2880,5725,2845,1750,3645,1895,25
5350342.00,CT,Toronto,1.23297,7561,2414,2376,6010,2810,3200,2350,340,2010,1965,320,1130,6010,2810,3200,425,275,560,285,3380,7045,3665,2135,4570,2430,25
5350343.00,CT,Toronto,1.09816,4218,1620,1517,3515,1760,1755,1540,390,1150,1090,270,540,3515,1760,1755,230,360,615,250,2045,4035,1995,1015,2085,1070,0
5350344.01,CT,Toronto,1.06274,5186,1990,1880,4585,2195,2385,1945,490,1450,1355,315,685,4585,2195,2385,290,460,850,390,2590,5225,2640,1415,2895,1480,10
5350344.02,CT,Toronto,0.22083,3365,1850,1829,2745,1245,1500,1765,955,810,795,225,235,2750,1245,1505,300,500,1015,515,1430,3055,1625,820,1735,915,0
5350345.00,CT,Toronto,0.78754,3938,1328,1258,3245,1620,1625,1240,190,1045,1000,220,525,3245,1625,1620,205,250,405,155,1830,3675,1845,1140,2295,1155,15
5350346.01,CT,Toronto,1.51998,4634,1717,1609,3750,1790,1965,1630,370,1260,1215,190,635,3755,1785,1965,340,310,535,230,2260,4550,2290,1365,2825,1455,20
5350346.02,CT,Toronto,0.40049,5388,2066,2029,4365,2055,2310,2030,470,1560,1500,315,710,4365,2055,2310,415,370,685,315,2440,5225,2790,1530,3245,1720,10
5350347.00,CT,Toronto,1.50409,2833,931,924,2200,1025,1175,920,170,745,715,145,390,2195,1025,1170,150,125,270,145,1190,2530,1340,700,1500,795,10
5350348.00,CT,Toronto,2.31904,5601,2007,1972,4455,2090,2365,1970,435,1535,1505,365,790,4455,2090,2370,300,265,605,340,2505,5230,2725,1165,2585,1415,40
5350349.00,CT,Toronto,0.87617,5720,2335,2309,4825,2230,2595,2325,730,1595,1495,290,695,4825,2230,2595,445,540,1060,515,2630,5600,2970,1515,3200,1675,25
5350350.00,CT,Toronto,3.36166,5419,2063,1986,4470,2170,2295,1970,555,1410,1380,380,665,4470,2170,2300,275,335,750,415,2560,5155,2595,1465,3020,1555,20
5350351.01,CT,Toronto,0.97486,5497,2130,2051,4685,2240,2450,2080,570,1515,1430,325,735,4690,2240,2450,330,450,910,455,2615,5390,2775,1590,3325,1735,10
5350351.02,CT,Toronto,0.56565,2756,1116,1088,2245,1060,1185,1060,265,790,750,205,285,2245,1060,1185,230,230,410,180,1230,2535,1305,660,1415,755,10
5350352.00,CT,Toronto,1.12712,5309,1945,1892,4355,2045,2310,1895,495,1395,1345,295,695,4355,2050,2305,280,355,725,365,2370,4930,2560,1500,3160,1660,15
5350353.02,CT,Toronto,1.21341,5305,1697,1649,4300,2040,2250,1690,325,1365,1345,300,705,4300,2045,2255,270,210,520,305,2450,5025,2570,1580,3240,1665,0
5350353.03,CT,Toronto,0.40919,3107,1100,1075,2590,1190,1400,1075,235,840,830,145,445,2585,1190,1395,190,135,335,190,1370,2850,1480,990,2045,1055,0
5350353.04,CT,Toronto,0.62956,4509,1650,1590,3490,1600,1890,1565,360,1205,1175,210,605,3490,1600,1885,320,230,495,255,1985,4305,2315,1215,2815,1600,10
5350354.00,CT,Toronto,1.33283,5403,1826,1695,4460,2220,2240,1650,275,1375,1325,290,735,4465,2225,2240,240,235,525,290,2555,5060,2505,1425,2835,1410,25
5350355.02,CT,Toronto,1.105,5214,1980,1919,4415,2015,2400,1920,460,1460,1425,340,670,4415,2020,2400,350,285,610,325,2400,5100,2695,1280,2750,1470,0
5350355.04,CT,Toronto,0.577,5270,1810,1776,4025,1790,2230,1805,390,1415,1355,250,640,4030,1795,2235,410,255,595,340,2240,4825,2585,1330,2840,1500,0
5350355.05,CT,Toronto,0.31432,3033,1056,993,2350,1130,1220,1015,220,795,740,130,340,2350,1135,1220,250,270,445,175,1495,2960,1465,695,1440,745,0
5350355.06,CT,Toronto,0.1923,1643,603,559,1200,565,635,530,115,415,400,20,150,1205,570,635,205,105,180,70,755,1525,765,375,755,380,0
5350356.00,CT,Toronto,1.55598,4833,1633,1555,3890,1895,1995,1575,330,1250,1230,305,660,3890,1895,1995,225,250,490,240,2185,4505,2320,1110,2325,1210,15
5350357.01,CT,Toronto,1.05106,7123,2490,2404,5360,2520,2845,2380,745,1640,1560,285,840,5360,2515,2845,380,420,975,555,3095,6300,3205,2375,4900,2525,0
5350357.02,CT,Toronto,1.10589,4940,1774,1693,3860,1725,2135,1715,320,1395,1350,225,535,3860,1725,2135,540,295,545,250,2365,5015,2655,1210,2420,1215,0
5350358.01,CT,Toronto,1.11013,3397,1180,1129,2820,1340,1480,1145,220,925,915,225,410,2820,1335,1485,235,170,370,205,1595,3320,1730,620,1315,695,10
5350358.02,CT,Toronto,0.61791,4732,2021,1955,3910,1770,2145,1910,705,1205,1165,195,510,3915,1765,2145,420,365,830,465,2170,4715,2550,850,1800,950,0
5350358.03,CT,Toronto,1.09741,5598,2304,2217,4605,2235,2370,2250,905,1345,1315,320,555,4600,2230,2370,410,605,1095,495,2665,5305,2640,1145,2385,1240,10
5350359.00,CT,Toronto,2.23634,7558,2773,2687,6025,2775,3255,2685,670,2015,1935,295,825,6025,2770,3255,725,445,1005,555,3390,7125,3735,1615,3355,1740,0
5350360.00,CT,Toronto,4.55616,6107,2040,1998,5035,2430,2605,1995,290,1705,1665,440,840,5035,2430,2605,315,255,480,225,2860,5895,3035,1125,2355,1225,10
5350361.01,CT,Toronto,2.95729,5804,1963,1928,4955,2425,2530,1930,240,1690,1670,540,890,4955,2425,2535,220,165,370,205,2815,5715,2900,880,1905,1025,0
5350361.02,CT,Toronto,2.46272,7558,2476,2451,6230,2920,3310,2455,265,2190,2170,580,1195,6235,2925,3310,340,160,395,230,3600,7440,3840,1365,2900,1535,0
5350362.01,CT,Toronto,2.52879,6300,2153,2083,5215,2455,2760,2070,395,1675,1660,375,850,5215,2455,2755,380,235,525,290,2895,6035,3135,1265,2645,1380,0
5350362.02,CT,Toronto,1.94349,5628,1731,1626,4875,2445,2425,1625,200,1430,1410,310,890,4870,2450,2425,160,190,305,115,2745,5505,2750,1440,2930,1495,15
5350362.03,CT,Toronto,3.30258,6866,2176,2074,6060,2990,3065,2075,225,1850,1800,440,1065,6055,2990,3070,225,345,555,210,3330,6685,3360,1805,3610,1805,10
5350362.04,CT,Toronto,1.35308,5019,1796,1756,4220,1970,2250,1770,455,1310,1275,290,645,4225,1970,2255,310,255,640,380,2330,4830,2505,870,1860,990,0
5350363.02,CT,Toronto,1.19757,3253,1115,1106,2770,1330,1440,1105,205,910,875,230,440,2770,1335,1435,175,120,305,185,1515,3135,1620,585,1260,670,0
5350363.04,CT,Toronto,1.12713,3668,1119,1106,3125,1495,1630,1075,120,955,945,175,575,3125,1495,1630,165,125,250,120,1805,3695,1885,1040,2105,1065,0
5350363.05,CT,Toronto,0.50329,4538,1776,1694,3575,1705,1865,1725,455,1265,1150,165,475,3570,1705,1870,475,485,810,325,2110,4310,2200,1250,2500,1245,0
5350363.06,CT,Toronto,0.82891,7307,3439,3326,6240,2930,3315,3330,1070,2255,2105,695,790,6245,2930,3315,490,705,1485,785,3190,6680,3490,2470,5340,2880,0
5350363.07,CT,Toronto,2.27654,5338,1971,1925,4290,2090,2200,1925,595,1330,1250,230,695,4290,2090,2200,285,545,990,440,2515,5015,2500,2035,4045,2010,0
5350364.01,CT,Toronto,2.90673,5996,2034,1973,4810,2340,2475,1975,415,1560,1510,385,785,4815,2340,2470,270,360,660,300,2755,5595,2845,1475,2920,1450,10
5350364.02,CT,Toronto,0.74379,3053,1004,957,2495,1205,1285,970,170,805,760,210,380,2490,1210,1280,130,190,345,150,1400,2895,1490,700,1495,790,0
5350365.00,CT,Toronto,1.5674,6497,2028,1946,5400,2690,2710,1930,260,1665,1620,300,970,5400,2690,2705,275,315,595,285,3130,6230,3100,2145,4135,1990,0
5350366.00,CT,Toronto,1.44064,6136,2143,2069,5085,2420,2670,2050,390,1655,1620,315,850,5085,2420,2670,390,245,610,360,2910,5990,3080,1655,3435,1780,10
5350367.01,CT,Toronto,0.71324,4710,1398,1375,3700,1865,1840,1365,165,1200,1150,155,715,3705,1865,1840,210,315,440,125,2260,4340,2085,1855,3560,1705,0
5350367.02,CT,Toronto,1.03068,3548,1218,1186,3075,1540,1535,1195,190,1005,960,270,490,3075,1540,1540,160,210,410,195,1740,3470,1725,995,1985,995,20
5350368.01,CT,Toronto,0.88847,6843,3786,3582,6245,2825,3420,3565,1445,2120,1795,805,580,6245,2820,3420,300,955,2220,1265,2930,6385,3455,2270,5175,2900,10
5350368.02,CT,Toronto,1.57328,4315,1464,1399,3320,1620,1695,1410,390,1025,1020,315,460,3315,1620,1695,200,275,560,280,1780,3565,1785,1145,2315,1170,0
5350369.00,CT,Toronto,2.4665,8094,2520,2441,6305,3055,3245,2440,380,2065,2010,410,1160,6300,3055,3245,365,315,540,230,3825,7520,3695,2465,4985,2520,10
5350370.01,CT,Toronto,1.76665,9977,3792,3725,7940,3575,4365,3725,1010,2710,2650,615,1320,7945,3575,4370,610,485,1280,790,4295,9190,4895,3200,6905,3705,10
5350370.02,CT,Toronto,2.27382,5580,1849,1803,4470,2095,2375,1810,320,1490,1455,285,845,4465,2095,2375,255,230,520,290,2450,5055,2610,1710,3575,1865,20
5350370.03,CT,Toronto,0.85723,4137,1409,1357,3360,1640,1725,1350,280,1070,1025,205,535,3360,1640,1720,245,280,530,245,1940,3965,2025,1075,2265,1195,10
5350371.00,CT,Toronto,3.71523,7626,2691,2570,6235,3065,3175,2570,550,2020,1960,485,990,6240,3065,3170,350,425,790,360,3530,7040,3515,2085,4205,2120,20
5350372.00,CT,Toronto,1.33184,4346,1504,1440,3835,1900,1935,1455,240,1215,1185,295,655,3835,1895,1930,175,160,375,220,2150,4265,2115,1345,2735,1395,0
5350373.00,CT,Toronto,0.96069,4806,1869,1801,3970,1920,2050,1785,465,1320,1250,310,575,3965,1920,2050,305,420,750,335,2210,4480,2270,1340,2705,1360,15
5350374.01,CT,Toronto,1.18795,4848,1717,1656,4095,1945,2150,1660,295,1365,1335,300,730,4100,1945,2155,240,200,465,265,2140,4420,2275,1565,3250,1680,15
5350374.02,CT,Toronto,0.80225,3215,1084,1053,2760,1310,1450,1045,140,905,895,305,430,2760,1310,1445,140,100,275,175,1365,2790,1425,1045,2205,1160,10
5350374.03,CT,Toronto,0.80821,4184,1718,1655,3785,1790,1995,1660,515,1145,1085,265,520,3785,1790,2000,275,315,820,510,1875,3770,1900,1315,2940,1625,0
5350375.01,CT,Toronto,0.95309,6324,2817,2733,5450,2380,3070,2765,990,1775,1720,530,675,5450,2380,3070,440,420,1225,810,2400,5310,2910,1945,4360,2415,15
5350375.02,CT,Toronto,0.61463,1959,702,694,1715,755,960,695,145,550,540,140,310,1710,760,960,80,50,195,145,920,1955,1040,570,1160,590,0
5350375.03,CT,Toronto,0.81361,5318,1917,1866,4335,2065,2265,1865,390,1475,1410,315,660,4335,2070,2265,370,290,645,350,2305,4735,2435,1745,3600,1855,0
5350375.04,CT,Toronto,0.92428,5300,1667,1633,4610,2215,2395,1660,205,1460,1430,295,775,4610,2210,2395,260,260,515,250,2290,4615,2325,1895,3950,2050,0
5350375.05,CT,Toronto,1.13069,7208,2484,2449,5890,2750,3145,2420,475,1945,1930,455,1075,5890,2745,3145,335,270,650,380,3085,6435,3345,2180,4565,2385,10
5350376.01,CT,Toronto,1.04665,5094,1697,1584,4225,1925,2295,1555,210,1345,1330,255,630,4225,1925,2300,380,190,435,245,1950,4175,2225,1715,3725,2010,10
5350376.02,CT,Toronto,0.8583,5176,1656,1614,4310,2110,2200,1605,205,1400,1350,295,725,4310,2115,2200,275,295,565,275,2170,4215,2050,2055,4180,2125,15
5350376.04,CT,Toronto,1.19406,5460,1866,1804,4310,2040,2275,1790,345,1440,1420,435,695,4315,2040,2275,245,190,550,355,2040,4175,2135,1825,4000,2180,0
5350376.05,CT,Toronto,1.30767,6860,2045,1998,5955,2870,3090,2000,325,1670,1735,530,905,5955,2865,3085,260,435,950,515,2360,4795,2435,3000,6250,3255,10
5350376.06,CT,Toronto,2.19192,484,229,219,375,140,240,245,135,110,110,85,0,375,135,240,20,25,135,110,95,225,125,140,375,240,0
5350376.08,CT,Toronto,0.87879,6157,2176,2123,5365,2465,2895,2130,405,1730,1695,440,855,5365,2470,2895,315,225,635,410,2345,5160,2810,2230,4775,2540,15
5350376.09,CT,Toronto,0.80105,4638,1644,1602,4215,1980,2235,1615,240,1375,1360,380,670,4215,1980,2235,215,215,470,255,1810,3640,1825,2025,4300,2275,10
5350376.11,CT,Toronto,0.47044,3416,1067,1014,2870,1355,1515,1045,160,885,870,145,395,2865,1350,1515,280,185,315,130,1505,2980,1475,1190,2385,1200,10
5350376.12,CT,Toronto,0.91215,5318,1922,1887,4670,2140,2530,1855,345,1515,1505,405,800,4670,2140,2530,220,185,515,330,2190,4730,2540,1855,3990,2135,10
5350376.13,CT,Toronto,0.51098,3902,1386,1362,3465,1585,1880,1385,285,1105,1105,335,550,3465,1585,1880,175,135,415,280,1475,3030,1555,1570,3350,1780,0
5350376.14,CT,Toronto,0.7362,3763,1091,1053,3175,1525,1655,1030,40,985,1015,235,580,3175,1520,1655,165,145,300,155,1485,3010,1525,1535,3205,1675,0
5350376.15,CT,Toronto,0.92289,3696,1574,1518,3395,1515,1880,1505,325,1180,1170,485,415,3395,1520,1880,185,130,420,285,1440,3105,1660,1355,3080,1720,0
5350376.16,CT,Toronto,0.27148,4226,1672,1621,3055,1335,1715,1635,620,1015,985,245,495,3055,1340,1715,180,285,740,450,1595,3530,1940,1215,2610,1395,10
5350377.01,CT,Toronto,2.06027,8996,3752,3574,7890,3900,3990,3595,975,2620,2465,750,1155,7895,3900,3995,435,905,1640,735,3940,7835,3895,3515,7100,3590,25
5350377.02,CT,Toronto,1.90596,4405,1493,1407,3855,1805,2055,1385,200,1185,1185,280,645,3855,1805,2055,210,160,365,205,1695,3530,1840,1475,3210,1730,10
5350377.03,CT,Toronto,0.65012,2815,892,868,2420,1220,1200,880,105,780,765,190,405,2420,1220,1200,120,145,295,155,1185,2315,1130,1020,2065,1045,10
5350377.04,CT,Toronto,0.88332,5939,1746,1682,5125,2445,2680,1670,130,1535,1565,340,890,5125,2445,2680,275,245,450,205,2125,4410,2290,2350,4945,2595,20
5350377.06,CT,Toronto,0.51169,3809,1001,980,3150,1530,1620,965,75,895,915,165,535,3155,1530,1620,150,230,410,180,1185,2385,1200,1660,3335,1675,0
5350377.07,CT,Toronto,0.76461,4857,1321,1282,4015,1950,2070,1270,100,1165,1205,280,685,4015,1945,2070,200,275,495,210,1710,3450,1740,1875,3915,2040,20
5350378.02,CT,Toronto,1.05954,3257,979,929,2800,1455,1345,910,100,810,750,170,465,2800,1455,1345,80,315,475,160,1535,2800,1265,1390,2630,1240,0
5350378.03,CT,Toronto,2.20691,7363,2503,2434,6275,2945,3330,2430,405,2030,1975,370,985,6275,2945,3330,490,400,715,320,3375,6985,3605,1940,4020,2080,10
5350378.04,CT,Toronto,1.27906,6148,1826,1753,4795,2275,2520,1770,275,1490,1460,255,850,4795,2270,2520,285,210,455,240,2715,5555,2835,2000,4090,2090,10
5350378.05,CT,Toronto,0.72757,3907,1235,1201,3160,1375,1785,1210,170,1040,1015,135,540,3165,1375,1785,305,125,255,130,1715,3805,2095,720,1670,950,0
5350378.06,CT,Toronto,1.7906,6063,1754,1671,4910,2370,2545,1670,165,1505,1495,175,905,4910,2365,2540,380,235,355,125,2770,5665,2895,1895,3910,2020,10
5350378.07,CT,Toronto,2.80032,7099,2311,2226,5855,2780,3075,2245,340,1905,1855,390,985,5850,2780,3075,400,270,620,355,2830,5975,3140,2440,5080,2640,0
5350378.08,CT,Toronto,0.88574,6263,1997,1953,5500,2560,2940,1965,265,1705,1695,345,950,5500,2560,2945,315,210,505,290,2525,5255,2730,2345,4910,2560,10
5350378.11,CT,Toronto,0.96337,5693,1748,1713,4750,2395,2355,1695,245,1455,1415,180,860,4750,2395,2355,305,305,490,185,2835,5545,2705,1895,3780,1880,0
5350378.12,CT,Toronto,0.78391,5181,1904,1828,4200,1920,2280,1815,440,1375,1340,255,595,4200,1920,2285,445,300,580,275,2325,4985,2660,1135,2400,1265,10
5350378.14,CT,Toronto,0.92913,3892,1184,1168,3245,1575,1665,1170,110,1060,1045,155,645,3245,1580,1665,195,140,270,130,1645,3345,1705,1475,3135,1655,10
5350378.16,CT,Toronto,0.63484,6103,2005,1923,5090,2430,2660,1915,330,1585,1560,320,900,5090,2435,2660,255,220,485,260,2815,5770,2950,1865,3820,1955,10
5350378.17,CT,Toronto,0.47397,3336,961,903,2695,1250,1440,910,85,825,810,70,515,2690,1250,1445,200,80,165,85,1590,3330,1745,725,1585,850,10
5350378.18,CT,Toronto,0.09093,2765,1114,1100,2210,970,1245,1070,285,790,770,215,285,2215,970,1245,235,130,365,235,965,1995,1025,955,2110,1160,0
5350378.19,CT,Toronto,4.51592,5162,1438,1411,4480,2150,2330,1430,95,1340,1370,255,840,4480,2150,2330,195,145,295,145,2040,4085,2040,2125,4330,2205,10
5350378.20,CT,Toronto,0.10951,2093,775,769,1850,850,995,780,135,645,630,170,305,1850,855,995,120,105,205,100,725,1495,770,835,1870,1030,0
5350378.21,CT,Toronto,0.70181,3948,1056,1043,3380,1675,1705,1050,65,990,1030,195,635,3385,1680,1705,160,200,330,130,1645,3155,1510,1615,3215,1595,0
5350378.22,CT,Toronto,0.53214,3454,891,877,2910,1395,1515,865,35,835,895,235,470,2910,1395,1515,155,135,295,160,1180,2340,1165,1465,3020,1555,10
5350378.23,CT,Toronto,1.53025,4095,1334,1302,3620,1695,1920,1305,205,1100,1105,335,530,3620,1700,1925,195,190,460,265,1585,3185,1600,1495,3215,1725,10
5350378.24,CT,Toronto,2.52877,6109,2218,2147,5085,2340,2740,2130,545,1590,1590,430,820,5085,2340,2740,230,240,680,435,2100,4420,2325,2290,4930,2645,10
5350378.25,CT,Toronto,4.76673,7931,1885,1858,6310,3060,3255,1865,55,1805,1815,180,1375,6310,3055,3255,200,145,240,95,3710,7415,3705,2925,6020,3100,10
5350378.26,CT,Toronto,1.66052,4761,1165,1144,3885,1910,1975,1135,45,1095,1080,90,850,3890,1915,1975,90,50,100,50,2280,4545,2270,1750,3630,1885,10
5350378.27,CT,Toronto,20.2249,5806,1556,1530,4620,2185,2435,1530,135,1400,1390,130,1000,4620,2185,2440,210,160,310,155,2705,5575,2870,1845,3880,2035,0
5350378.28,CT,Toronto,2.25257,7175,2041,1925,6020,2910,3110,1925,170,1755,1760,230,1070,6020,2915,3105,380,150,360,210,3380,6940,3560,1830,3645,1815,0
5350802.01,CT,Toronto,2.216,3829,1290,1267,3095,1505,1590,1255,140,1115,1110,305,640,3095,1505,1590,155,65,180,115,1845,3705,1860,645,1430,790,0
5350802.02,CT,Toronto,2.44031,5675,1844,1826,4750,2320,2430,1840,225,1610,1590,450,930,4755,2325,2430,170,155,330,170,2725,5560,2830,805,1825,1020,0
